0x0-fireplace-hd	Горящий камин | Ланет HOME | Lanet Home | Камин	https://iptvx.one/picons/kamin.png
1-2	1+2 | 1+2 HD	https://iptvx.one/picons/1-2.png
10-rentv	10 канал / РенТВ Саранск	https://iptvx.one/picons/10-rentv.png
10kanal-novokuzneck	Десятка (Новокузнецк) | Десятка | 10 канал (Новокузнецк)	https://iptvx.one/picons/10kanal-novokuzneck.png
11kanal	11 канал Днепр | 11 канал (Днепр)	https://iptvx.one/picons/11kanal.png
11kanal-usole	11 канал (Усолье) | Феникс | Феникс (Усолье-Сибирское) | Феникс (Усолье)	https://iptvx.one/picons/11kanal-usole.png
12-omsk	12 канал Омск | 12 канал (Омск)	https://iptvx.one/picons/12-omsk.png
13-strt	13th Street HD | 13th Street	https://iptvx.one/picons/13-strt.png
13ulica-pl	13 Ulica [PL]	https://iptvx.one/picons/13ulica-pl.png
192tv	192TV	https://iptvx.one/picons/192tv.png
192tv-60s	192TV 60s	https://iptvx.one/picons/192tv-60s.png
192tv-70s	192TV 70s	https://iptvx.one/picons/192tv-70s.png
192tv-80s	192TV 80s	https://iptvx.one/picons/192tv-80s.png
1auto	Перший автомобільний | Первый автомобильный | 1 автомобильный | 1 авто	https://iptvx.one/picons/1auto.png
1hd	1HD Music | 1HD Music Television	https://iptvx.one/picons/1hd-music.png
1obl-blagoveschensk	Первый областной (Благовещенск) | Амурское областное телевидение	https://iptvx.one/picons/1obl-blagoveschensk.png
1plus1	1+1 | 1+1 HD | 1+1 Марафон | 1+1 Марафон HD	https://iptvx.one/picons/1plus1.png
1plus1-int	1+1 International | 1+1 Int | 1+1 International HD | 1+1 Международный | 1+1 Международный HD	https://iptvx.one/picons/1plus1-int.png
1plus1-ukraina	1+1 Україна | 1+1 Україна HD	https://iptvx.one/picons/1plus1-ukraina.png
2-kanal-mogilev	ТВ2 (Могилёв) | ТВ2 Могилев | 2 канал Могилев | 2 канал Могилёв	https://iptvx.one/picons/2-kanal-mogilev.png
24news-ua	24 [UA] | 24 Канал | Телеканал новостей 24 | 24 Украина HD | 24 новости | 24 новини | 24 новости HD | 24 новини HD	https://iptvx.one/picons/24news-ua.png
25-region-vladik	25 регион (Владивосток)	https://iptvx.one/picons/25-region-vladik.png
26-region	26 регион	https://iptvx.one/picons/26-region.png
2na2	2x2 | 2x2 HD	https://iptvx.one/picons/2na2.png
2na2-pl2	2x2 (+2) | 2x2 HD (+2)	https://iptvx.one/picons/2na2-pl2.png
2na2-pl4	2x2 (+4) | 2x2 HD (+4)	https://iptvx.one/picons/2na2-pl4.png
2na2-pl7	2x2 (+7) | 2x2 HD (+7)	https://iptvx.one/picons/2na2-pl7.png
2plus2	2+2 | 2+2 HD	https://iptvx.one/picons/2plus2.png
3-plus-ee	TV3 Gold [EE] | 3+ [EE]	https://iptvx.one/picons/3-plus-ee.png
3-plus-latvia	3+ [LV]	https://iptvx.one/picons/3-plus-latvia.png
31-kanal-chelyabinsk	31 канал (Челябинск) | 31 канал	https://iptvx.one/picons/31-kanal-chelyabinsk.png
31-kanal-kz	31 канал (Казахстан) | 31 канал [KZ]	https://iptvx.one/picons/31-kanal-kz.png
312-kino	312 Кино | 312 Кино HD	https://iptvx.one/picons/312-kino.png
312-music	312 Музыка | 312 Музыка HD	https://iptvx.one/picons/312-music.png
312-serial	312 Сериал | 312 Сериал HD	https://iptvx.one/picons/312-serial.png
36-6-tv	36,6 TV | 36.6 TV | 36,6 HD | 36.6 HD	https://iptvx.one/picons/36-6-tv.png
360-int	360° International | 360° Международный	https://iptvx.one/picons/360-int.png
360-lv	360TV [LV] | 360 (Латвия) | 360 [LV] | 360TV (Латвия)	https://iptvx.one/picons/360-lv.png
360-news	360° Новости | 360 Новости	https://iptvx.one/picons/360-news.png
360-podmoskovie	360° Подмосковье | Телеканал 360 | 360° Подмосковье HD | 360 Подмосковье | 360 Подмосковье HD | Подмосковье | 360 | 360 HD	https://iptvx.one/picons/360-podmoskovie.png
360-tunebox	360TuneBox | 360 TuneBox	https://iptvx.one/picons/360-tunebox.png
365-dnej	365 дней ТВ | 365 дней | 365 дней HD | 365 дней ТВ HD	https://iptvx.one/picons/365-dnej.png
41region	41 регион (Петропавловск-Камчатский) | 41 регион	https://iptvx.one/picons/41region.png
43-tuapse	43 канал (Туапсе)	https://iptvx.one/picons/43-tuapse.png
49kanal	49 канал | 49 канал Новосибирск	https://iptvx.one/picons/49kanal.png
4ever-cinema	4ever Cinema | 4ever Cinema HD	https://iptvx.one/picons/4ever-cinema.png
4ever-drama	4ever Drama | 4ever Drama HD	https://iptvx.one/picons/4ever-drama.png
4ever-music	4ever Music | 4ever Music HD	https://iptvx.one/picons/4ever-music.png
4ever-theater	4ever Theater | 4ever Theater HD	https://iptvx.one/picons/4ever-theater.png
4fun	4fun | 4fun.TV | 4fun.TV HD	https://iptvx.one/picons/4fun.png
4fun-dance	4fun Fit&Dance | 4fun Dance	https://iptvx.one/picons/4fun-dance.png
4fun-gold	4fun Kids | 4fun Gold | 4fun Gold Hits | 4fun Hits	https://iptvx.one/picons/4fun-kids.png
4k-ruskino	4K Русское кино | 4К Русское кино | VHS-ка Русское кино HD | VHS-ка Русское кино 4K	https://iptvx.one/picons/4k-ruskino.png
4kanal-piatnica	4 канал (Екатеринбург) | 4 канал + Пятница	https://iptvx.one/picons/4kanal-piatnica.png
5-am	5 TV [AM] | 5 TV (Армения)	https://iptvx.one/picons/5-am.png
5-taganrog	5 канал (Таганрог)	https://iptvx.one/picons/5-taganrog.png
51kanal	UA:Дніпро | UA: Дніпро | Суспільне Дніпро | 51 канал Днепр	https://iptvx.one/picons/ua-dnipro.png
5kanal-karaganda	5 канал [KZ] | 5 канал (Караганда)	https://iptvx.one/picons/5kanal-karaganda.png
5kanal-ru	Пятый канал | 5 канал Россия	https://iptvx.one/picons/5kanal-ru.png
5kanal-ru-pl2	Пятый канал +2 | 5 канал Россия +2	https://iptvx.one/picons/5kanal-ru-pl2.png
5kanal-ru-pl4	Пятый канал +4 | 5 канал Россия +4	https://iptvx.one/picons/5kanal-ru-pl4.png
5kanal-ru-pl7	Пятый канал +7 | 5 канал Россия +7	https://iptvx.one/picons/5kanal-ru-pl7.png
5kanal-ua	5 канал [UA] | 5 канал (Україна) | 5 канал (Украина) | 5 канал | 5 канал (Украина) HD | 5 канал (Україна) HD | 5 канал HD	https://iptvx.one/picons/5kanal-ua.png
5sport-gold-il	5Sport Gold | 5Sport Gold HD	https://iptvx.one/picons/5sport-gold-il.png
5sport-live-il	5Sport Live | 5Sport Live HD	https://iptvx.one/picons/5sport-live-il.png
5sport-plus-il	5Sport Plus | 5Sport Plus HD	https://iptvx.one/picons/5sport-plus-il.png
5sport-stars-il	5Sport Stars | 5Sport Stars HD	https://iptvx.one/picons/5sport-stars-il.png
6kanal-vlad	6 канал (Владимир)	https://iptvx.one/picons/6kanal-vlad.png
6sotok	6 соток | 6 соток HD	https://iptvx.one/picons/6sotok.png
6tv	6 ТВ | 6ТВ	https://iptvx.one/picons/6tv.png
7-nefteyugansk	7 канал (Нефтеюганск)	https://iptvx.one/picons/7-nefteyugansk.png
77tv-kz	77TV	https://iptvx.one/picons/77tv-kz.png
78kanal	78 | LifeNews 78 | Канал 78	https://iptvx.one/picons/78.png
7d7	Just TV | 7D7	https://iptvx.one/picons/7d7.png
7kanal-krasnoyarsk	7 канал (Красноярск)	https://iptvx.one/picons/7kanal-krasnoyarsk.png
7kanal-kz	7 канал (Казахстан) | 7 канал [KZ]	https://iptvx.one/picons/7kanal-kz.png
7tv	7ТВ | 7 ТВ	https://iptvx.one/picons/7tv.png
86-surgut	86 Сургут | Сургут 86 | Телеканал 86 | Телеканал 86 Сургут	https://iptvx.one/picons/86-surgut.png
8kanal-by	8 канал [BY] | 8 канал HD Беларусь | ВосьМой | ВосьМой HD | 8 канал Беларусь	https://iptvx.one/picons/8by.png
8kanal-eu	8 канал International | 8 канал Международный | 8 канал Int | 8 канал Европа	https://iptvx.one/picons/8kanal-eu.png
8kanal-krasnoyarsk	8 канал (Красноярский край)	https://iptvx.one/picons/8kanal-krasnoyarsk.png
8kanal-novosibirsk	8 канал (Новосибирск)	https://iptvx.one/picons/8kanal-novosibirsk.png
8kanal-ru	8 канал | 8 канал (Триколор) | 8 канал (Россия)	https://iptvx.one/picons/8kanal-ru.png
8tv-lv	8TV [LV] | 8TV (Латвия)	https://iptvx.one/picons/8tv-lv.png
8vladik	8 канал (Владивосток)	https://iptvx.one/picons/8vladik.png
9kanal-israel	9 канал [IL] | 9 канал (Израиль)	https://iptvx.one/picons/9kanal-israel.png
a-haber-tr	A Haber HD | A Haber | A Haber [TR]	https://iptvx.one/picons/a-haber-tr.png
a-news-tr	A News HD | A News | A News [TR]	https://iptvx.one/picons/a-news-tr.png
a-para-tr	A Para HD | A Para | A Para [TR]	https://iptvx.one/picons/a-para-tr.png
a-plus-k	Адриана+Кристиан | А+К	https://iptvx.one/picons/a-plus-k.png
a-spor-tr	A Spor HD | A Spor | A Spor [TR]	https://iptvx.one/picons/a-spor-tr.png
a2-tr	A2 HD [TR] | A2 [TR]	https://iptvx.one/picons/a2-tr.png
a3	А3	https://iptvx.one/picons/a3.png
abaitv	Abai TV	https://iptvx.one/picons/abaitv.png
abakan24	Абакан 24	https://iptvx.one/picons/abakan24.png
abc-news-live-us	ABC News Live [US]	https://iptvx.one/picons/abc-news-live-us.png
acc-network-us	ACC Network [US]	https://iptvx.one/picons/acc-network-us.png
achinskoetv	Ачинское телевидение	https://iptvx.one/picons/achinskoetv.png
active-family-pl	Active Family [PL] | Active Family HD [PL]	https://iptvx.one/picons/active-family-pl.png
adult-channel	Adult Channel | The Adult Channel	https://iptvx.one/picons/adult-channel.png
adventure-in-90-c	Adventure in 90's	https://iptvx.one/picons/adventure-in-90-c.png
adventure-pl	Adventure [PL]	https://iptvx.one/picons/adventure-pl.png
afontovo-kr	Афонтово Красноярск	https://iptvx.one/picons/afontovo-kr.png
agro-tv-md	Agro TV [MD]	https://iptvx.one/picons/agro-tv-md.png
aifak-kz	Айғак | Айғақ	https://iptvx.one/picons/aifak-kz.png
aist	Аист	https://iptvx.one/picons/aist.png
aiva	AIVA | AIVA HD	https://iptvx.one/picons/aiva.png
ajara-tv	Ajara TV	https://iptvx.one/picons/ajara-tv.png
aktis	Актис	https://iptvx.one/picons/aktis.png
aktis24	Актис 24 (Ангарск)	https://iptvx.one/picons/aktis24.png
akwatv	Аква ТВ	https://iptvx.one/picons/akwatv.png
al-jazeera-int	Al Jazeera International	https://iptvx.one/picons/al-jazeera-int.png
alautv	Алау | Алау ТВ	https://iptvx.one/picons/alautv.png
ale-kino-plus	Ale Kino+ HD | Ale Kino+	https://iptvx.one/picons/ale-kino-plus.png
almaty	Алматы | Almaty TV	https://iptvx.one/picons/almaty.png
almazny-kray	Алмазный край	https://iptvx.one/picons/almazny-kray.png
alo-ee	ALO-TV [EE]	https://iptvx.one/picons/alo-ee.png
altai-kz	Altai	https://iptvx.one/picons/altai-kz.png
amc	AMC	https://iptvx.one/picons/amc.png
amc-pl	AMC [PL]	https://iptvx.one/picons/amc-pl.png
amedia-hit	A HOME OF HBO 1 | Amedia Hit | Amedia Hit HD | A HOME OF HBO 1 HD | A Classic	https://iptvx.one/picons/amedia-hit.png
amedia-premium	A HOME OF HBO 2 | Amedia Premium | Amedia Premium HD | A HOME OF HBO 2 HD | A Premier	https://iptvx.one/picons/amedia-premium.png
amedia1	А1 | A1 | А1 HD | A1 HD | Amedia 1 HD | Amedia 1 | A First International	https://iptvx.one/picons/amedia1.png
amedia2	А2 | A2 | А2 HD | A2 HD | Amedia 2 HD | Amedia 2	https://iptvx.one/picons/amedia2.png
anekdottv	Анекдот ТВ	https://iptvx.one/picons/anekdottv.png
angel-tv	Angel TV	https://iptvx.one/picons/angel-tv.png
ani	Ani	https://iptvx.one/picons/ani.png
animal-planet-eu	Animal Planet HD | Animal Planet | Animal Planet Europe	https://iptvx.one/picons/animal-planet-eu.png
animal-planet-pl	Animal Planet [PL] | Animal Planet HD [PL]	https://iptvx.one/picons/animal-planet-pl.png
animaux	Animaux	https://iptvx.one/picons/animaux.png
animekids	Funny Kids | Anime KIDS	https://iptvx.one/picons/animekids.png
animetv	Anime TV	https://iptvx.one/picons/animetv.png
antena1hd-ro	Antena 1 RO | Antena 1 HD RO	https://iptvx.one/picons/antena1hd-ro.png
anzherskoetv	Анжерское ТВ	https://iptvx.one/picons/anzherskoetv.png
apostrof	Апостроф TV | Апостроф ТВ | Апостроф	https://iptvx.one/picons/apostrof.png
appetitny	Аппетитный	https://iptvx.one/picons/appetitny.png
aqjaiyq	AQJAIYQ	https://iptvx.one/picons/aqjaiyq.png
aqtobe	AQTOBE	https://iptvx.one/picons/aqtobe.png
aquaruim4k	Aquarium 4K | Aquarium UHD | Aquarium UltraHD	https://iptvx.one/picons/aquaruim4k.png
arena-adrenalin-rs	Arena Adrenalin [RS]	https://iptvx.one/picons/arena-adrenalin-rs.png
arena-esport-rs	Arena Esport [RS]	https://iptvx.one/picons/arena-esport-rs.png
arena-fight	Arena Fight HD | Arena Fight	https://iptvx.one/picons/arena-fight.png
arena-premium-1	Arena Premium 1 [RS] | Arena Premium 1 HD [RS]	https://iptvx.one/picons/arena-premium-1.png
arena-premium-2	Arena Premium 2 [RS] | Arena Premium 2 HD [RS]	https://iptvx.one/picons/arena-premium-2.png
arena-premium-3	Arena Premium 3 [RS] | Arena Premium 3 HD [RS]	https://iptvx.one/picons/arena-premium-3.png
arena-premium-4-rs	Arena Premium 4 [RS]	https://iptvx.one/picons/arena-premium-4-rs.png
arena-premium-5-rs	Arena Premium 5 [RS]	https://iptvx.one/picons/arena-premium-5-rs.png
arena-sport-1	Arena Sport 1 HD [RS] | Arena Sport 1 [RS]	https://iptvx.one/picons/arena-sport-1.png
arena-sport-1-hr	Arena Sport 1 [HR]	https://iptvx.one/picons/arena-sport-1-hr.png
arena-sport-1-sk	Arena Sport 1 [SK]	https://iptvx.one/picons/arena-sport-1-sk.png
arena-sport-1-slo	Arena Sport 1 [SI] | Arena Sport 1 HD [SI]	https://iptvx.one/picons/arena-sport-1-slo.png
arena-sport-10-hr	Arena Sport 10 [HR]	https://iptvx.one/picons/arena-sport-10-hr.png
arena-sport-10-rs	Arena Sport 10 [RS]	https://iptvx.one/picons/arena-sport-10-rs.png
arena-sport-1x2-rs	Arena Sport 1x2 [RS]	https://iptvx.one/picons/arena-sport-1x2-rs.png
arena-sport-2	Arena Sport 2 HD [RS] | Arena Sport 2 [RS]	https://iptvx.one/picons/arena-sport-2.png
arena-sport-2-hr	Arena Sport 2 [HR]	https://iptvx.one/picons/arena-sport-2-hr.png
arena-sport-2-sk	Arena Sport 2 [SK]	https://iptvx.one/picons/arena-sport-2-sk.png
arena-sport-2-slo	Arena Sport 2 [SI] | Arena Sport 2 HD [SI]	https://iptvx.one/picons/arena-sport-2-slo.png
arena-sport-3	Arena Sport 3 HD [RS] | Arena Sport 3 [RS]	https://iptvx.one/picons/arena-sport-3.png
arena-sport-3-hr	Arena Sport 3 [HR]	https://iptvx.one/picons/arena-sport-3-hr.png
arena-sport-3-slo	Arena Sport 3 [SI] | Arena Sport 3 HD [SI]	https://iptvx.one/picons/arena-sport-3-slo.png
arena-sport-4	Arena Sport 4 HD [RS] | Arena Sport 4 [RS]	https://iptvx.one/picons/arena-sport-4.png
arena-sport-4-hr	Arena Sport 4 [HR]	https://iptvx.one/picons/arena-sport-4-hr.png
arena-sport-4-slo	Arena Sport 4 [SI] | Arena Sport 4 HD [SI]	https://iptvx.one/picons/arena-sport-4-slo.png
arena-sport-5	Arena Sport 5 HD [RS] | Arena Sport 5 [RS]	https://iptvx.one/picons/arena-sport-5.png
arena-sport-5-hr	Arena Sport 5 [HR]	https://iptvx.one/picons/arena-sport-5-hr.png
arena-sport-6	Arena Sport 6 HD [RS] | Arena Sport 6 [RS]	https://iptvx.one/picons/arena-sport-6.png
arena-sport-6-hr	Arena Sport 6 [HR]	https://iptvx.one/picons/arena-sport-6-hr.png
arena-sport-7	Arena Sport 7 HD [RS] | Arena Sport 7 [RS]	https://iptvx.one/picons/arena-sport-7.png
arena-sport-7-hr	Arena Sport 7 [HR]	https://iptvx.one/picons/arena-sport-7-hr.png
arena-sport-8	Arena Sport 8 HD [RS] | Arena Sport 8 [RS]	https://iptvx.one/picons/arena-sport-8.png
arena-sport-8-hr	Arena Sport 8 [HR]	https://iptvx.one/picons/arena-sport-8-hr.png
arena-sport-9-hr	Arena Sport 9 [HR]	https://iptvx.one/picons/arena-sport-9-hr.png
arena-sport-9-rs	Arena Sport 9 [RS]	https://iptvx.one/picons/arena-sport-9-rs.png
arena-tenis-rs	Arena Tenis [RS]	https://iptvx.one/picons/arena-tenis-rs.png
arena4-hu	Arena4 [HU]	https://iptvx.one/picons/arena4-hu.png
arig-us-24	Ариг Ус 24 HD | Ариг Ус 24	https://iptvx.one/picons/arig-us-24.png
arirang	Arirang	https://iptvx.one/picons/arirang.png
aris24	Арис 24	https://iptvx.one/picons/aris24.png
arktik-tv	Арктик-TV	https://iptvx.one/picons/arktik-tv.png
arktika-24	Арктика 24 | Арктика 24 HD	https://iptvx.one/picons/arktika-24.png
armenia-tv	Армения ТВ	https://iptvx.one/picons/armenia-tv.png
armia-tv-ua	Армія ТБ	https://iptvx.one/picons/armia-tv-ua.png
armnews	Armnews [AM] | Armnews (Армения)	https://iptvx.one/picons/armnews.png
arsenaltv	Арсенал ТВ | Арсенал ТВ HD | Арсенал HD | Арсенал	https://iptvx.one/picons/arsenaltv.png
art-tv	Арт | Арт HD	https://iptvx.one/picons/art-tv.png
arte-hd	Arte HD	https://iptvx.one/picons/arte-hd.png
artn-am	ARTN	https://iptvx.one/picons/artn-am.png
arxyz24	Архыз 24 | Архыз-24	https://iptvx.one/picons/arxyz24.png
astana	Астана | Astana	https://iptvx.one/picons/astana.png
astrahan-live	Астрахань Live	https://iptvx.one/picons/astrahan-live.png
astraxan24	Астрахань 24	https://iptvx.one/picons/astraxan24.png
astro-arena-1	Astro Arena 1 HD | Astro Arena HD	https://iptvx.one/picons/astro-arena-1.png
astro-arena-2	Astro Arena 2 HD	https://iptvx.one/picons/astro-arena-2.png
astro-arena-bola-1	Astro Arena Bola 1 | Astro Arena Bola 1 HD	https://iptvx.one/picons/astro-arena-bola-1.png
astro-arena-bola-2	Astro Arena Bola 2 | Astro Arena Bola 2 HD	https://iptvx.one/picons/astro-arena-bola-2.png
astro-badminton	Astro Badminton	https://iptvx.one/picons/astro-badminton.png
astro-sports-plus	Astro Sports Plus | Astro Sports Plus HD	https://iptvx.one/picons/astro-sports-plus.png
astro-supersport-1	Astro Premier League HD | Astro SuperSport 1 HD	https://iptvx.one/picons/astro-supersport-1.png
astro-supersport-2	Astro Premier League 2 HD | Astro SuperSport 2 HD	https://iptvx.one/picons/astro-supersport-2.png
astro-supersport-3	Astro Grandstand HD | Astro SuperSport 3 HD	https://iptvx.one/picons/astro-supersport-3.png
astro-supersport-4	Astro Football HD | Astro SuperSport 4 HD	https://iptvx.one/picons/astro-supersport-4.png
astro-supersport-uhd	Astro Sports UHD	https://iptvx.one/picons/astro-supersport-uhd.png
astvus	АСТВ Южно-Сахалинск	https://iptvx.one/picons/astvus.png
asyl-arna	Асыл Арна | TALIM TV	https://iptvx.one/picons/asyl-arna.png
atameken-business	Atameken Business | Atameken Business Channel	https://iptvx.one/picons/atameken-business.png
atr-ua	ATR | ATR HD	https://iptvx.one/picons/atr-ua.png
atv-armenia	ATV Армения	https://iptvx.one/picons/atv-armenia.png
atv-bazmoc	ATV Bazmoc TV | Բազմոց tv	https://iptvx.one/picons/atv-bazmoc.png
atv-filmzone	ATV Filmzone | ՖՒԼՄԶՈՆ	https://iptvx.one/picons/atv-filmzone.png
atv-hd-tr	ATV HD [TR]	https://iptvx.one/picons/atv-hd-tr.png
atv-kinoman	ATV Kinoman | ԿԻՆՈՄԱՆ	https://iptvx.one/picons/atv-kinoman.png
atv-media	АТВ-Медиа	https://iptvx.one/picons/atv-media.png
atyray	ATYRAY	https://iptvx.one/picons/atyray.png
auto-motor-sport-de	Auto Moto Sport Channel [DE]	https://iptvx.one/picons/auto-motor-sport-de.png
automoto-fr	AutoMoto [FR]	https://iptvx.one/picons/automoto-fr.png
avers	Аверс	https://iptvx.one/picons/avers.png
avto-plus	Авто Плюс | Авто Плюс HD	https://iptvx.one/picons/avto-plus.png
avto24	Авто24 | Авто 24 | Авто24 HD | Авто 24 HD	https://iptvx.one/picons/avto24.png
axn-black-pl	AXN Black [PL] | AXN Black | AXN Black HD	https://iptvx.one/picons/axn-black-pl.png
axn-pl	AXN HD | AXN | AXN PL	https://iptvx.one/picons/axn-pl.png
axn-spin-pl	AXN Spin [PL] | AXN Spin | AXN Spin HD	https://iptvx.one/picons/axn-spin-pl.png
axn-white-pl	AXN White [PL] | AXN White | AXN White HD	https://iptvx.one/picons/axn-white-pl.png
aztv	AzTV	https://iptvx.one/picons/aztv.png
babes-tv	Babes TV | Babes TV HD	https://iptvx.one/picons/babes-tv.png
baby-time	Baby Time	https://iptvx.one/picons/baby-time.png
baby-tv	Baby TV	https://iptvx.one/picons/baby-tv.png
balapan	Balapan	https://iptvx.one/picons/balapan.png
balashixa	Балашиха ТВ	https://iptvx.one/picons/balashixa.png
baletopera-tviksel	Балет Опера	https://iptvx.one/picons/baletopera-tviksel.png
balkanika	Balkanika | Балканика | Балканика МТВ	https://iptvx.one/picons/balkanika.png
balticum-auksinis	Balticum Auksinis	https://iptvx.one/picons/balticum-auksinis.png
balticum-platinum	Balticum Platinum | Balticum Platinum HD	https://iptvx.one/picons/balticum-platinum.png
balticum-tv	Balticum HD | Balticum TV	https://iptvx.one/picons/balticum-tv.png
barely-legal	Barely Legal | Barely Legal TV	https://iptvx.one/picons/barely-legal.png
barely-legal-ua	Barely Legal Украина	https://iptvx.one/picons/barely-legal.png
bars	Барс	https://iptvx.one/picons/bars.png
bashkortostan24	Башкортостан 24	https://iptvx.one/picons/bashkortostan24.png
bataysk-tv	Батайск ТВ	https://iptvx.one/picons/bataysk-tv.png
bbc	BBC | BBC World News | BBC World	https://iptvx.one/picons/bbc.png
bbc-1-uk	BBC One HD | BBC One	https://iptvx.one/picons/bbc-1-uk.png
bbc-2-uk	BBC Two HD | BBC Two	https://iptvx.one/picons/bbc-2-uk.png
bbc-3-uk	BBC Three HD | BBC Three	https://iptvx.one/picons/bbc-3-uk.png
bbc-alba-uk	BBC Alba HD | BBC Alba	https://iptvx.one/picons/bbc-alba-uk.png
bbc-amerika-us	BBC America [US]	https://iptvx.one/picons/bbc-amerika-us.png
bbc-brit-pl	BBC Brit [PL]	https://iptvx.one/picons/bbc-brit-pl.png
bbc-cbeeb-pl	BBC CBeebies [PL]	https://iptvx.one/picons/bbc-cbeeb-pl.png
bbc-earth	BBC Earth [PL] | BBC Earth	https://iptvx.one/picons/bbc-earth.png
bbc-first-pl	BBC First [PL]	https://iptvx.one/picons/bbc-first-pl.png
bbc-four-uk	BBC Four [UK]	https://iptvx.one/picons/bbc-four-uk.png
bbc-ls-pl	BBC Lifestyle [PL]	https://iptvx.one/picons/bbc-ls-pl.png
bbc-scot-uk	BBC Scotland HD | BBC Scotland	https://iptvx.one/picons/bbc-scot-uk.png
bcu-action	BCU Action HD | BCU Action HDR	https://iptvx.one/picons/bcu-action.png
bcu-biography-hdr	BCU Biography HDR	https://iptvx.one/picons/bcu-biography-hdr.png
bcu-catastrophe	BCU Catastrophe HD	https://iptvx.one/picons/bcu-catastrophe.png
bcu-charm	BCU Charm HD | BCU Charm	https://iptvx.one/picons/bcu-charm.png
bcu-cinema	BCU Cinema HD | BCU Cinema | BCU Cinema HDR	https://iptvx.one/picons/bcu-cinema.png
bcu-cinemaplus	BCU Cinema+ HD | BCU Cinema+	https://iptvx.one/picons/bcu-cinemaplus.png
bcu-comedy	BCU Comedy HD | BCU Comedy | BCU Comedy HDR	https://iptvx.one/picons/bcu-comedy.png
bcu-cosmo	BCU Cosmo HD | BCU Cosmo	https://iptvx.one/picons/bcu-cosmo.png
bcu-cosmo-hdr	BCU Cosmo HDR	https://iptvx.one/picons/bcu-cosmo-hdr.png
bcu-criminal	BCU Criminal HD | BCU Criminal	https://iptvx.one/picons/bcu-criminal.png
bcu-fantastic	BCU Fantastic HD | BCU Fantastic | BCU Fantastic HDR	https://iptvx.one/picons/bcu-fantastic.png
bcu-filmystic	BCU FilMystic HD | BCU FilMystic HDR | FilMystic TV | FilMystic HD	https://iptvx.one/picons/bcu-filmystic.png
bcu-history	BCU History HD | BCU History	https://iptvx.one/picons/bcu-history.png
bcu-kids	BCU Kids HD | BCU Kids | BCU Мультзал | BCU Мультзал HD	https://iptvx.one/picons/bcu-kids.png
bcu-kids-4k	BCU Kids 4K	https://iptvx.one/picons/bcu-kids-4k.png
bcu-kids-plus	BCU Kids+ HD | BCU Kids+	https://iptvx.one/picons/bcu-kids-plus.png
bcu-kinorating	BCU Kinorating HD | BCU Kinorating	https://iptvx.one/picons/bcu-kinorating.png
bcu-kinozal-prem-1	BCU Кинозал Premiere 1 HD | BCU Кинозал Premiere 1 | BCU Premiere 1 | BCU Premiere 1 HD	https://iptvx.one/picons/bcu-kinozal-prem-1.png
bcu-kinozal-prem-2	BCU Кинозал Premiere 2 HD | BCU Кинозал Premiere 2 | BCU Premiere 2 | BCU Premiere 2 HD	https://iptvx.one/picons/bcu-kinozal-prem-2.png
bcu-kinozal-prem-3	BCU Кинозал Premiere 3 HD | BCU Кинозал Premiere 3 | BCU Premiere 3 | BCU Premiere 3 HD	https://iptvx.one/picons/bcu-kinozal-prem-3.png
bcu-little	BCU Little HD | BCU Little	https://iptvx.one/picons/bcu-little.png
bcu-marvel	BCU Marvel HD | BCU Marvel DC | BCU Marvel	https://iptvx.one/picons/bcu-marvel.png
bcu-marvel-4k-hdr	BCU Premium Marvel 4K HDR | BCU Marvel 4K HDR	https://iptvx.one/picons/bcu-marvel-4k-hdr.png
bcu-media	BCU Kinozakaz | BCUMedia HD | BCUMedia | BCU Media HD | BCU Media	https://iptvx.one/picons/bcu-kinozakaz.png
bcu-media-2-hdr	BCU MEDIA 2 HDR | BCUMEDIA 2 HDR	https://iptvx.one/picons/bcu-media-2-hdr.png
bcu-media-3-hdr	BCU MEDIA 3 HDR | BCUMEDIA 3 HDR	https://iptvx.one/picons/bcu-media-3-hdr.png
bcu-media-premium-4k-hdr	BCUMedia Premium 4K HDR	https://iptvx.one/picons/bcu-media-premium-4k-hdr.png
bcu-multserial	BCU Мультсериал HD | BCU Мультсериал | BCU Multserial | BCU Multserial HD	https://iptvx.one/picons/bcu-multserial.png
bcu-premiere	BCU Premiere HD | BCU Premiere | BCU Premiere HDR	https://iptvx.one/picons/bcu-premiere.png
bcu-premiere-4k	BCU Premiere Ultra 4K	https://iptvx.one/picons/bcu-premiere-4k.png
bcu-premium-action-4k-hdr	BCU Premium Action 4K HDR	https://iptvx.one/picons/bcu-premium-action-4k-hdr.png
bcu-premium-antistress-4k-hdr	BCU Premium Antistress 4K HDR	https://iptvx.one/picons/bcu-premium-antistress-4k-hdr.png
bcu-premium-comedy-4k-hdr	BCU Premium Comedy 4K HDR	https://iptvx.one/picons/bcu-premium-comedy-4k-hdr.png
bcu-premium-crime-4k-hdr	BCU Premium Crime 4K HDR	https://iptvx.one/picons/bcu-premium-crime-4k-hdr.png
bcu-premium-family-4k-hdr	BCU Premium Family 4K HDR	https://iptvx.one/picons/bcu-premium-family-4k-hdr.png
bcu-premium-fantasy-4k-hdr	BCU Premium Fantasy 4K HDR	https://iptvx.one/picons/bcu-premium-fantasy-4k-hdr.png
bcu-premium-fantstic-4k-hdr	BCU Premium Fantastic 4K HDR	https://iptvx.one/picons/bcu-premium-fantstic-4k-hdr.png
bcu-premium-franshise-4k-hdr	BCU Premium Franchise 4K HDR	https://iptvx.one/picons/bcu-premium-franshise-4k-hdr.png
bcu-premium-history-4k-hdr	BCU Premium History 4K HDR	https://iptvx.one/picons/bcu-premium-history-4k-hdr.png
bcu-premium-horror-4k-hdr	BCU Premium Horror 4K HDR	https://iptvx.one/picons/bcu-premium-horror-4k-hdr.png
bcu-premium-kids-4k-hdr	BCU Premium Kids 4K HDR	https://iptvx.one/picons/bcu-premium-kids-4k-hdr.png
bcu-premium-kinozakaz-4k-hdr	BCU Premium Kinozakaz 4K HDR	https://iptvx.one/picons/bcu-premium-kinozakaz-4k-hdr.png
bcu-premium-kinozakaz-plus-4k-hdr	BCU Premium Kinozakaz+ 4K HDR	https://iptvx.one/picons/bcu-premium-kinozakaz-plus-4k-hdr.png
bcu-premium-pobed	BCU Premium 80 лет Победы 4K HDR	https://iptvx.one/picons/bcu-premium-pobed.png
bcu-premium-premiere-4k-hdr	BCU Premium Premiere 4K HDR	https://iptvx.one/picons/bcu-premium-premiere-4k-hdr.png
bcu-premium-premiere-plus-4k-hdr	BCU Premium Premiere+ 4K HDR	https://iptvx.one/picons/bcu-premium-premiere-plus-4k-hdr.png
bcu-premium-rus-4k-hdr	BCU Premium Russian 4K HDR	https://iptvx.one/picons/bcu-premium-rus-4k-hdr.png
bcu-premium-sssr-4k-hdr	BCU Premium СССР 4K HDR	https://iptvx.one/picons/bcu-premium-sssr-4k-hdr.png
bcu-reality	BCU Reality HD | BCU Reality	https://iptvx.one/picons/bcu-reality.png
bcu-romantic	BCU Romantic HD | BCU Romantic	https://iptvx.one/picons/bcu-romantic.png
bcu-ruserial	BCU RUSerial HD | BCU RUSerial	https://iptvx.one/picons/bcu-ruserial.png
bcu-russia90s	BCU Russia 90s | BCU Russia 90s HD	https://iptvx.one/picons/bcu-russia90s.png
bcu-russian	BCU Russian HD | BCU Russian	https://iptvx.one/picons/bcu-russian.png
bcu-sssr	BCU Кинозал СССР | BCU СССР | BCU СССР HD	https://iptvx.one/picons/bcu-sssr-hd.png
bcu-sssr-hdr	BCU СССР HDR	https://iptvx.one/picons/bcu-sssr-hdr.png
bcu-stars	BCU Stars HD | BCU Stars	https://iptvx.one/picons/bcu-stars.png
bcu-survival	BCU Survival HD | BCU Survival	https://iptvx.one/picons/bcu-survival.png
bcu-svaty	BCU Сваты HD | BCU Сваты	https://iptvx.one/picons/bcu-svaty.png
bcu-svaty-4k	BCU Сваты 4K	https://iptvx.one/picons/bcu-svaty-4k.png
bcu-trumotion	BCU TruMotion HD | BCU TruMotion	https://iptvx.one/picons/bcu-trumotion.png
bcu-ultra4k	BCU Ultra 4K	https://iptvx.one/picons/bcu-ultra4k.png
bcu-unity-1	BCU Unity 1 HDR	https://iptvx.one/picons/bcu-unity-1.png
bcu-unity-2	BCU Unity 2 HD	https://iptvx.one/picons/bcu-unity-2.png
bcu-unity-3	BCU Unity 3 HD	https://iptvx.one/picons/bcu-unity-3.png
bcu-unity-4	BCU Unity 4 HD	https://iptvx.one/picons/bcu-unity-4.png
bcu-unity-5	BCU Unity 5 HD	https://iptvx.one/picons/bcu-unity-5.png
bcu-vhs	BCU VHS HD | BCU VHS | BOX VHS	https://iptvx.one/picons/bcu-vhs-hd.png
beauty-tv	Бьюти.TV | Бьюти TV	https://iptvx.one/picons/beauty-tv.png
beetv-movies	BeeTV Movies	https://iptvx.one/picons/beetv-movies.png
beetv-oir	BeeTV Орел и Решка	https://iptvx.one/picons/beetv-oir.png
beetv-series-kz	BeeTV Series [KZ] | BeeTV Series	https://iptvx.one/picons/beetv-series-kz.png
beetv-sm	BeeTV Семейные мелодрамы	https://iptvx.one/picons/beetv-sm.png
beetv-sport-kz	BeeTV Sport [KZ]	https://iptvx.one/picons/beetv-sport-kz.png
beetv-vd	BeeTV Вещдок	https://iptvx.one/picons/beetv-vd.png
bein-series-1-tr	beIN SERIES 1 [TR]	https://iptvx.one/picons/bein-series-1-tr.png
bein-series-2-tr	beIN SERIES 2 [TR]	https://iptvx.one/picons/bein-series-2-tr.png
bein-sport-1	beIN Sports 1 | beIN Sports 1 HD	https://iptvx.one/picons/bein-sport-1.png
bein-sport-1-fr	beIN Sports 1 [FR] | beIN Sports 1 HD [FR]	https://iptvx.one/picons/bein-sport-1-fr.png
bein-sport-2	beIN Sports 2 | beIN Sports 2 HD	https://iptvx.one/picons/bein-sport-2.png
bein-sport-2-fr	beIN Sports 2 [FR] | beIN Sports 2 HD [FR]	https://iptvx.one/picons/bein-sport-2-fr.png
bein-sport-3	beIN Sports 3 | beIN Sports 3 HD	https://iptvx.one/picons/bein-sport-3.png
bein-sport-3-fr	beIN Sports 3 [FR] | beIN Sports 3 HD [FR]	https://iptvx.one/picons/bein-sport-3-fr.png
bein-sport-4	beIN Sports 4 | beIN Sports 4 HD	https://iptvx.one/picons/bein-sport-4.png
bein-sport-5	beIN Sports 5 | beIN Sports 5 HD	https://iptvx.one/picons/bein-sport-5.png
bein-sport-6	beIN Sports 6 | beIN Sports 6 HD	https://iptvx.one/picons/bein-sport-6.png
bein-sport-7	beIN Sports 7 | beIN Sports 7 HD	https://iptvx.one/picons/bein-sport-7.png
bein-sport-us	beIN Sports [US]	https://iptvx.one/picons/bein-sport-us.png
bein-sports-1-en	beIN Sports 1 [UK] | beIN Sports 1 HD [UK]	https://iptvx.one/picons/bein-sports-1-en.png
bein-sports-1-hk	BeIN Sports 1 [HK]	https://iptvx.one/picons/bein-sports-1-hk.png
bein-sports-1-singapore	beIN Sports 1 Singapore | beIN Sports 1 HD Singapore	https://iptvx.one/picons/bein-sports-1-singapore.png
bein-sports-1-tr	beIN Sports 1 [TR]	https://iptvx.one/picons/bein-sports-1-tr.png
bein-sports-2-en	beIN Sports 2 [UK] | beIN Sports 2 HD [UK]	https://iptvx.one/picons/bein-sports-2-en.png
bein-sports-2-hk	BeIN Sports 2 [HK]	https://iptvx.one/picons/bein-sports-2-hk.png
bein-sports-2-singapore	beIN Sports 2 Singapore | beIN Sports 2 HD Singapore	https://iptvx.one/picons/bein-sports-2-singapore.png
bein-sports-2-tr	beIN Sports 2 [TR]	https://iptvx.one/picons/bein-sports-2-tr.png
bein-sports-3-hk	BeIN Sports 3 [HK]	https://iptvx.one/picons/bein-sports-3-hk.png
bein-sports-3-singapore	beIN Sports 3 Singapore | beIN Sports 3 HD Singapore	https://iptvx.one/picons/bein-sports-3-singapore.png
bein-sports-3-tr	beIN Sports 3 [TR]	https://iptvx.one/picons/bein-sports-3-tr.png
bein-sports-4-tr	beIN Sports 4 [TR]	https://iptvx.one/picons/bein-sports-4-tr.png
bein-sports-4k	beIN Sports 4K | beIN 4K	https://iptvx.one/picons/bein-sports-4k.png
bein-sports-5-tr	beIN Sports 5 [TR]	https://iptvx.one/picons/bein-sports-5-tr.png
bein-sports-afc	beIN Sports AFC | beIN Sports AFC HD	https://iptvx.one/picons/bein-sports-afc.png
bein-sports-ca	BeIn Sports [CA]	https://iptvx.one/picons/bein-sports-ca.png
bein-sports-fta	beIN Sports FTA | beIN Sports | beIN Sports HD | beIN Sports MENA | beIN Sports Global MENA | beIN Sports FTA HD	https://iptvx.one/picons/bein-sports-fta.png
bein-sports-haber-tr	beIN Sports Haber [TR]	https://iptvx.one/picons/bein-sports-haber-tr.png
bein-sports-max-1-tr	beIN Sports Max 1 [TR]	https://iptvx.one/picons/bein-sports-max-1-tr.png
bein-sports-max-10-fr	beIN Sports Max 10 [FR]	https://iptvx.one/picons/bein-sports-max-10-fr.png
bein-sports-max-2-tr	beIN Sports Max 2 [TR]	https://iptvx.one/picons/bein-sports-max-2-tr.png
bein-sports-max-4-fr	beIN Sports Max 4 [FR]	https://iptvx.one/picons/bein-sports-max-4-fr.png
bein-sports-max-5-fr	beIN Sports Max 5 [FR]	https://iptvx.one/picons/bein-sports-max-5-fr.png
bein-sports-max-6-fr	beIN Sports Max 6 [FR]	https://iptvx.one/picons/bein-sports-max-6-fr.png
bein-sports-max-7-fr	beIN Sports Max 7 [FR]	https://iptvx.one/picons/bein-sports-max-7-fr.png
bein-sports-max-8-fr	beIN Sports Max 8 [FR]	https://iptvx.one/picons/bein-sports-max-8-fr.png
bein-sports-max-9-fr	beIN Sports Max 9 [FR]	https://iptvx.one/picons/bein-sports-max-9-fr.png
bein-sports-nba	beIN Sports NBA | beIN Sports NBA HD	https://iptvx.one/picons/bein-sports-nba.png
bein-sports-news	beIN Sports News | beIN Sports News HD	https://iptvx.one/picons/bein-sports-news.png
bein-sports-xtra-us	beIN Sports Xtra [US]	https://iptvx.one/picons/bein-sports-xtra-us.png
belarus1	Беларусь 1 HD | Беларусь 1	https://iptvx.one/picons/belarus1hd.png
belarus2	Беларусь 2 HD | Беларусь 2	https://iptvx.one/picons/belarus2hd.png
belarus24	Беларусь-24 | Беларусь 24	https://iptvx.one/picons/belarus24.png
belarus3	Беларусь 3 HD | Беларусь 3	https://iptvx.one/picons/belarus3hd.png
belarus4-brest	Беларусь 4 Брест	https://iptvx.one/picons/belarus4-brest.png
belarus4-gomel	Беларусь 4 Гомель	https://iptvx.one/picons/belarus4-gomel.png
belarus4-grodno	Беларусь 4 Гродно	https://iptvx.one/picons/belarus4-grodno.png
belarus4-mogilev	Беларусь 4 Могилев	https://iptvx.one/picons/belarus4-mogilev.png
belarus4-vitebsk	Беларусь 4 Витебск	https://iptvx.one/picons/belarus4-vitebsk.png
belarus5	Беларусь 5 HD | Беларусь 5	https://iptvx.one/picons/belarus5hd.png
belarus5-inet	Беларусь 5 Интернет	https://iptvx.one/picons/belarus5-inet.png
belgorod24	Белгород 24	https://iptvx.one/picons/belgorod24.png
belmuztv	МузТВ Беларусь | БелМузТВ | БелМуз ТВ	https://iptvx.one/picons/belmuztv.png
belsat	BelSat | BelSat TV | Белсат ТВ | Белсат	https://iptvx.one/picons/belsat.png
belviasat-plustv	Белвиасат +ТВ | +ТВ Белвиасат | +ТВ | +TV	https://iptvx.one/picons/belviasat-plustv.png
benfica-tv	Benfica TV	https://iptvx.one/picons/benfica-tv.png
best4sport	Best4Sport TV | Best4Sport HD | Best4Sport 1 | Best4Sport 1 HD	https://iptvx.one/picons/best4sport.png
best4sport2	Best4Sport 2 | Best4Sport 2 HD	https://iptvx.one/picons/best4sport2.png
bet-gospel-us	BET Gospel [US]	https://iptvx.one/picons/bet-gospel-us.png
bet-her-us	BET Her [US]	https://iptvx.one/picons/bet-her-us.png
bet-jams-us	BET Jams [US]	https://iptvx.one/picons/bet-jams-us.png
bet-soul-us	BET Soul [US]	https://iptvx.one/picons/bet-soul-us.png
beyaz-tv-tr	Beyaz TV HD TR | Beyaz TV TR	https://iptvx.one/picons/beyaz-tv-tr.png
bg-music-channel	BG Music Channel	https://iptvx.one/picons/bg-music-channel.png
big-planet	Big Planet | Big Planet HD	https://iptvx.one/picons/big-planet.png
big-ten-network-us	Big Ten Network [US]	https://iptvx.one/picons/big-ten-network-us.png
bigudi	Бiгудi | Бигуди	https://iptvx.one/picons/bigudi.png
bijskoetv	Бийское ТВ	https://iptvx.one/picons/bijskoetv.png
blokbaster	Блокбастер	https://iptvx.one/picons/blokbaster.png
blokbaster-hd	Блокбастер HD	https://iptvx.one/picons/blokbaster.png
bloomberg	Bloomberg	https://iptvx.one/picons/bloomberg.png
bloomberg-ht-tr	Bloomberg HT TR	https://iptvx.one/picons/bloomberg-ht-tr.png
blue-hustler	Blue Hustler | Blue Hustler HD	https://iptvx.one/picons/blue-hustler.png
blue-hustler-24	Blue Hustler 24 | Blue Hustler 24 HD	https://iptvx.one/picons/blue-hustler.png
blue-hustler-ua	Blue Hustler Украина | Blue Hustler UA	https://iptvx.one/picons/blue-hustler.png
bobior	Бобер | Бобёр | Бобер HD | Бобёр HD	https://iptvx.one/picons/bobior.png
bobruysk360	Бобруйск 360	https://iptvx.one/picons/bobruysk360.png
bolajon-uz	Bolajon Telekanali [UZ]	https://iptvx.one/picons/bolajon-uz.png
bollywood-hd	Bollywood | Bollywood HD	https://iptvx.one/picons/bollywood-hd.png
bollywood-pl	Bollywood HD [PL]	https://iptvx.one/picons/bollywood-pl.png
bolshaya-azia	Большая Азия | Большая Азия HD	https://iptvx.one/picons/bolshaya-azia.png
bolshoj-efir	Большой эфир | Большой эфир HD	https://iptvx.one/picons/bolshoj-efir.png
bolt	Bolt | Bolt HD | Bolt Украина | Bolt HD Украина	https://iptvx.one/picons/bolt.png
bolt-ru	Bolt Россия | Bolt HD Россия	https://iptvx.one/picons/bolt.png
boomerang	Boomerang | Cartoonito | Cartoonito HD | Boomerang HD	https://iptvx.one/picons/boomerang.png
box-anime	BOX Anime HD | BOX Anime	https://iptvx.one/picons/box-anime.png
box-apocalipse	BOX Apocalypse HD	https://iptvx.one/picons/box-apocalipse.png
box-auttrend	BOX AutoTrend HD	https://iptvx.one/picons/box-auttrend.png
box-beonedge	BOX Be ON Edge HD | BOX Be ON Edge	https://iptvx.one/picons/box-beonedge.png
box-beonedge1live	BOX Be ON Edge 1 Live HD | BOX Be ON Edge 1 Live	https://iptvx.one/picons/box-beonedge1live.png
box-beonedge2live	BOX Be ON Edge 2 Live HD | BOX Be ON Edge 2 Live	https://iptvx.one/picons/box-beonedge2live.png
box-beonedge3live	BOX Be ON Edge 3 Live HD | BOX Be ON Edge 3 Live	https://iptvx.one/picons/box-beonedge3live.png
box-cyber	BOX Cyber HD | BOX Cyber	https://iptvx.one/picons/box-cyber.png
box-docu	BOX Docu. HD | BOX Docu HD | BOX Docu	https://iptvx.one/picons/box-docu.png
box-fantasy	BOX Fantasy HD | BOX Fantasy	https://iptvx.one/picons/box-fantasy.png
box-franchise	BOX Franchise HD | BOX Franchise	https://iptvx.one/picons/box-franchise.png
box-franchise-hdr	BOX Franchise HDR	https://iptvx.one/picons/box-franchise-hdr.png
box-game	BOX Game HD | BOX Game	https://iptvx.one/picons/box-game.png
box-gangster	BOX Gangster HD | BOX Gangster	https://iptvx.one/picons/box-gangster.png
box-ghost	BOX Ghost HD | BOX Ghost	https://iptvx.one/picons/box-ghost.png
box-gurman	BOX Gurman HD	https://iptvx.one/picons/box-gurman.png
box-history-4k	BOX History 4K	https://iptvx.one/picons/box-history-4k.png
box-hybrid	BOX Hybrid HD | BOX Hybrid	https://iptvx.one/picons/box-hybrid.png
box-kosmo-4k	BOX Kosmo 4K	https://iptvx.one/picons/box-kosmo-4k.png
box-lofi	BOX LoFi HD	https://iptvx.one/picons/box-lofi.png
box-m-serial	BOX M.Serial HD | BOX M.Serial	https://iptvx.one/picons/box-m-serial.png
box-memory	BOX Memory HD | BOX Memory	https://iptvx.one/picons/box-memory.png
box-metall	BOX Metall HD | BOX Metall	https://iptvx.one/picons/box-metall.png
box-music-4k	BOX Music 4K	https://iptvx.one/picons/box-music-4k.png
box-music-tv-bg	Box Music TV BG | Box TV BG	https://iptvx.one/picons/box-music-tv-bg.png
box-myday	BOX Mayday HD | BOX Mayday	https://iptvx.one/picons/box-myday.png
box-oscar	BOX Oscar HD | BOX Oscar	https://iptvx.one/picons/box-oscar.png
box-premiere-plus-4khdr	BOX Premiere+ 4K HDR	https://iptvx.one/picons/box-premiere-plus-4khdr.png
box-relax	BOX Relax 4K	https://iptvx.one/picons/box-relax.png
box-remast-4k	BOX Remast 4K	https://iptvx.one/picons/box-remast-4k.png
box-remast-plus-4k	BOX Remast+ 4K	https://iptvx.one/picons/box-remast-plus-4k.png
box-ru-rap	BOX RU.RAP HD | BOX RU.RAP	https://iptvx.one/picons/box-ru-rap.png
box-russian-4k	BOX Russian 4K	https://iptvx.one/picons/box-russian-4k.png
box-serial	BOX Serial HD | BOX Serial	https://iptvx.one/picons/box-serial.png
box-serial-premiere-4k	BOX Serial Premiere 4K	https://iptvx.one/picons/box-serial-premiere-4k.png
box-serial4k	BOX Serial 4K	https://iptvx.one/picons/box-serial4k.png
box-sitcom	BOX Sitcom HD	https://iptvx.one/picons/box-sitcom.png
box-sport-1-live	BOX Sport 1 Live HD	https://iptvx.one/picons/box-sport-1-live.png
box-sport-10-live	BOX Sport 10 Live 4K	https://iptvx.one/picons/box-sport-10-live.png
box-sport-11-live	BOX Sport 11 Live 4K	https://iptvx.one/picons/box-sport-11-live.png
box-sport-12-live	BOX Sport 12 Live HD	https://iptvx.one/picons/box-sport-12-live.png
box-sport-13-live	BOX Sport 13 Live HD	https://iptvx.one/picons/box-sport-13-live.png
box-sport-14-live	BOX Sport 14 Live HD	https://iptvx.one/picons/box-sport-14-live.png
box-sport-15-live	BOX Sport 15 Live HD	https://iptvx.one/picons/box-sport-15-live.png
box-sport-2-live	BOX Sport 2 Live HD	https://iptvx.one/picons/box-sport-2-live.png
box-sport-3-live	BOX Sport 3 Live HD	https://iptvx.one/picons/box-sport-3-live.png
box-sport-4-live	BOX Sport 4 Live HD	https://iptvx.one/picons/box-sport-4-live.png
box-sport-5-live	BOX Sport 5 Live HD	https://iptvx.one/picons/box-sport-5-live.png
box-sport-6-live	BOX Sport 6 Live HD	https://iptvx.one/picons/box-sport-6-live.png
box-sport-7-live	BOX Sport 7 Live HD	https://iptvx.one/picons/box-sport-7-live.png
box-sport-8-live	BOX Sport 8 Live HD	https://iptvx.one/picons/box-sport-8-live.png
box-sport-9-live	BOX Sport 9 Live HD	https://iptvx.one/picons/box-sport-9-live.png
box-sportcast	BOX SportCast HD | BOX SportCast	https://iptvx.one/picons/box-sportcast.png
box-sportcast-live1	BOX SportCast Live 1 HD | BOX SportCast Live 1	https://iptvx.one/picons/box-sportcast-live1.png
box-sportcast-live2	BOX SportCast Live 2 HD | BOX SportCast Live 2	https://iptvx.one/picons/box-sportcast-live2.png
box-sportcast-live3	BOX SportCast Live 3 HD | BOX SportCast Live 3	https://iptvx.one/picons/box-sportcast-live3.png
box-sportcast-live4	BOX SportCast Live 4 HD | BOX SportCast Live 4	https://iptvx.one/picons/box-sportcast-live4.png
box-sportcast-live5	BOX SportCast Live 5 HD | BOX SportCast Live 5	https://iptvx.one/picons/box-sportcast-live5.png
box-sportcast-live6	BOX SportCast Live 6 HD | BOX SportCast Live 6	https://iptvx.one/picons/box-sportcast-live6.png
box-sportcast-live7	BOX SportCast Live 7 HD | BOX SportCast Live 7	https://iptvx.one/picons/box-sportcast-live7.png
box-sportcast-live8	BOX SportCast Live 8 HD | BOX SportCast Live 8	https://iptvx.one/picons/box-sportcast-live8.png
box-sportcast-live9	BOX SportCast Live 9 HD | BOX SportCast Live 9	https://iptvx.one/picons/box-sportcast-live9.png
box-spy	BOX Spy HD | BOX Spy	https://iptvx.one/picons/box-spy.png
box-sr-sport-2-live-4k-hdr	BOX SR Sport 2 Live 4K HDR	https://iptvx.one/picons/box-sr-sport-2-live-4k-hdr.png
box-sr-sport-3-live-4k-hdr	BOX SR Sport 3 Live 4K HDR	https://iptvx.one/picons/box-sr-sport-3-live-4k-hdr.png
box-sr-sport-4-live-4k-hdr	BOX SR Sport 4 Live 4K HDR	https://iptvx.one/picons/box-sr-sport-4-live-4k-hdr.png
box-sr-sport-4k-hdr	BOX SR Sport 4K HDR	https://iptvx.one/picons/box-sr-sport-4k-hdr.png
box-sr-sport-5-live-4k-hdr	BOX SR Sport 5 Live 4K HDR	https://iptvx.one/picons/box-sr-sport-5-live-4k-hdr.png
box-sr-sport-6-live-4k-hdr	BOX SR Sport 6 Live 4K HDR	https://iptvx.one/picons/box-sr-sport-6-live-4k-hdr.png
box-sr-sport-7-live-4k-hdr	BOX SR Sport 7 Live 4K HDR	https://iptvx.one/picons/box-sr-sport-7-live-4k-hdr.png
box-sr-sport-8-live-4k-hdr	BOX SR Sport 8 Live 4K HDR	https://iptvx.one/picons/box-sr-sport-8-live-4k-hdr.png
box-sr-sport-live-4k-hdr	BOX SR Sport 1 Live 4K HDR	https://iptvx.one/picons/box-sr-sport-live-4k-hdr.png
box-sssr-4k	BOX СССР 4K	https://iptvx.one/picons/box-sssr-4k.png
box-stories	BOX Stories HD | BOX Stories	https://iptvx.one/picons/box-stories.png
box-travel	BOX Travel HD | BOX Travel	https://iptvx.one/picons/box-travel.png
box-travel-premiere	BOX Travel Premiere HD | BOX Travel Premiere	https://iptvx.one/picons/box-travel.png
box-tv	Бокс ТВ	https://iptvx.one/picons/box-tv.png
box-ultrastars-4k	BOX UltraStars 4K	https://iptvx.one/picons/box-ultrastars-4k.png
box-western	BOX Western HD | BOX Western	https://iptvx.one/picons/box-western.png
box-zombie	BOX Zombie HD | BOX Zombie	https://iptvx.one/picons/box-zombie.png
brazzers-tv-europe	Brazzers TV | Brazzers TV Europe	https://iptvx.one/picons/brazzers.png
brazzers-tv-europe-ru	Brazzers TV Россия | Brazzers TV Europe Россия	https://iptvx.one/picons/brazzers.png
briansk24	Брянск 24 | Брянск 24 HD	https://iptvx.one/picons/briansk24.png
brianskaya-gubernia	Брянская Губерния | Брянская Губерния HD	https://iptvx.one/picons/brianskaya-gubernia.png
bridge-hd	Bridge TV Deluxe | Bridge Deluxe | Bridge HD	https://iptvx.one/picons/bridge-hd.png
bridge-tv	Bridge TV | Bridge	https://iptvx.one/picons/bridge-tv.png
bridge-tv-classic	Bridge TV Classic | Bridge Classic	https://iptvx.one/picons/bridge-tv-classic.png
bridge-tv-dance	Bridge TV Hits | Bridge TV Dance	https://iptvx.one/picons/bridge-tv-dance.png
bridge-tv-etno	Bridge TV Этно	https://iptvx.one/picons/bridge-tv-etno.png
bridge-tv-fresh	Bridge TV Фрэш | Bridge Фрэш | Bridge TV Fresh	https://iptvx.one/picons/bridge-tv-fresh.png
bridge-tv-rock	Bridge TV Rock | Bridge Rock	https://iptvx.one/picons/bridge-tv-rock.png
bridge-tv-ruxit	Bridge TV Русский хит | Rusong TV	https://iptvx.one/picons/bridge-tv-ruxit.png
bridge-tv-shlager	Bridge TV Шлягер | Bridge Шлягер	https://iptvx.one/picons/bridge-tv-shlager.png
bst	БСТ | Башкирское спутниковое телевидение	https://iptvx.one/picons/bst.png
bst-bratsk	БСТ Братск	https://iptvx.one/picons/bst-bratsk.png
bt-sport-4k	BT Sport 4K | TNT Sport UHD 4K | TNT Sport Ultra HD 4K	https://iptvx.one/picons/bt-sport-4k.png
bt-sport1	BT Sport 1 HD | TNT Sport 1 | TNT Sport 1 HD	https://iptvx.one/picons/bt-sport1.png
bt-sport10	BT Sports 10 HD | TNT Sports 10 | TNT Sports 10 HD	https://iptvx.one/picons/bt-sport10.png
bt-sport2	BT Sport 2 HD | TNT Sport 2 | TNT Sport 2 HD	https://iptvx.one/picons/bt-sport2.png
bt-sport3	BT Sport 3 HD | TNT Sport 3 | TNT Sport 3 HD	https://iptvx.one/picons/bt-sport3.png
bt-sport4	BT Sport 4 HD | TNT Sport 4 | TNT Sport 4 HD	https://iptvx.one/picons/bt-sport4.png
bt-sport5	BT Sport 5 HD | TNT Sport 5 | TNT Sport 5 HD	https://iptvx.one/picons/bt-sport5.png
bt-sport6	BT Sport 6 HD | TNT Sport 6 | TNT Sport 6 HD	https://iptvx.one/picons/bt-sport6.png
bt-sport7	BT Sport 7 HD | TNT Sport 7 | TNT Sport 7 HD	https://iptvx.one/picons/bt-sport7.png
bt-sport8	BT Sport 8 HD | TNT Sport 8 | TNT Sport 8 HD	https://iptvx.one/picons/bt-sport8.png
bt-sport9	BT Sport 9 HD | TNT Sport 9 | TNT Sport 9 HD	https://iptvx.one/picons/bt-sport9.png
btv	BTV	https://iptvx.one/picons/btv.png
btvmd	БТВ | Бендерское ТВ | Бенедерское телевидение	https://iptvx.one/picons/btvmd.png
bubokko-tv	БубОкко ТВ	https://iptvx.one/picons/bubokko-tv.png
bug-tv	Буг-ТВ | БугТВ | Буг ТВ	https://iptvx.one/picons/bug-tv.png
buriaad	Буряад ТВ	https://iptvx.one/picons/buriaad.png
c-cartoon	C-Cartoon | YOSSO TV C-Cartoon	https://iptvx.one/picons/c-cartoon.png
c-comedy	C-Comedy | YOSSO TV C-Comedy	https://iptvx.one/picons/c-comedy.png
c-history	C-History | YOSSO TV C-History	https://iptvx.one/picons/c-history.png
c-holiday	C-Holiday | YOSSO TV C-Holiday	https://iptvx.one/picons/c-holiday.png
c-inquest	C-Inquest | YOSSO TV C-Inquest	https://iptvx.one/picons/c-inquest.png
c-live	Citrus Live HD | C-Live HD	https://iptvx.one/picons/c-live.png
c-marvel	C-Marvel | YOSSO TV C-Marvel	https://iptvx.one/picons/c-marvel.png
c-music-tv	C Music TV | C Music TV HD | Stingray CMusic HD | Stingray CMusic	https://iptvx.one/picons/c-music-tv.png
canal-pl-1	Canal+ 1 HD | Canal+ 1 | Canal+ 1 [PL]	https://iptvx.one/picons/canal-pl-1.png
canal-pl-4k	Canal+ 4K | Canal+ 4K [PL]	https://iptvx.one/picons/canal-pl-4k.png
canal-pl-dokument	Canal+ Dokument HD | Canal+ Dokument | Canal+ Dokument [PL]	https://iptvx.one/picons/canal-pl-dokument.png
canal-pl-domo	Canal+ Domo HD | Canal+ Domo | Canal+ Domo [PL]	https://iptvx.one/picons/canal-pl-domo.png
canal-pl-extra-1	Canal+ Extra 1 [PL]	https://iptvx.one/picons/canal-pl-extra-1.png
canal-pl-extra-2	Canal+ Extra 2 [PL]	https://iptvx.one/picons/canal-pl-extra-2.png
canal-pl-extra-3	Canal+ Extra 3 [PL]	https://iptvx.one/picons/canal-pl-extra-3.png
canal-pl-extra-4	Canal+ Extra 4 [PL]	https://iptvx.one/picons/canal-pl-extra-4.png
canal-pl-extra-5	Canal+ Extra 5 [PL]	https://iptvx.one/picons/canal-pl-extra-5.png
canal-pl-extra-6	Canal+ Extra 6 [PL]	https://iptvx.one/picons/canal-pl-extra-6.png
canal-pl-extra-7	Canal+ Extra 7 [PL]	https://iptvx.one/picons/canal-pl-extra-7.png
canal-pl-family	Canal+ 360 [PL] | Canal+ 360 HD [PL] | Canal+ Family HD | Canal+ Family | Canal+ Family [PL]	https://iptvx.one/picons/canal-pl-family.png
canal-pl-film	Canal+ Film HD | Canal+ Film | Canal+ Film [PL]	https://iptvx.one/picons/canal-pl-film.png
canal-pl-foot-fr	Canal+ Foot [FR]	https://iptvx.one/picons/canal-pl-foot-fr.png
canal-pl-kuchnia	Canal+ Kuchnia HD | Canal+ Kuchnia | Canal+ Kuchnia [PL] | Kuchnia+ [PL] | Kuchnia+ HD [PL]	https://iptvx.one/picons/canal-pl-kuchnia.png
canal-pl-pl-fr	Canal+ Premier League [FR]	https://iptvx.one/picons/canal-pl-pl-fr.png
canal-pl-premium	Canal+ Premium HD | Canal+ Premium | Canal+ Premium [PL]	https://iptvx.one/picons/canal-pl-premium.png
canal-pl-seriale	Canal+ Seriale HD | Canal+ Seriale | Canal+ Seriale [PL]	https://iptvx.one/picons/canal-pl-seriale.png
canal-pl-sport-1	Canal+ Sport 1 [PL] | Canal+ Sport 1 HD [PL] | Canal+ Sport [PL] | Canal+ Sport HD [PL]	https://iptvx.one/picons/canal-pl-sport.png
canal-pl-sport-2	Canal+ Sport 2 [PL] | Canal+ Sport 2 HD [PL]	https://iptvx.one/picons/canal-pl-sport-2.png
canal-pl-sport-3	Canal+ Sport 3 [PL] | Canal+ Sport 3 HD [PL]	https://iptvx.one/picons/canal-pl-sport-3.png
canal-pl-sport-3-cz	Canal+ Sport 3 [CZ]	https://iptvx.one/picons/canal-pl-sport-3-cz.png
canal-pl-sport-4	Canal+ Sport 4 [PL] | Canal+ Sport 4 HD [PL]	https://iptvx.one/picons/canal-pl-sport-4.png
canal-pl-sport-4-cz	Canal+ Sport 4 [CZ]	https://iptvx.one/picons/canal-pl-sport-4-cz.png
canal-pl-sport-5	Canal+ Sport 5 [PL] | Canal+ Sport 5 HD [PL] | nSport+ [PL]	https://iptvx.one/picons/canal-pl-sport-5.png
canal-pl-sport-5-cz	Canal+ Sport 5 [CZ]	https://iptvx.one/picons/canal-pl-sport-5-cz.png
canal-pl-sport-6-cz	Canal+ Sport 6 [CZ]	https://iptvx.one/picons/canal-pl-sport-6-cz.png
canal-pl-sport-7-cz	Canal+ Sport 7 [CZ]	https://iptvx.one/picons/canal-pl-sport-7-cz.png
canal-pl-sport-8-cz	Canal+ Sport 8 [CZ]	https://iptvx.one/picons/canal-pl-sport-8-cz.png
canal-pl-sport-cz	Canal+ Sport [CZ]	https://iptvx.one/picons/canal-pl-sport-cz.png
canal-pl-sport-fr	Canal+ Sport [FR]	https://iptvx.one/picons/canal-pl-sport-fr.png
canal-pl-sport2-cz	Canal+ Sport 2 [CZ]	https://iptvx.one/picons/canal-pl-sport2-cz.png
canal-pl-sport360-fr	Canal+ Sport 360 [FR]	https://iptvx.one/picons/canal-pl-sport360-fr.png
canal11-pt	Canal 11 [PT]	https://iptvx.one/picons/canal11-pt.png
candy	Candy | Candy 3D HD | Candy HD	https://iptvx.one/picons/candy.png
candyman	CandyMan | Candy Man	https://iptvx.one/picons/candyman.png
cars-n-stars	Cars & Stars TV	https://iptvx.one/picons/cars-n-stars.png
cartoon-classics	Cartoon Classics	https://iptvx.one/picons/cartoon-classics.png
cartoon-network	Cartoon Network | Cartoon Network HD	https://iptvx.one/picons/cartoon-network.png
cartoons-90	Cartoons 90	https://iptvx.one/picons/cartoons-90.png
cartoons-big	Cartoons Big	https://iptvx.one/picons/cartoons-big.png
cartoons-short	Cartoons Short	https://iptvx.one/picons/cartoons-short.png
caspian-news	Caspian News | Caspian News HD	https://iptvx.one/picons/caspian-news.png
cbbc-uk	CBBC HD [UK] | CBBC [UK]	https://iptvx.one/picons/cbbc-uk.png
cbc-az	CBC | CBC AZ	https://iptvx.one/picons/cbc-az.png
cbc-sport	CBC Sport | CBC Sport HD	https://iptvx.one/picons/cbc-sport.png
cbeebies-uk	CBeebies HD [UK] | CBeebies HD [UK]	https://iptvx.one/picons/cbeebies-uk.png
cbs-sports-network-us	CBS Sports Network [US]	https://iptvx.one/picons/cbs-sports-network-us.png
cctv-ru	CCTV-Русский | CGTN-Русский	https://iptvx.one/picons/cctv-ru.png
cctv4	CCTV4 | CCTV4 Europe	https://iptvx.one/picons/cctv4.png
centr-kraskoyarsk	Центр Красноярск	https://iptvx.one/picons/centr-kraskoyarsk.png
centralnoye-tv	ЦТ | ЦТВ | Центральное телевидение	https://iptvx.one/picons/centralnoye-tv.png
cgtn	CGTN	https://iptvx.one/picons/cgtn.png
channel-11-il	Channel 11 [IL] | Кан 11 HD	https://iptvx.one/picons/channel-11-il.png
channel-12-il	Channel 12 [IL] | Кешет HD	https://iptvx.one/picons/channel-12-il.png
channel-13-il	Channel 13 [IL] | Решет HD	https://iptvx.one/picons/channel-13-il.png
chavash-en	Чаваш ЕН	https://iptvx.one/picons/chavash-en.png
che	Че | Че!	https://iptvx.one/picons/che.png
che-pl2	Че +2 | Че! (+2)	https://iptvx.one/picons/che-pl2.png
che-pl4	Че +4 | Че! (+4)	https://iptvx.one/picons/che-pl4.png
che-pl7	Че +7 | Че! (+7)	https://iptvx.one/picons/che-pl7.png
chemodan	Чемодан	https://iptvx.one/picons/chemodan.png
chestny-detektiv	Честный детектив	https://iptvx.one/picons/chestny-detektiv.png
chizhik	Чижик	https://iptvx.one/picons/chizhik.png
ci-polsat	CI Polsat [PL] | CI Polsat | CI Polsat HD | Crime + Investigation [PL]	https://iptvx.one/picons/ci-polsat.png
cine-plus	Cine+ | Cine+ HD	https://iptvx.one/picons/cine-plus.png
cine-plus-hit-hd	Cine+ Hit | Cine+ Hit HD	https://iptvx.one/picons/cine-plus-hit-hd.png
cine-plus-kids	Cine+ Kids | Cine+ Kids HD	https://iptvx.one/picons/cine-plus-kids.png
cine-plus-ledend	Cine+ Legend HD | Cine+ Legend	https://iptvx.one/picons/cine-plus-ledend.png
cine-plus-mix	Cine+ Mix	https://iptvx.one/picons/cine-plus-mix.png
cinema	Cinema Cosmos TV | Cinema Космос ТВ	https://iptvx.one/picons/cinema.png
cinema-ru	Cinema | Cinema HD	https://iptvx.one/picons/cinema-ru.png
cinema1-md	Cinema 1 MD | Cinema 1 Молдова	https://iptvx.one/picons/cinema1-md.png
cineman	CineMan	https://iptvx.one/picons/cineman.png
cineman-action	CineMan Action	https://iptvx.one/picons/cineman-action.png
cineman-aircrash	CineMan Air Crash	https://iptvx.one/picons/cineman-aircrash.png
cineman-comedy	CineMan Комедия	https://iptvx.one/picons/cineman-comedy.png
cineman-dub-ssr	CineMan Дубляж СССР	https://iptvx.one/picons/cineman-dub-ssr.png
cineman-fitnes	CineMan Фитнес	https://iptvx.one/picons/cineman-fitnes.png
cineman-gluhar	CineMan Криминальные Сериалы	https://iptvx.one/picons/cineman-gluhar.png
cineman-katastrofy	CineMan Катастрофы	https://iptvx.one/picons/cineman-katastrofy.png
cineman-kids4k	CineMan Kids 4K	https://iptvx.one/picons/cineman-kids4k.png
cineman-komseri	CineMan Комедийные сериалы	https://iptvx.one/picons/cineman-komseri.png
cineman-lesnik	CineMan Лесник	https://iptvx.one/picons/cineman-lesnik.png
cineman-marvel	CineMan Marvel	https://iptvx.one/picons/cineman-marvel.png
cineman-melodrama	CineMan Melodrama	https://iptvx.one/picons/cineman-melodrama.png
cineman-miniseries	CineMan MiniSeries	https://iptvx.one/picons/cineman-miniseries.png
cineman-musw	CineMan Ментовские Войны	https://iptvx.one/picons/cineman-musw.png
cineman-old4k	CineMan OLD 4K	https://iptvx.one/picons/cineman-old4k.png
cineman-pes	CineMan ПёС + Лихач	https://iptvx.one/picons/cineman-pes.png
cineman-premium	CineMan Premium	https://iptvx.one/picons/cineman-premium.png
cineman-relax	CineMan Relax 4K	https://iptvx.one/picons/cineman-relax.png
cineman-rukino	CineMan РуКино	https://iptvx.one/picons/cineman-rukino.png
cineman-simps	CineMan Симпсоны	https://iptvx.one/picons/cineman-simps.png
cineman-skorpom	CineMan Скорая помощь	https://iptvx.one/picons/cineman-skorpom.png
cineman-sssr-fhd	CineMan CCCP FHD	https://iptvx.one/picons/cineman-sssr-fhd.png
cineman-sssr4k	CineMan CCCP 4K	https://iptvx.one/picons/cineman-sssr4k.png
cineman-svaty	CineMan Сваты	https://iptvx.one/picons/cineman-svaty.png
cineman-thriller	CineMan Thriller	https://iptvx.one/picons/cineman-thriller.png
cineman-top	CineMan Top	https://iptvx.one/picons/cineman-top.png
cineman-uzhasy	CineMan Ужасы	https://iptvx.one/picons/cineman-uzhasy.png
cineman-vhs	CineMan VHS	https://iptvx.one/picons/cineman-vhs.png
cineman-vovserials	CineMan Военные Сериалы	https://iptvx.one/picons/cineman-vovserials.png
cinemax	Cinemax | Cinemax HD	https://iptvx.one/picons/cinemax.png
cinemax-kg	Cinemax [KG]	https://iptvx.one/picons/cinemax-kg.png
cinemax2	Cinemax 2 | Cinemax 2 HD	https://iptvx.one/picons/cinemax2.png
city-tv-bg	City TV [BG]	https://iptvx.one/picons/city-tv-bg.png
cityedem-kinoact	Сити Эдем - КиноЭкшен	https://iptvx.one/picons/cityedem-kinoact.png
cityedem-kinoazia	Сити Эдем - КиноАзия	https://iptvx.one/picons/cityedem-kinoazia.png
cityedem-kinoklas	Сити Эдем - КиноКлассика	https://iptvx.one/picons/cityedem-kinoklas.png
cityedem-kinomist	Сити Эдем - КиноМистика	https://iptvx.one/picons/cityedem-kinomist.png
cityedem-kinosem	Сити Эдем - КиноСемья	https://iptvx.one/picons/cityedem-kinosem.png
cityedem-telenov	Сити Эдем - Теленовелла	https://iptvx.one/picons/cityedem-telenov.png
ck1-ua	СК1 | СК1 Житомир	https://iptvx.one/picons/ck1-ua.png
clarity4k-anime	Clarity4K Anime	https://iptvx.one/picons/clarity4k-anime.png
clarity4k-asia	Clarity4K Asia	https://iptvx.one/picons/clarity4k-asia.png
clarity4k-avtomaster	Clarity4K Авто Блог | Clarity4K АвтоМастер	https://iptvx.one/picons/clarity4k-avtomaster.png
clarity4k-boevik	Clarity4K Боевик	https://iptvx.one/picons/clarity4k-boevik.png
clarity4k-boevikvhs	Clarity4K Боевик VHS	https://iptvx.one/picons/clarity4k-boevikvhs.png
clarity4k-cinema001-hdr	Clarity4K HDR Cinema MIX 1	https://iptvx.one/picons/clarity4k-cinema001-hdr.png
clarity4k-cinema002-hdr	Clarity4K HDR Cinema MIX 2	https://iptvx.one/picons/clarity4k-cinema002-hdr.png
clarity4k-cinema003-hdr	Clarity4K HDR Cinema MIX 3	https://iptvx.one/picons/clarity4k-cinema003-hdr.png
clarity4k-cinema004-hdr	Clarity4K HDR Cinema MIX 4	https://iptvx.one/picons/clarity4k-cinema004-hdr.png
clarity4k-cinema005-hdr	Clarity4K HDR Cinema MIX 5	https://iptvx.one/picons/clarity4k-cinema005-hdr.png
clarity4k-cinema006-hdr	Clarity4K HDR Cinema MIX 6	https://iptvx.one/picons/clarity4k-cinema006-hdr.png
clarity4k-cinema007-hdr	Clarity4K HDR Cinema MIX 7	https://iptvx.one/picons/clarity4k-cinema007-hdr.png
clarity4k-cinema008-hdr	Clarity4K HDR Cinema MIX 8	https://iptvx.one/picons/clarity4k-cinema008-hdr.png
clarity4k-cinema009-hdr	Clarity4K HDR Cinema MIX 9	https://iptvx.one/picons/clarity4k-cinema009-hdr.png
clarity4k-cinema010-hdr	Clarity4K HDR Cinema MIX 10	https://iptvx.one/picons/clarity4k-cinema010-hdr.png
clarity4k-comedya-vhs	Clarity4K Комедия VHS | Clarity4K Комедия (VHS)	https://iptvx.one/picons/clarity4k-comedya-vhs.png
clarity4k-dramy	Clarity4K Драмы	https://iptvx.one/picons/clarity4k-dramy.png
clarity4k-edinoborstva	Clarity4K Единоборства	https://iptvx.one/picons/clarity4k-edinoborstva.png
clarity4k-fantastik	Clarity4K Фантастика	https://iptvx.one/picons/clarity4k-fantastik.png
clarity4k-fantastik-s	Clarity4K Фантастика (siries)	https://iptvx.one/picons/clarity4k-fantastik-s.png
clarity4k-fentezy	Clarity4K Фэнтези	https://iptvx.one/picons/clarity4k-fentezy.png
clarity4k-galaxyfilms	Clarity4K Galaxy Films	https://iptvx.one/picons/clarity4k-galaxyfilms.png
clarity4k-gamefilm	Clarity4K Gamefilm	https://iptvx.one/picons/clarity4k-gamefilm.png
clarity4k-hboseries	Clarity4K HBO series	https://iptvx.one/picons/clarity4k-hboseries.png
clarity4k-istoriivrema	Clarity4K Ужасы VHS | Clarity4K Истории во времени	https://iptvx.one/picons/clarity4k-istoriivrema.png
clarity4k-kinidetisssr	Clarity4K Kинодети CССР	https://iptvx.one/picons/clarity4k-kinidetisssr.png
clarity4k-kinofranshizy	Clarity4K КиноФраншизы	https://iptvx.one/picons/clarity4k-kinofranshizy.png
clarity4k-kinonowinki	Clarity4K КиноНовинки	https://iptvx.one/picons/clarity4k-kinonowinki.png
clarity4k-kinoszarm	Clarity4K КиноШарм	https://iptvx.one/picons/clarity4k-kinoszarm.png
clarity4k-komedia	Clarity4K Комедия	https://iptvx.one/picons/clarity4k-komedia.png
clarity4k-komediasssr1	Clarity4K Комедия СССР 1	https://iptvx.one/picons/clarity4k-komediasssr1.png
clarity4k-komediasssr2	Clarity4K Комедия СССР 2	https://iptvx.one/picons/clarity4k-komediasssr2.png
clarity4k-kosmomir	Clarity4K Космомир	https://iptvx.one/picons/clarity4k-kosmomir.png
clarity4k-kosmomir2	Clarity4K Космомир 2	https://iptvx.one/picons/clarity4k-kosmomir2.png
clarity4k-marvel	Clarity4K Marvel	https://iptvx.one/picons/clarity4k-marvel.png
clarity4k-molkom	Clarity4K Молодежные комедии	https://iptvx.one/picons/clarity4k-molkom.png
clarity4k-multimir	Clarity4K Мультимир	https://iptvx.one/picons/clarity4k-multimir.png
clarity4k-multlandia	Clarity4K Мультляндия	https://iptvx.one/picons/clarity4k-multlandia.png
clarity4k-nashekino	Clarity4K Наше кино	https://iptvx.one/picons/clarity4k-nashekino.png
clarity4k-netflix	Clarity4K Netflix	https://iptvx.one/picons/clarity4k-netflix.png
clarity4k-prikluchenia	Clarity4K Приключения	https://iptvx.one/picons/clarity4k-prikluchenia.png
clarity4k-puteshestvie	Clarity4K Travel Blog | Clarity4K Путешествие	https://iptvx.one/picons/clarity4k-puteshestvie.png
clarity4k-relaxkamin	Clarity4К Города | Clarity4K Relax Камин | Clarity4К Around The World	https://iptvx.one/picons/clarity4k-relaxkamin.png
clarity4k-retroskazka1	Clarity4K Ретро-Сказка 1	https://iptvx.one/picons/clarity4k-retroskazka1.png
clarity4k-retroskazka2	Clarity4K Ретро-Сказка 2	https://iptvx.one/picons/clarity4k-retroskazka2.png
clarity4k-ruserialy	Clarity4K Русские сериалы	https://iptvx.one/picons/clarity4k-ruserialy.png
clarity4k-sdelanowsssr	Clarity4K КиноСССР | Clarity4K Сделано в СССР	https://iptvx.one/picons/clarity4k-sdelanowsssr.png
clarity4k-semejny	Clarity4K Семейный	https://iptvx.one/picons/clarity4k-semejny.png
clarity4k-sumerefir	Clarity4K Сумеречный Эфир	https://iptvx.one/picons/clarity4k-sumerefir.png
clarity4k-teatr	Clarity4K Театр	https://iptvx.one/picons/clarity4k-teatr.png
clarity4k-thriller	Clarity4K Триллер	https://iptvx.one/picons/clarity4k-thriller.png
clarity4k-ufo	Clarity4K UFO	https://iptvx.one/picons/clarity4k-ufo.png
clarity4k-universe	Clarity4K Вселенная	https://iptvx.one/picons/clarity4k-universe.png
clarity4k-uzasy	Clarity4K Ужасы	https://iptvx.one/picons/clarity4k-uzasy.png
clarity4k-uzhvhs-s	Clarity4K Ужасы VHS (siries)	https://iptvx.one/picons/clarity4k-uzhvhs-s.png
clarity4k-waltdisney	Clarity4K Walt Disney	https://iptvx.one/picons/clarity4k-waltdisney.png
clarity4k-western	Clarity4K Классика кино | Clarity4K Вестерн	https://iptvx.one/picons/clarity4k-western.png
clarity4k-zapal	Clarity4K Запал	https://iptvx.one/picons/clarity4k-zapal.png
clarity4k-zwerinmir	Clarity4K Звериный мир	https://iptvx.one/picons/clarity4k-zwerinmir.png
classic-music	Classic Music | Classic Music HD	https://iptvx.one/picons/classic-music.png
clubbing-tv	Clubbing TV | Clubbing TV HD	https://iptvx.one/picons/clubbing-tv.png
clubland-uk	Clubland UK	https://iptvx.one/picons/clubland-uk.png
cmore-fotboll	C More Fotboll HD | TV4 Fotboll HD | TV4 Fotboll | C More Fotboll	https://iptvx.one/picons/cmore-fotboll.png
cmore-golf	C More Mix HD | TV4 Motor HD | TV4 Motor | C More Mix | C More Golf HD | C More Golf	https://iptvx.one/picons/cmore-golf.png
cmore-hockey	C More Hockey HD | TV4 Hockey HD | TV4 Hockey | C More Hockey	https://iptvx.one/picons/cmore-hockey.png
cnbc-europe	CNBC | CNBC Europe	https://iptvx.one/picons/cnbc-europe.png
cnbc-us	CNBC [US]	https://iptvx.one/picons/cnbc-us.png
cnl-amerika	GNC Америка | CNL Америка	https://iptvx.one/picons/cnl-amerika.png
cnl-eu	GNC Европа | CNL Европа	https://iptvx.one/picons/cnl-eu.png
cnl-sibir	GNC Сибирь | CNL Сибирь	https://iptvx.one/picons/cnl-sibir.png
cnn	CNN International | CNNI | CNN International HD	https://iptvx.one/picons/cnn.png
cnn-turk	CNN TÜRK HD	https://iptvx.one/picons/cnn-turk.png
comedy-central-pl	Comedy Central [PL] | Comedy Central HD [PL]	https://iptvx.one/picons/comedy-central-pl.png
comedy-stage-c	Comedy Stage	https://iptvx.one/picons/comedy-stage-c.png
continent-e	Continent E	https://iptvx.one/picons/continent-e.png
cosmote-sport1-gr	Cosmote Sport 1 [GR]	https://iptvx.one/picons/cosmote-sport1-gr.png
cosmote-sport2-gr	Cosmote Sport 2 [GR]	https://iptvx.one/picons/cosmote-sport2-gr.png
cosmote-sport3-gr	Cosmote Sport 3 [GR]	https://iptvx.one/picons/cosmote-sport3-gr.png
cosmote-sport4-gr	Cosmote Sport 4 [GR]	https://iptvx.one/picons/cosmote-sport4-gr.png
cosmote-sport5-gr	Cosmote Sport 5 [GR]	https://iptvx.one/picons/cosmote-sport5-gr.png
cosmote-sport6-gr	Cosmote Sport 6 [GR]	https://iptvx.one/picons/cosmote-sport6-gr.png
cosmote-sport7-gr	Cosmote Sport 7 [GR]	https://iptvx.one/picons/cosmote-sport7-gr.png
cosmote-sport8-gr	Cosmote Sport 8 [GR]	https://iptvx.one/picons/cosmote-sport8-gr.png
cosmote-sport9-gr	Cosmote Sport 9 [GR]	https://iptvx.one/picons/cosmote-sport9-gr.png
courtside1891	Courtside 1891	https://iptvx.one/picons/courtside1891.png
cricbuzz	CricBuzz	https://iptvx.one/picons/cricbuzz.png
crime-golden-c	Crime Golden	https://iptvx.one/picons/crime-golden-c.png
crime-today-c	Crime Today	https://iptvx.one/picons/crime-today-c.png
ct-sport	ČT4 Sport | ČT Sport | CT Sport | CT4 Sport	https://iptvx.one/picons/ct-sport.png
ct1-cz	ČT1	https://iptvx.one/picons/ct1-cz.png
ct2-cz	ČT2	https://iptvx.one/picons/ct2-cz.png
ct24-cz	ČT24	https://iptvx.one/picons/ct24-cz.png
cum4k	Cum4k UHD	https://iptvx.one/picons/cum4k.png
curiosity-stream	Curiosity Stream | Curiosity Stream HD	https://iptvx.one/picons/curiosity-stream.png
d1-dnepr	D1 | ТРК Регион	https://iptvx.one/picons/d1-dnepr.png
da-vinci	Da Vinci Learning | Да Винчи | Da Vinci	https://iptvx.one/picons/da-vinci.png
da-vinci-eu	Da Vinci Learning Europe | Da Vinci Europe | Da Vinci Україна | Да Винчи Україна | Da Vinci Украина | Да Винчи Украина	https://iptvx.one/picons/da-vinci.png
dacha	Дача | Дача HD	https://iptvx.one/picons/dacha.png
dajving-tv	Дайвинг.TV | Дайвинг TV	https://iptvx.one/picons/dajving-tv.png
das-erste	Das Erste | Das Erste HD	https://iptvx.one/picons/das-erste.png
dazn-f1-es	DAZN F1 [ES]	https://iptvx.one/picons/dazn-f1-es.png
dazn-fast-de	Dazn Fast [DE]	https://iptvx.one/picons/dazn-fast-de.png
dazn-laliga-es	DAZN LALIGA [ES]	https://iptvx.one/picons/dazn-laliga-es.png
dazn-laliga2-es	DAZN LALIGA 2 [ES]	https://iptvx.one/picons/dazn-laliga2-es.png
dazn-rise-de	Dazn Rise [DE]	https://iptvx.one/picons/dazn-rise-de.png
dazn1-es	DAZN 1 [ES]	https://iptvx.one/picons/dazn1-es.png
dazn2-es	DAZN 2 [ES]	https://iptvx.one/picons/dazn2-es.png
daznbar1	DAZN 1 HD | DAZN Bar 1 HD	https://iptvx.one/picons/daznbar1.png
daznbar2	DAZN 2 HD | DAZN Bar 2 HD	https://iptvx.one/picons/daznbar2.png
deejaytv-it	Deejay TV [IT]	https://iptvx.one/picons/deejaytv-it.png
delfi-tv	Delfi.TV | Delfi.TV HD	https://iptvx.one/picons/delfi-tv.png
deluxe-dance-de	Deluxe Dance [DE]	https://iptvx.one/picons/deluxe-dance-de.png
deluxe-lounge-de	Deluxe Lounge [DE]	https://iptvx.one/picons/deluxe-lounge-de.png
deluxe-music-de	Deluxe Music [DE]	https://iptvx.one/picons/deluxe-music-de.png
deluxe-rap-de	Deluxe Rap [DE]	https://iptvx.one/picons/deluxe-rap-de.png
denpobedy	День Победы | День Победы HD	https://iptvx.one/picons/denpobedy.png
detectivejam	DetectiveJam	https://iptvx.one/picons/detectivejam.png
detkino-tviksel	Детское кино (TvikselTV)	https://iptvx.one/picons/detkino-tviksel.png
detkinoint-tviksel	Детское кино International	https://iptvx.one/picons/detkinoint-tviksel.png
detskoe-kino	Детское кино | Детское кино HD	https://iptvx.one/picons/detskoe-kino.png
detsky	Уникум | Детский | Детский HD | Уникум HD	https://iptvx.one/picons/unikum.png
detsky-mir	Детский мир	https://iptvx.one/picons/detsky-mir.png
deutsche-welle-eu	Deutsche Welle Europe | DW Europe	https://iptvx.one/picons/deutsche-welle-eu.png
deutsche-welle-ru	Deutsche Welle Russia | DW Russia	https://iptvx.one/picons/deutsche-welle-ru.png
deviatka	Девятка ТВ	https://iptvx.one/picons/deviatka.png
devon-info	Девон-Инфо	https://iptvx.one/picons/devon-info.png
dialogi-o-rybalke	Диалоги о рыбалке	https://iptvx.one/picons/dialogi-o-rybalke.png
diema-sport-1	Diema Sport | Diema Sport HD | Diema Sport 1 | Diema Sport 1 HD	https://iptvx.one/picons/diema-sport-1.png
diema-sport-2	Diema Sport 2 | Diema Sport 2 HD	https://iptvx.one/picons/diema-sport-2.png
diema-sport-3	Diema Sport 3 | Diema Sport 3 HD	https://iptvx.one/picons/diema-sport-3.png
digi-4k-ro	Digi 4K [RO]	https://iptvx.one/picons/digi-4k-ro.png
digisport1	DIGI Sport 1 | DIGI Sport 1 HD | DIGI Sport 1 HD RO	https://iptvx.one/picons/digisport1.png
digisport2	DIGI Sport 2 | DIGI Sport 2 HD | DIGI Sport 2 HD RO	https://iptvx.one/picons/digisport2.png
digisport3	DIGI Sport 3 | DIGI Sport 3 HD | DIGI Sport 3 HD RO	https://iptvx.one/picons/digisport3.png
digisport4	DIGI Sport 4 | DIGI Sport 4 HD | DIGI Sport 4 HD RO	https://iptvx.one/picons/digisport4.png
digital-desire	Digital Desire HD | Digital Desire	https://iptvx.one/picons/digital-desire.png
digiworld	DIGI World RO | DIGI World HD RO	https://iptvx.one/picons/digiworld.png
dikaya-oxota-hd	Дикая охота HD | Дикая охота	https://iptvx.one/picons/dikaya-oxota-hd.png
dikaya-rybalka-hd	Дикая рыбалка HD | Дикая рыбалка	https://iptvx.one/picons/dikaya-rybalka-hd.png
dikiy	Дикий HD | Дикий	https://iptvx.one/picons/dikiy.png
dimgrad24	ДимГрад 24	https://iptvx.one/picons/dimgrad24.png
disco-polo-music-pl	Disco Polo Music [PL]	https://iptvx.one/picons/disco-polo-music-pl.png
discovery-channel	Discovery Channel | Discovery | Discovery HD | Discovery Channel HD | Discovery Центральная Европа | Discovery Channel Центральная Европа | Discovery CE	https://iptvx.one/picons/discovery-channel.png
discovery-channel-pl	Discovery Channel [PL] | Discovery Channel HD [PL]	https://iptvx.one/picons/discovery-channel-pl.png
discovery-historia-pl	Discovery Historia [PL]	https://iptvx.one/picons/discovery-historia-pl.png
discovery-life-pl	Discovery Life [PL] | Discovery Life HD [PL]	https://iptvx.one/picons/discovery-life-pl.png
discovery-science	Discovery Science | Discovery Science HD	https://iptvx.one/picons/discovery-science.png
discovery-science-pl	Discovery Science [PL] | Discovery Science HD [PL]	https://iptvx.one/picons/discovery-science-pl.png
disney-c	Disney	https://iptvx.one/picons/disney-c.png
disney-channel-pl	Disney Channel [PL] | Disney Channel HD [PL]	https://iptvx.one/picons/disney-channel-pl.png
disney-jr	Disney Junior [PL] | Disney Junior HD [PL]	https://iptvx.one/picons/disney-jr.png
disney-xd	Disney XD [PL] | Disney XD HD [PL]	https://iptvx.one/picons/disney-xd.png
divisport	DiviSport	https://iptvx.one/picons/divisport.png
dlaciebie-pl	dlaCiebie.tv [PL]	https://iptvx.one/picons/dlaciebie-pl.png
dmax-tr	DMAX HD TR | DMAX TR	https://iptvx.one/picons/dmax-tr.png
dniprotv	ДнiпроTV | Днiпро TV	https://iptvx.one/picons/dniprotv.png
docubox-hd	DocuBox HD | DocuBox	https://iptvx.one/picons/docubox-hd.png
doktor	Доктор | Доктор HD	https://iptvx.one/picons/doktor.png
dom	Дом | Дiм	https://iptvx.one/picons/dom.png
domashnie-zhivotnye	Домашние животные	https://iptvx.one/picons/domashnie-zhivotnye.png
domashny	Домашний | Домашний HD	https://iptvx.one/picons/domashny.png
domashny-int	Домашний International | Домашний Int | Домашний Международный	https://iptvx.one/picons/domashny-int.png
domashny-magazin	Домашний магазин | Leomax + | Leomax+ | ТТС | Дисконт	https://iptvx.one/picons/domashny-magazin.png
domashny-pl2	Домашний (+2)	https://iptvx.one/picons/domashny-pl2.png
domashny-pl4	Домашний (+4)	https://iptvx.one/picons/domashny-pl4.png
domashny-pl7	Домашний (+7)	https://iptvx.one/picons/domashny-pl7.png
domkino	Дом кино	https://iptvx.one/picons/domkino.png
domkino-int	Дом кино International	https://iptvx.one/picons/domkino.png
domkino-premium	Дом кино Премиум | Дом кино Премиум HD	https://iptvx.one/picons/domkino-premium.png
domochag-kz	Домашний Очаг [KZ] | Домашний Очаг	https://iptvx.one/picons/domochag-kz.png
domodedovo	Домодедово | Домодедово ТВ	https://iptvx.one/picons/domodedovo.png
don-24	Дон 24	https://iptvx.one/picons/don-24.png
dorama	Дорама | Дорама HD	https://iptvx.one/picons/dorama.png
dorcel	Dorcel | Dorcel HD | Dorcel TV | Dorcel TV HD	https://iptvx.one/picons/dorcel.png
dorcel-xxx	Dorcel XXX | Dorcel XXX HD | DorcelXXX | DorcelXXX HD	https://iptvx.one/picons/dorcel-xxx.png
dorozhnoe-radio	Дорожное радио	https://iptvx.one/picons/dorozhnoe-radio.png
dostyk-kz	Достық [KZ] | Dostyk [KZ]	https://iptvx.one/picons/dostyk-kz.png
doverie	Доверие | Москва. Доверие	https://iptvx.one/picons/doverie.png
dozhd	Дождь | Дождь HD	https://iptvx.one/picons/dozhd.png
dream-turk-tr	Dream Türk [TR]	https://iptvx.one/picons/dream-turk-tr.png
drive	Драйв	https://iptvx.one/picons/drive.png
dstv-bg	DSTV [BG]	https://iptvx.one/picons/dstv-bg.png
dtx-pl	DTX [PL] | DTX HD [PL]	https://iptvx.one/picons/dtx-pl.png
ducktv	ducktv | Duck TV | Duck TV HD	https://iptvx.one/picons/ducktv.png
ducktv-plus	ducktv plus | Duck TV Plus | Duck TV Plus HD	https://iptvx.one/picons/ducktv-plus.png
dumatv	ДумаТВ | Дума ТВ	https://iptvx.one/picons/dumatv.png
dunyo-uz	Dunyo [UZ]	https://iptvx.one/picons/dunyo-uz.png
duo-one-ee	Duo One [EE]	https://iptvx.one/picons/duo-one-ee.png
duo5-lv	Duo 5 LV	https://iptvx.one/picons/duo5-lv.png
duo7ee	Duo 7 [EE] | Kanal 7 [EE]	https://iptvx.one/picons/duo7ee.png
duo7lv	Duo 7 [LV] | Kanal 7 [LV]	https://iptvx.one/picons/duo7lv.png
dushevnoe	Душевное SD | Душевное | Наш кинороман | Наш кинороман SD	https://iptvx.one/picons/dushevnoe.png
dushevnoe-hd	Душевное HD | Наш кинороман HD	https://iptvx.one/picons/dushevnoe-hd.png
dynamo-kyiv-tv	Dynamo Kyiv TV	https://iptvx.one/picons/dynamo-kyiv-tv.png
dzenzhinsk-tv	Дзержинск ТВ	https://iptvx.one/picons/dzenzhinsk-tv.png
e-entertaiment-pl	E! Entertainment [PL] | E! Entertainment HD [PL]	https://iptvx.one/picons/e-entertaiment-pl.png
earth-twl	EarthTV The World Live | Earth TV The World Live	https://iptvx.one/picons/earth-twl.png
ech	Эх!	https://iptvx.one/picons/ech.png
echotv	Эхо TV	https://iptvx.one/picons/echotv.png
echotv24	Эхо ТВ 24 | Эхо TV 24	https://iptvx.one/picons/echotv24.png
eda	Еда	https://iptvx.one/picons/eda.png
eda-hd	FoodTime | Еда HD | Еда Премиум HD | Еда Премиум	https://iptvx.one/picons/eda-hd.png
eda-hd-int	Еда Премиум Int. HD | Еда Премиум Международный | Еда Премиум International | Еда Премиум Международный HD | Еда Премиум International HD	https://iptvx.one/picons/eda-hd-int.png
edgesport-de	Sportdigital EDGE [DE] | Edge Sport [DE]	https://iptvx.one/picons/edgesport-de.png
eesti-kanal	Eesti Kanal	https://iptvx.one/picons/eesti-kanal.png
efir24-relax	Эфир | Эфир-24	https://iptvx.one/picons/efir24-relax.png
ege-tv	ЕГЭ	https://iptvx.one/picons/ege-tv.png
eko-tv	Эко-ТВ | Eco TV	https://iptvx.one/picons/eko-tv.png
eleven-sport1-pt	DAZN 1 PT | Eleven Sports 1 PT	https://iptvx.one/picons/eleven-sport1-pt.png
eleven-sport2-pt	DAZN 2 PT | Eleven Sports 2 PT	https://iptvx.one/picons/eleven-sport2-pt.png
eleven-sport3-pt	DAZN 3 PT | Eleven Sports 3 PT	https://iptvx.one/picons/eleven-sport3-pt.png
eleven-sport4-pt	DAZN 4 PT | Eleven Sports 4 PT	https://iptvx.one/picons/eleven-sport4-pt.png
eleven-sport5-pt	DAZN 5 PT | Eleven Sports 5 PT	https://iptvx.one/picons/eleven-sport5-pt.png
eleven-sport6-pt	DAZN 6 PT | Eleven Sports 6 PT	https://iptvx.one/picons/eleven-sport6-pt.png
eleven-sports-1	Eleven Sports 1 [PL] | Eleven Sports 1 HD [PL] | Eleven Sports 1 4K [PL]	https://iptvx.one/picons/eleven-sports-1.png
eleven-sports-2	Eleven Sports 2 [PL] | Eleven Sports 2 HD [PL]	https://iptvx.one/picons/eleven-sports-2.png
eleven-sports-3	Eleven Sports 3 [PL] | Eleven Sports 3 HD [PL]	https://iptvx.one/picons/eleven-sports-3.png
eleven-sports-4	Eleven Sports 4 [PL] | Eleven Sports 4 HD [PL]	https://iptvx.one/picons/eleven-sports-4.png
eltr-kg	ЭлТР [KG]	https://iptvx.one/picons/eltr-kg.png
english-class	English Class	https://iptvx.one/picons/english-class.png
english-club-tv	English Club TV | English Club TV HD | English Club HD	https://iptvx.one/picons/englishclub.png
enisey-region	Енисей регион	https://iptvx.one/picons/enisey-region.png
enter-film	Enter-фильм | Enter-фiльм	https://iptvx.one/picons/enter-film.png
epic	Epic | Ep!c	https://iptvx.one/picons/epic.png
epic-drama-pl	Epic Drama [PL]	https://iptvx.one/picons/epic-drama-pl.png
epik-drama	Epic Drama | Epic Drama HD	https://iptvx.one/picons/epik-drama.png
epoque	Світло | Epoque	https://iptvx.one/picons/epoque.png
eqtv	eQtv	https://iptvx.one/picons/eqtv.png
equalympic	Equalympic | Equalympic HD	https://iptvx.one/picons/equalympic.png
equidia-fr	Equidia [FR]	https://iptvx.one/picons/equidia-fr.png
era	Эра	https://iptvx.one/picons/era.png
erkir-media	Еркир Медия (Армения)	https://iptvx.one/picons/erkir-media.png
eroluxe-4k	EroLuxe 4k	https://iptvx.one/picons/eroluxe-4k.png
eroluxe-4k60fps	EroLuxe 4k60fps	https://iptvx.one/picons/eroluxe-4k60fps.png
eroluxe-60fps	EroLuxe 60fps	https://iptvx.one/picons/eroluxe-60fps.png
eroluxe-anal	EroLuxe Anal	https://iptvx.one/picons/eroluxe-anal.png
eroluxe-asian	EroLuxe Asian	https://iptvx.one/picons/eroluxe-asian.png
eroluxe-babysitter	EroLuxe Babysitter	https://iptvx.one/picons/eroluxe-babysitter.png
eroluxe-bbw	EroLuxe BBW	https://iptvx.one/picons/eroluxe-bbw.png
eroluxe-bdsm	EroLuxe BDSM	https://iptvx.one/picons/eroluxe-bdsm.png
eroluxe-bigcock	EroLuxe BigCock	https://iptvx.one/picons/eroluxe-bigcock.png
eroluxe-blonde	EroLuxe Blonde	https://iptvx.one/picons/eroluxe-blonde.png
eroluxe-blowjob	EroLuxe Blowjob	https://iptvx.one/picons/eroluxe-blowjob.png
eroluxe-brunette	EroLuxe Brunette	https://iptvx.one/picons/eroluxe-brunette.png
eroluxe-cheerleader	EroLuxe Cheerleader	https://iptvx.one/picons/eroluxe-cheerleader.png
eroluxe-cinema	EroLuxe Cinema	https://iptvx.one/picons/eroluxe-cinema.png
eroluxe-cosplay	EroLuxe Cosplay	https://iptvx.one/picons/eroluxe-cosplay.png
eroluxe-creampie	EroLuxe Creampie	https://iptvx.one/picons/eroluxe-creampie.png
eroluxe-cuckold	EroLuxe Cuckold	https://iptvx.one/picons/eroluxe-cuckold.png
eroluxe-ebony	EroLuxe Ebony	https://iptvx.one/picons/eroluxe-ebony.png
eroluxe-faketaxi	EroLuxe FakeTaxi	https://iptvx.one/picons/eroluxe-faketaxi.png
eroluxe-fisting	EroLuxe Fisting	https://iptvx.one/picons/eroluxe-fisting.png
eroluxe-footfetish	EroLuxe FootFetish	https://iptvx.one/picons/eroluxe-footfetish.png
eroluxe-gangbang	EroLuxe Gangbang	https://iptvx.one/picons/eroluxe-gangbang.png
eroluxe-gays	EroLuxe Gays	https://iptvx.one/picons/eroluxe-gays.png
eroluxe-gloryhole	EroLuxe Gloryhole	https://iptvx.one/picons/eroluxe-gloryhole.png
eroluxe-henati	EroLuxe Henati	https://iptvx.one/picons/eroluxe-henati.png
eroluxe-japanese	EroLuxe Japanese	https://iptvx.one/picons/eroluxe-japanese.png
eroluxe-lesbians	EroLuxe Lesbians	https://iptvx.one/picons/eroluxe-lesbians.png
eroluxe-massage	EroLuxe Massage	https://iptvx.one/picons/eroluxe-massage.png
eroluxe-milf	EroLuxe MILF	https://iptvx.one/picons/eroluxe-milf.png
eroluxe-orgy	EroLuxe Orgy	https://iptvx.one/picons/eroluxe-orgy.png
eroluxe-parody	EroLuxe Parody	https://iptvx.one/picons/eroluxe-parody.png
eroluxe-pov	EroLuxe POV	https://iptvx.one/picons/eroluxe-pov.png
eroluxe-pregnant	EroLuxe Pregnant	https://iptvx.one/picons/eroluxe-pregnant.png
eroluxe-publicagent	EroLuxe PublicAgent	https://iptvx.one/picons/eroluxe-publicagent.png
eroluxe-redheads	EroLuxe RedHeads	https://iptvx.one/picons/eroluxe-redheads.png
eroluxe-russian	EroLuxe Russian	https://iptvx.one/picons/eroluxe-russian.png
eroluxe-schoolgirl	EroLuxe Schoolgirl	https://iptvx.one/picons/eroluxe-schoolgirl.png
eroluxe-shemale	EroLuxe Shemale	https://iptvx.one/picons/eroluxe-shemale.png
eroluxe-solo	EroLuxe Solo	https://iptvx.one/picons/eroluxe-solo.png
eroluxe-stepfamily	EroLuxe Stepfamily	https://iptvx.one/picons/eroluxe-stepfamily.png
eromania4k	Eromania 4K	https://iptvx.one/picons/eromania4k.png
erox	Erox	https://iptvx.one/picons/erox.png
erox-ua	Erox (Украина) | Erox Украина	https://iptvx.one/picons/erox-ua.png
eroxxxhd	Eroxxx HD	https://iptvx.one/picons/eroxxxhd.png
ertis	ERTIS	https://iptvx.one/picons/ertis.png
eskatv	Eska TV | Eska TV HD	https://iptvx.one/picons/eskatv.png
eskatv-extra	Eska TV Extra | Eska TV Extra HD	https://iptvx.one/picons/eskatv-extra.png
eskatv-rock	Eska Rock TV | Eska Rock TV HD	https://iptvx.one/picons/eskatv-rock.png
espn-news-us	ESPN News [US]	https://iptvx.one/picons/espn-news-us.png
espn-u-us	ESPN U [US]	https://iptvx.one/picons/espn-u-us.png
espn-us	ESPN [US]	https://iptvx.one/picons/espn-us.png
espn1-nl	ESPN 1 [NL] | ESPN [NL]	https://iptvx.one/picons/espn1-nl.png
espn2-nl	ESPN 2 [NL]	https://iptvx.one/picons/espn2-nl.png
espn2-us	ESPN2 [US]	https://iptvx.one/picons/espn2-us.png
espn3-nl	ESPN 3 [NL]	https://iptvx.one/picons/espn3-nl.png
espn3-us	ESPN3 [US]	https://iptvx.one/picons/espn3-us.png
espn4-nl	ESPN 4 [NL]	https://iptvx.one/picons/espn4-nl.png
espreso-tv	Еспресо TV | Еспресо TV HD | Еспресо | Еспресо HD	https://iptvx.one/picons/espreso-tv.png
etaplius-lv	Etaplius TV [LV]	https://iptvx.one/picons/etaplius-lv.png
ethno-world	Ethno World	https://iptvx.one/picons/ethno-world.png
etno-kanal-ua	Етно канал HD | Етно канал	https://iptvx.one/picons/etno-kanal-ua.png
etv-ee	ETV Эстония	https://iptvx.one/picons/etv-ee.png
etv-plus-ee	ETV+ Эстония	https://iptvx.one/picons/etv-plus-ee.png
etv2-ee	ETV2 Эстония	https://iptvx.one/picons/etv2-ee.png
eu-music	EU.Music | EU.Music HD	https://iptvx.one/picons/eu-music.png
eureka-hd	Первый Космический | Первый Космический HD | Eureka HD | Eureka | Эврика | Эврика HD	https://iptvx.one/picons/kosmichesky.png
eurochannel	Eurochannel | Euro Channel	https://iptvx.one/picons/eurochannel.png
euronews	EuroNews | Евроновости	https://iptvx.one/picons/euronews.png
euronews-en	Euronews (английский) | Euronews EN	https://iptvx.one/picons/euronews-en.png
europa-plus-tv	Европа Плюс ТВ | Europa Plus TV HD | Europa Plus TV	https://iptvx.one/picons/europa-plus-tv.png
europe2pop-fr	Europe 2 Pop TV [FR]	https://iptvx.one/picons/europe2pop-fr.png
eurosport-3-pl	Eurosport 3 [PL]	https://iptvx.one/picons/eurosport-3-pl.png
eurosport-4-pl	Eurosport 4 [PL]	https://iptvx.one/picons/eurosport-4-pl.png
eurosport-4k	Eurosport 4K | Eurosport 4K EMEA	https://iptvx.one/picons/eurosport-4k.png
eurosport-norge-no	Eurosport Norge [NO] | Eurosport N [NO]	https://iptvx.one/picons/eurosport-norge-no.png
eurosport1	Eurosport 1 | Eurosport 1 HD | Eurosport 1 HD CEE | Eurosport 1 CEE	https://iptvx.one/picons/eurosport1.png
eurosport1-pl	Eurosport 1 [PL] | Eurosport 1 HD [PL]	https://iptvx.one/picons/eurosport1.png
eurosport2	Eurosport 2 | Eurosport 2 HD | Eurosport 2 HD CEE | Eurosport 2 CEE | Eurosport 2 HD NE | Eurosport 2 NE	https://iptvx.one/picons/eurosport2.png
eurosport2-pl	Eurosport 2 [PL] | Eurosport 2 HD [PL]	https://iptvx.one/picons/eurosport2.png
evrasia	Евразия | Евразия Орск	https://iptvx.one/picons/evrasia.png
evrokino	Еврокино | Еврокино HD	https://iptvx.one/picons/eurokino.png
ewpatorya24	Евпатория 24	https://iptvx.one/picons/ewpatorya24.png
ewtn-ua	EWTN Украина	https://iptvx.one/picons/ewtn-ua.png
express	Экспресс	https://iptvx.one/picons/express.png
extasy4k	Extasy 4K | Extasy 4K Platinum	https://iptvx.one/picons/extasy4k.png
extasytv	Extasy TV	https://iptvx.one/picons/extasytv.png
extreme-pl	Extreme Channel [PL] | Extreme Channel HD [PL] | Extreme [PL] | Extreme HD [PL]	https://iptvx.one/picons/extreme-pl.png
extreme-sports	Extreme sports | Extreme sports HD	https://iptvx.one/picons/extreme-sports.png
extreme-sports-ru	Extreme Sports [RU]	https://iptvx.one/picons/extreme-sports-ru.png
exxxotica	Exxxotica HD | Exxxotica	https://iptvx.one/picons/exxxotica.png
eye-criminal	Eye Criminal	https://iptvx.one/picons/eye-criminal.png
eye-cyber	Eye Cyber	https://iptvx.one/picons/eye-cyber.png
eye-drive	Eye Drive	https://iptvx.one/picons/eye-drive.png
eye-family	Eye Family	https://iptvx.one/picons/eye-family.png
eye-frozen	Eye Frozen	https://iptvx.one/picons/eye-frozen.png
eye-history	Eye History	https://iptvx.one/picons/eye-history.png
eye-media	Eye Media	https://iptvx.one/picons/eye-media.png
eye-modern	Eye Modern	https://iptvx.one/picons/eye-modern.png
eye-oscar	Eye Oscar	https://iptvx.one/picons/eye-oscar.png
eye-western	Eye Western	https://iptvx.one/picons/eye-western.png
familyjam	FamilyJam	https://iptvx.one/picons/familyjam.png
fanhd	FAN HD | FAN	https://iptvx.one/picons/fanhd.png
fashion-one	Fashion One | Fashion One HD | Fashion & Lifestyle HD | HDFashion & Lifestyle | HDFASHION & Lifestyle (Украина, Германия) | HDFashion	https://iptvx.one/picons/fashion-one.png
fashion-one-4k	Fashion One 4K | Fashion 4K | Fashion & Style 4K	https://iptvx.one/picons/fashion-one-4k.png
fashion-tv	Fashion TV | Fashion TV HD	https://iptvx.one/picons/fashion-tv.png
fashion-tv-eu	Fashion TV Europe | FTV HD	https://iptvx.one/picons/fashion-tv-eu.png
fashionbox-hd	FashionBox HD | FashionBox	https://iptvx.one/picons/fashionbox-hd.png
fast-sport-1-am	Fast Sports 1	https://iptvx.one/picons/fast-sport-1-am.png
fast-sport-2-am	Fast Sports 2	https://iptvx.one/picons/fast-sport-2-am.png
fast-sport-am	Fast Sports	https://iptvx.one/picons/fast-sport-am.png
fastfunbox-hd	Fast&FunBox HD | Fast & FunBox | Fast & FunBox HD | Fast&Fun Box | Fast&Fun Box HD	https://iptvx.one/picons/fastfunbox-hd.png
fauna	Фауна	https://iptvx.one/picons/fauna.png
fen-tv-bg	FEN TV [BG]	https://iptvx.one/picons/fen-tv-bg.png
fen-tv-folk-bg	FEN TV Folk [BG]	https://iptvx.one/picons/fen-tv-folk-bg.png
fener-tv	Fenerbahçe TV | Fenerbahçe TV [TR]	https://iptvx.one/picons/fener-tv.png
feniks-plus-kino	Феникс+ Кино | Феникс+Кино	https://iptvx.one/picons/feniks-plus-kino.png
festival-4k	Festival 4K | Stingray Festival 4K	https://iptvx.one/picons/festival-4k.png
fifa-plus-uk	FIFA+ HD [UK] | FIFA+ HD (England)	https://iptvx.one/picons/fifa-plus-uk.png
fight-network-us	Fight Network [US]	https://iptvx.one/picons/fight-network-us.png
fightbox-hd	FightBox HD | FightBox	https://iptvx.one/picons/fightbox-hd.png
fightbox-pl	FightBox [PL] | FightBox HD [PL]	https://iptvx.one/picons/fightbox-pl.png
fightclub	Fight Club	https://iptvx.one/picons/fightclub.png
fightklub-pl	FightKlub [PL] | FightKlub HD [PL]	https://iptvx.one/picons/fightklub-pl.png
filmbox-action-pl	FilmBox Action [PL] | FilmBox Action HD [PL]	https://iptvx.one/picons/filmbox-action-pl.png
filmbox-arthouse	FilmBox ArtHouse | FilmBox ArtHouse HD	https://iptvx.one/picons/filmbox-arthouse.png
filmbox-arthouse-pl	FilmBox Arthouse [PL] | FilmBox Arthouse HD [PL]	https://iptvx.one/picons/filmbox-arthouse.png
filmbox-extra-pl	FilmBox Extra [PL] | FilmBox Extra HD [PL]	https://iptvx.one/picons/filmbox-extra-pl.png
filmbox-family-pl	FilmBox Family [PL] | FilmBox Family HD [PL]	https://iptvx.one/picons/filmbox-family-pl.png
filmbox-premium-pl	FilmBox Premium [PL] | FilmBox Premium HD [PL]	https://iptvx.one/picons/filmbox-premium-pl.png
filmbox-ru	FilmBox Russia | FilmBox HD Russia	https://iptvx.one/picons/filmbox-ru.png
filmua-drama	Film.Ua Drama | Film.Ua Drama HD	https://iptvx.one/picons/filmua-drama.png
filmzone-ee	FilmZone [EE]	https://iptvx.one/picons/filmzone.png
filmzone-lt	FilmZone [LT]	https://iptvx.one/picons/filmzone.png
filmzone-lv	FilmZone [LV]	https://iptvx.one/picons/filmzone.png
filmzone-plus-ee	FilmZone+ [EE]	https://iptvx.one/picons/filmzone-plus.png
filmzone-plus-lt	FilmZone+ [LT]	https://iptvx.one/picons/filmzone-plus.png
filmzone-plus-lv	FilmZone+ [LV]	https://iptvx.one/picons/filmzone-plus.png
flixsnip	FlixSnip	https://iptvx.one/picons/flixsnip.png
fokus-pl	Fokus TV [PL]	https://iptvx.one/picons/fokus-pl.png
food-network	Food Network | Food Network HD	https://iptvx.one/picons/food-network.png
food-network-eu	Food Network Европа | Food Network Европа HD	https://iptvx.one/picons/food-network-eu.png
food-network-pl	Food Network [PL] | Food Network HD [PL]	https://iptvx.one/picons/food-network-pl.png
foodman-club	Foodman.club | Joy Cook	https://iptvx.one/picons/foodman-club.png
football-ru	Футбол | Футбол HD | Футбол Россия | Футбол Россия HD | Телеканал Футбол | Телеканал Футбол HD	https://iptvx.one/picons/football-ru.png
football-tj	Футбол [TJ]	https://iptvx.one/picons/football-tj.png
footbolny	Мяч | Футбольный | Футбольный HD	https://iptvx.one/picons/footbolny.png
fox	FX | FX HD | Fox | Fox HD | Fox Россия | Fox Россия HD | Fox СНГ | Fox СНГ HD	https://iptvx.one/picons/fox.png
fox-business-us	Fox Business [US]	https://iptvx.one/picons/fox-business-us.png
fox-hd-tr	NOW TR | Fox HD TR	https://iptvx.one/picons/fox-hd-tr.png
fox-news-us	Fox News | Fox News US	https://iptvx.one/picons/fox-news-us.png
fox-soccer-plus-us	Fox Soccer Plus [US] | Fox Soccer Plus HD [US]	https://iptvx.one/picons/fox-soccer-plus-us.png
fox-sports-501-au	Fox Sports 501 [AU] | Fox Sports Cricket [AU]	https://iptvx.one/picons/fox-sports-501-au.png
fox-sports-502-au	Fox Sports 502 [AU] | Fox Sports League [AU]	https://iptvx.one/picons/fox-sports-502-au.png
fox-sports-503-au	Fox Sports 503 [AU]	https://iptvx.one/picons/fox-sports-503-au.png
fox-sports-504-au	Fox Sports 504  [AU] | Fox Sports Footy [AU]	https://iptvx.one/picons/fox-sports-504-au.png
fox-sports-505-au	Fox Sports 505 [AU]	https://iptvx.one/picons/fox-sports-505-au.png
fox-sports-506-au	Fox Sports 506 [AU]	https://iptvx.one/picons/fox-sports-506-au.png
fox-sports-507-au	Fox Sports 507 [AU]	https://iptvx.one/picons/fox-sports-507-au.png
fox-sports1-ar	FOX Sports HD [AR] | FOX Sports [AR]	https://iptvx.one/picons/fox-sports1-ar.png
fox-sports1-mx	Fox Sports [MX] | Fox Sports 1 [MX]	https://iptvx.one/picons/fox-sports1-mx.png
fox-sports2-ar	FOX Sports 2 HD [AR] | FOX Sports 2 [AR]	https://iptvx.one/picons/fox-sports2-ar.png
fox-sports2-mx	Fox Sports 2 [MX]	https://iptvx.one/picons/fox-sports2-mx.png
fox-sports3-ar	FOX Sports 3 HD [AR] | FOX Sports 3 [AR]	https://iptvx.one/picons/fox-sports3-ar.png
fox-sports3-mx	Fox Sports 3 [MX]	https://iptvx.one/picons/fox-sports3-mx.png
foxlife	FX Life | FX Life HD | Fox Life Россия | FoxLife | FoxLife Россия | FoxLife HD | FoxLife Россия HD | Fox Life | Fox Life HD | Fox Life Россия HD | Fox Life СНГ	https://iptvx.one/picons/foxlife.png
france-24	France 24	https://iptvx.one/picons/france24.png
france24-arab	France 24 Arabian	https://iptvx.one/picons/france24.png
france24-en	France 24 English | France 24 Eng | France 24 En	https://iptvx.one/picons/france24.png
france24-fr	France 24 Francais | France 24 Fr	https://iptvx.one/picons/france24.png
french-lover	FrenchLover | French Lover	https://iptvx.one/picons/french-lover.png
fresh-adventure	Fresh Adventure	https://iptvx.one/picons/fresh-adventure.png
fresh-cinema	Fresh Cinema	https://iptvx.one/picons/fresh-cinema.png
fresh-comedy	Fresh Comedy	https://iptvx.one/picons/fresh-comedy.png
fresh-family	Fresh Family	https://iptvx.one/picons/fresh-family.png
fresh-fantastic	Fresh Fantastic	https://iptvx.one/picons/fresh-fantastic.png
fresh-horror	Fresh Horror	https://iptvx.one/picons/fresh-horror.png
fresh-kids	Fresh Kids	https://iptvx.one/picons/fresh-kids.png
fresh-premiere	Fresh Premiere	https://iptvx.one/picons/fresh-premiere.png
fresh-rating	Fresh Rating	https://iptvx.one/picons/fresh-rating.png
fresh-romatic	Fresh Romantic	https://iptvx.one/picons/fresh-romantic.png
fresh-russian	Fresh Russian	https://iptvx.one/picons/fresh-russian.png
fresh-series	Fresh Series	https://iptvx.one/picons/fresh-series.png
fresh-soviet	Fresh Soviet	https://iptvx.one/picons/fresh-soviet.png
fresh-thriller	Fresh Thriller	https://iptvx.one/picons/fresh-thriller.png
fresh-vhs	Fresh VHS	https://iptvx.one/picons/fresh-vhs.png
freshtv	Fresh TV | Fresh-TV | FreshTV	https://iptvx.one/picons/freshtv.png
front-ua	Фронт	https://iptvx.one/picons/front-ua.png
ftv-uz	FTV Telekanali [UZ]	https://iptvx.one/picons/ftv-uz.png
ftv4k	Fashion TV 4K	https://iptvx.one/picons/ftv4k.png
fubo-sports-network-us	Fubo Sports Network [US]	https://iptvx.one/picons/fubo-sports-network-us.png
fuel-tv-hd	Fuel TV HD | Fuel TV	https://iptvx.one/picons/fuel-tv-hd.png
funbox-uhd	FunBox UHD	https://iptvx.one/picons/funbox-uhd.png
futbol-tv-uz	Futbol TV Telekanali [UZ]	https://iptvx.one/picons/futbol-tv-uz.png
fx-comedy-pl	FX Comedy [PL] | FX Comedy HD [PL] | Fox Comedy [PL] | Fox Comedy HD [PL]	https://iptvx.one/picons/fx-comedy-pl.png
fx-pl	FX [PL] | FX HD [PL]	https://iptvx.one/picons/fx-pl.png
fx-sports-1-us	FX Sports 1 [US]	https://iptvx.one/picons/fx-sports-1-us.png
fx-sports-2-us	FX Sports 2 [US]	https://iptvx.one/picons/fx-sports-2-us.png
fx-tr	FX HD TR | FX TR	https://iptvx.one/picons/fx-tr.png
gags-network	Gags Network | Gags Network HD	https://iptvx.one/picons/gags-network.png
galatasaray-tv	Galatasaray TV	https://iptvx.one/picons/galatasaray-tv.png
galaxy-tv	Galaxy-TV | Galaxy TV | Тайны Галактики	https://iptvx.one/picons/galaxy-tv.png
gametoon	Gametoon	https://iptvx.one/picons/gametoon.png
genuine	Genuine TV | Genuine	https://iptvx.one/picons/genuine.png
ginger-hd	Капитан Фантастика | Капитан Фантастика HD | Ginger HD	https://iptvx.one/picons/capfantast.png
ginx-esports	GINX Esports TV | GINX Esports	https://iptvx.one/picons/ginx-esports.png
gis-samara	ГИС Самара	https://iptvx.one/picons/gis-samara.png
glazami-turista	Глазами туриста | Глазами туриста HD	https://iptvx.one/picons/glazami-turista.png
glazami-turista-4k	Глазами туриста 4K	https://iptvx.one/picons/glazami-turista-4k.png
gln24	GLN 24 (Геленджик)	https://iptvx.one/picons/gln24.png
globalmedia-agata-kristi	GlobalMedia Агата Кристи	https://iptvx.one/picons/globalmedia-agata-kristi.png
globalmedia-anime	GlobalMedia Аниме	https://iptvx.one/picons/globalmedia-anime.png
globalmedia-biografiya	GlobalMedia Биография	https://iptvx.one/picons/globalmedia-biografiya.png
globalmedia-boevik	GlobalMedia Боевик	https://iptvx.one/picons/globalmedia-boevik.png
globalmedia-fantastika	GlobalMedia Фантастика	https://iptvx.one/picons/globalmedia-fantastika.png
globalmedia-fauna-i-flora	GlobalMedia Фауна и Флора	https://iptvx.one/picons/globalmedia-fauna-i-flora.png
globalmedia-fentezi	GlobalMedia Фэнтези	https://iptvx.one/picons/globalmedia-fentezi.png
globalmedia-giganty	GlobalMedia Гиганты	https://iptvx.one/picons/globalmedia-giganty.png
globalmedia-komediya	GlobalMedia Комедия	https://iptvx.one/picons/globalmedia-komediya.png
globalmedia-kung-fu	GlobalMedia Кунг-Фу	https://iptvx.one/picons/globalmedia-kung-fu.png
globalmedia-letopis	GlobalMedia Летопись	https://iptvx.one/picons/globalmedia-letopis.png
globalmedia-mistika	GlobalMedia Мистика	https://iptvx.one/picons/globalmedia-mistika.png
globalmedia-multfilm	GlobalMedia Мультфильм	https://iptvx.one/picons/globalmedia-multfilm.png
globalmedia-mushketery	GlobalMedia Мушкетеры	https://iptvx.one/picons/globalmedia-mushketery.png
globalmedia-muzhskoj-detektiv	GlobalMedia Мужской детектив	https://iptvx.one/picons/globalmedia-muzhskoj-detektiv.png
globalmedia-muzyka	GlobalMedia Музыка	https://iptvx.one/picons/globalmedia-muzyka.png
globalmedia-nlo	GlobalMedia НЛО	https://iptvx.one/picons/globalmedia-nlo.png
globalmedia-novogodnij	GlobalMedia Новогодний	https://iptvx.one/picons/globalmedia-novogodnij.png
globalmedia-romantika	GlobalMedia Романтика	https://iptvx.one/picons/globalmedia-romantika.png
globalmedia-rossijskij-detektiv	GlobalMedia Российский детектив	https://iptvx.one/picons/globalmedia-rossijskij-detektiv.png
globalmedia-sherlok-holms	GlobalMedia Шерлок Холмс	https://iptvx.one/picons/globalmedia-sherlok-holms.png
globalmedia-sovetskij-detektiv	GlobalMedia Советский детектив	https://iptvx.one/picons/globalmedia-sovetskij-detektiv.png
globalmedia-sovetskij-dublyazh	GlobalMedia Советский дубляж	https://iptvx.one/picons/globalmedia-sovetskij-dublyazh.png
globalmedia-sovetskij-multfilm	GlobalMedia Советский мультфильм	https://iptvx.one/picons/globalmedia-sovetskij-multfilm.png
globalmedia-sovetskoe-kino	GlobalMedia Советское кино	https://iptvx.one/picons/globalmedia-sovetskoe-kino.png
globalmedia-specagenty	GlobalMedia Спецагенты	https://iptvx.one/picons/globalmedia-specagenty.png
globalmedia-supergeroi	GlobalMedia Супергерои	https://iptvx.one/picons/globalmedia-supergeroi.png
globalmedia-uzhasy	GlobalMedia Ужасы	https://iptvx.one/picons/globalmedia-uzhasy.png
globalmedia-vikingi	GlobalMedia Викинги	https://iptvx.one/picons/globalmedia-vikingi.png
globalmedia-vojna	GlobalMedia Война	https://iptvx.one/picons/globalmedia-vojna.png
globalmedia-zhenskij-detektiv	GlobalMedia Женский детектив	https://iptvx.one/picons/globalmedia-zhenskij-detektiv.png
go3-sport4	Go3 Sport 4	https://iptvx.one/picons/go3-sport4.png
gol-classics	Gol Classics HD | Gol Classics	https://iptvx.one/picons/gol-classics.png
gold-tv	Gold TV	https://iptvx.one/picons/gold-tv.png
goldline-brief	Gold Line Brief | GL Brief	https://iptvx.one/picons/goldline-brief.png
goldline-chef	Gold Line Chef | GL Chef	https://iptvx.one/picons/goldline-chef.png
goldline-civils	Gold Line Civilizations | GL Civilizations	https://iptvx.one/picons/goldline-civils.png
goldline-detektiv	Gold Line Детектив | GL Детектив	https://iptvx.one/picons/goldline-detektiv.png
goldline-evidence	Gold Line Evidence | GL Evidence	https://iptvx.one/picons/goldline-evidence.png
goldline-exist	Gold Line Exist | GL Exist	https://iptvx.one/picons/goldline-exist.png
goldline-girlf	Gold Line Girlfight | GL Girlfight	https://iptvx.one/picons/goldline-girlf.png
goldline-hostage	Gold Line Hostage | GL Hostage	https://iptvx.one/picons/goldline-hostage.png
goldline-island	Gold Line Island | GL Island	https://iptvx.one/picons/goldline-island.png
goldline-motivation	Gold Line Motivation | GL Motivation	https://iptvx.one/picons/goldline-motivation.png
goldline-naked	Gold Line Naked&Funny | GL Naked&Funny	https://iptvx.one/picons/goldline-naked.png
goldline-nevski	Gold Line Невский | GL Невский	https://iptvx.one/picons/goldline-nevski.png
goldline-psy	Gold Line Psycho | GL Psycho	https://iptvx.one/picons/goldline-psy.png
goldline-series	Gold Line Series | GL Series	https://iptvx.one/picons/goldline-series.png
goldline-survival	Gold Line Survival | GL Survival	https://iptvx.one/picons/goldline-survival.png
goldline-vhs	Gold Line VHS | GL VHS	https://iptvx.one/picons/goldline-vhs.png
golf-cnl-us	Golf Channel [US]	https://iptvx.one/picons/golf-cnl-us.png
golf-plus-fr	Golf+ [FR]	https://iptvx.one/picons/golf-plus-fr.png
gordon-live	Gordon Live	https://iptvx.one/picons/gordon-live.png
gorod	Город | Город (Рязань)	https://iptvx.one/picons/gorod.png
gorod24	Город 24	https://iptvx.one/picons/gorod24.png
gorodskoy-yaroslavl	Городской телеканал (Ярославль)	https://iptvx.one/picons/gorodskoy-yaroslavl.png
gosfilmofond-mv	Госфильмофонд. Машина времени	https://iptvx.one/picons/gosfilmofond-mv.png
grodno-plus	Гродно Плюс | Гродно+	https://iptvx.one/picons/grodno-plus.png
grozny	Грозный	https://iptvx.one/picons/grozny.png
gubernia	Губерния	https://iptvx.one/picons/gubernia.png
gubernia-33	Губерния 33	https://iptvx.one/picons/gubernia-33.png
gubernia-samara	Губерния Самара | Самара 450	https://iptvx.one/picons/gubernia-samara.png
gulli-girl	Gulli | Gulli Girl	https://iptvx.one/picons/gulli-girl.png
h1-am	Armenia 1 | H1 (Армения)	https://iptvx.one/picons/h1-am.png
h2	H2 | H2 HD | History2 | History2 HD | History2 Европа	https://iptvx.one/picons/h2.png
h2-am	Armenia 2 | H2 (Армения)	https://iptvx.one/picons/h2-am.png
h2-pl	H2 [PL] | H2 HD [PL] | History2 [PL] | History2 HD [PL]	https://iptvx.one/picons/h2-pl.png
hajduk-hr	Hajduk TV [HR]	https://iptvx.one/picons/hajduk-hr.png
halyk-arna	Халык Арна	https://iptvx.one/picons/halyk-arna.png
hbo-hd	HBO HD | HBO | HBO [PL]	https://iptvx.one/picons/hbo-hd.png
hbo2-hd	HBO2 HD | HBO2 | HBO2 [PL]	https://iptvx.one/picons/hbo2-hd.png
hbo3-hd	HBO3 HD | HBO3 | HBO3 [PL]	https://iptvx.one/picons/hbo3-hd.png
hd-life	Точка.РФ | Точка РФ | HD-Life | HD Life | HDL	https://iptvx.one/picons/hdl.png
hd-media	HD Медиа | HD Media | HD Media 3D	https://iptvx.one/picons/hd-media.png
hgtv	HGTV | HGTV HD | HGTV Home & Garden | HGTV Home & Garden HD | HGTV Pan Regional	https://iptvx.one/picons/hgtv.png
hgtv-pl	HGTV [PL] | HGTV HD [PL]	https://iptvx.one/picons/hgtv-pl.png
hidance-pl	HiDance [PL]	https://iptvx.one/picons/hidance-pl.png
himusic-pl	HiMusic [PL]	https://iptvx.one/picons/himusic-pl.png
history	History | History HD | History Европа	https://iptvx.one/picons/history.png
history-pl	HISTORY [PL] | HISTORY HD [PL]	https://iptvx.one/picons/history-pl.png
history-viasat-en	Viasat History Baltic | Viasat History Baltic HD | Viasat History Прибалтика | Viasat History CEE	https://iptvx.one/picons/history-viasat-en.png
hit-tv	HIT TV	https://iptvx.one/picons/hit-tv.png
hitv	HITV	https://iptvx.one/picons/hitv.png
hollywood	Hollywood	https://iptvx.one/picons/hollywood.png
hollywood-hd	Hollywood HD	https://iptvx.one/picons/hollywood-hd.png
home-4k	Home 4K	https://iptvx.one/picons/home4k.png
home-tv-pl	HOME TV [PL]	https://iptvx.one/picons/home-tv-pl.png
horrortv	Horror TV	https://iptvx.one/picons/horrortv.png
hta	НТА	https://iptvx.one/picons/hta.png
hub-premiere1-sg	Hub Premier 1 [SG]	https://iptvx.one/picons/hub-premiere1-sg.png
hub-premiere2-sg	Hub Premier 2 [SG]	https://iptvx.one/picons/hub-premiere2-sg.png
hub-premiere3-sg	Hub Premier 3 [SG]	https://iptvx.one/picons/hub-premiere3-sg.png
hub-premiere4-sg	Hub Premier 4 [SG]	https://iptvx.one/picons/hub-premiere4-sg.png
hub-premiere5-sg	Hub Premier 5 [SG]	https://iptvx.one/picons/hub-premiere5-sg.png
hub-premiere6-sg	Hub Premier 6 [SG]	https://iptvx.one/picons/hub-premiere6-sg.png
hub-premiere7-sg	Hub Premier 7 [SG]	https://iptvx.one/picons/hub-premiere7-sg.png
hub-premiere8-sg	Hub Premier 8 [SG]	https://iptvx.one/picons/hub-premiere8-sg.png
hub-premiere9-sg	Hub Premier 9 [SG]	https://iptvx.one/picons/hub-premiere9-sg.png
hub-sports1-sg	Hub Sports 1 [SG]	https://iptvx.one/picons/hub-sports1-sg.png
hub-sports2-sg	Hub Sports 2 [SG]	https://iptvx.one/picons/hub-sports2-sg.png
hub-sports3-sg	Hub Sports 3 [SG]	https://iptvx.one/picons/hub-sports3-sg.png
hub-sports4-sg	Hub Sports 4 [SG]	https://iptvx.one/picons/hub-sports4-sg.png
hub-sports5-sg	Hub Sports 5 [SG]	https://iptvx.one/picons/hub-sports5-sg.png
hub-sports6-sg	Hub Sports 6 [SG]	https://iptvx.one/picons/hub-sports6-sg.png
hustler-hd	Hustler HD | Hustler 3DHD	https://iptvx.one/picons/hustler-hd.png
hustler-tv	Hustler TV | Hustler TV Europe	https://iptvx.one/picons/hustler-tv.png
iconcerts	Stingray iConcerts | Stingray iConcerts HD | iConcerts | iConcerts HD	https://iptvx.one/picons/iconcerts.png
ictimai-tv	Ictimai | Ictimai TV	https://iptvx.one/picons/ictimai-tv.png
ictv-ua	ICTV	https://iptvx.one/picons/ictv.png
ictv-ukraine	ICTV2 | ICTV Ukraine	https://iptvx.one/picons/ictv-ukraine.png
id-fashion	ID Fashion	https://iptvx.one/picons/id-fashion.png
id-xtra-eu	ID Xtra EU | ID Xtra Европа | ID Investigation Discovery EU | ID Investigation Discovery Европа	https://iptvx.one/picons/idxtra.png
idman	Idman | Idman TV	https://iptvx.one/picons/idman.png
igra	Игра | Игра HD	https://iptvx.one/picons/igra.png
ildana	Iльдана | Iльдана HD	https://iptvx.one/picons/ildana.png
illuzion-plus	Иллюзион + | Иллюзион+ | Иллюзион + HD | Иллюзион+ HD	https://iptvx.one/picons/illuzion-plus.png
impuls-sewera	Импульс Севера	https://iptvx.one/picons/impuls-sewera.png
indiyskoe-kino	Индийское кино	https://iptvx.one/picons/indijskoe-kino.png
indiyskoe-kino-int	Индийское кино International | Индийское кино Международный	https://iptvx.one/picons/indiyskoe-kino-int.png
inf24shadr	Инфо 24 (Шадринск)	https://iptvx.one/picons/inf24shadr.png
info-tv	Info TV	https://iptvx.one/picons/info-tv.png
infokanal-sevastopol	Информационный Канал Севастополя | ИКС ТВ | СТВ Севастополь | Севастополь ТВ | Севастопольское ТВ	https://iptvx.one/picons/infokanal-sevastopol.png
infosport-fr	InfoSport+ [FR]	https://iptvx.one/picons/infosport-fr.png
init-extra-tv	Init Ekstra TV	https://iptvx.one/picons/init-extra-tv.png
init-tv	Init TV HD | Init TV	https://iptvx.one/picons/init-tv.png
inrating	InRating	https://iptvx.one/picons/inrating.png
insight-tv-hd	Insight TV HD	https://iptvx.one/picons/insight-tv-hd.png
insight-ultra-hd	Insight UHD | Insight Ultra HD	https://iptvx.one/picons/insight-ultra-hd.png
insit-tv	Инсит-ТВ | ЮУрГУ	https://iptvx.one/picons/insit-tv.png
insomnia-hd	Insomnia HD	https://iptvx.one/picons/insomnia-hd.png
inspira-ee	Inspira [EE]	https://iptvx.one/picons/inspira-ee.png
inteks-baran	Интекс Барановичи | Интекс ТВ	https://iptvx.one/picons/inteks-baran.png
inter-it	Inter TV	https://iptvx.one/picons/inter-it.png
inter-plus-ua	Iнтер+ | Интер+	https://iptvx.one/picons/inter-plus-ua.png
inter-ua	Iнтер | Интер	https://iptvx.one/picons/inter-ua.png
inultra-pl	InUltra [PL] | InUltra HD [PL]	https://iptvx.one/picons/inultra-pl.png
irbis	Ирбис	https://iptvx.one/picons/irbis.png
islandiya	Исландия | Ісландія	https://iptvx.one/picons/islandiya.png
istoria	История	https://iptvx.one/picons/istoria.png
itv-lv	iTV [LV] | iTV (Латвия)	https://iptvx.one/picons/itv-lv.png
itv-ua	ITV [UA] | ITV (Украина)	https://iptvx.one/picons/itv-ua.png
itvn-extra-int-pl	iTVN Extra International [PL]	https://iptvx.one/picons/itvn-extra-int-pl.png
itvn-pl	iTVN [PL]	https://iptvx.one/picons/itvn-pl.png
ivanovo-ot	Ивановское общественное телевидение	https://iptvx.one/picons/ivanovo-ot.png
izhevsk	Ижевск	https://iptvx.one/picons/izhevsk.png
izvestia	Известия | Известия HD	https://iptvx.one/picons/izvestia.png
jalta24	Ялта 24	https://iptvx.one/picons/jalta24.png
jambyl-kz	Jambyl	https://iptvx.one/picons/jambyl-kz.png
jazz-jazz	Jazz Jazz HD | Jazz Jazz	https://iptvx.one/picons/jazz-jazz.png
jimjam	JimJam	https://iptvx.one/picons/jimjam.png
jimjam-pl	JimJam [PL] | JimJam Polsat	https://iptvx.one/picons/jimjam-pl.png
joj-sport-2-cz	JOJ Šport 2 [CZ]	https://iptvx.one/picons/joj-sport-2-cz.png
joj-sport-cz	JOJ Sport [CZ]	https://iptvx.one/picons/joj-sport-cz.png
jukebox-de	Jukebox [DE]	https://iptvx.one/picons/jukebox-de.png
juq-comedy-c	juQ Comedy	https://iptvx.one/picons/juq-comedy-c.png
juq-uzhasy-c	juQ Ужасы	https://iptvx.one/picons/juq-uzhasy-c.png
juq-world-c	juQ-World	https://iptvx.one/picons/juq-world-c.png
jurnaltv	JurnalTV	https://iptvx.one/picons/jurnaltv.png
k1-kinopoisk	К1 (Кинопоиск)	https://iptvx.one/picons/k1-kinopoisk.png
k1-ua	К1 | К1 HD	https://iptvx.one/picons/k1-ua.png
k16-sarov	К16 | Канал 16 Саров	https://iptvx.one/picons/k16-sarov.png
k2-ua	К2 | К2 HD	https://iptvx.one/picons/k2-ua.png
kabardino-balkaria	Кабардино-Балкария	https://iptvx.one/picons/kabardino-balkaria.png
kabel-1	Kabel 1 | Kabel Eins	https://iptvx.one/picons/kabel-1.png
kabel-1-classic	Kabel 1 Classics | Kabel Eins Classics	https://iptvx.one/picons/kabel-1-classic.png
kabel-1-doku	Kabel 1 Doku | Kabel Eins Doku	https://iptvx.one/picons/kabel-1-doku.png
kaleydoskop-tv	Калейдоскоп ТВ	https://iptvx.one/picons/kaleydoskop.png
kamcha-1	Камчатка 1	https://iptvx.one/picons/kamcha-1.png
kamedi	Камеди | Камеди HD	https://iptvx.one/picons/kamedi.png
kanal-11-ee	Duo 4 EE | Kanal 11 (Эстония)	https://iptvx.one/picons/kanal-11-ee.png
kanal-12-cherepovec	Канал 12 Череповец | 12 канал Череповец	https://iptvx.one/picons/kanal-12-cherepovec.png
kanal-12-ee	Duo 5 EE | Kanal 12 (Эстония)	https://iptvx.one/picons/kanal-12-ee.png
kanal-2-ee	Kanal 2 (Эстония)	https://iptvx.one/picons/kanal-2-ee.png
kanal-7-hd-tr	Kanal 7 HD TR	https://iptvx.one/picons/kanal-7-hd-tr.png
kanal-d-hd	Kanal D HD | Kanal D HD TR	https://iptvx.one/picons/kanal-d-hd.png
kanals2	TV3 Mini | Kanāls 2	https://iptvx.one/picons/kanals2.png
kapuchyno-ua	Капучино TV	https://iptvx.one/picons/kapuchyno-ua.png
karavan-tv	Караван ТВ	https://iptvx.one/picons/karavan-tv.png
karibu	Карибу | Карибу Арт | Рен ТВ - Карибу Арт	https://iptvx.one/picons/karibu.png
karusel	Карусель	https://iptvx.one/picons/karusel.png
karusel-int	Карусель International | Карусель Int | Карусель Международный	https://iptvx.one/picons/karusel.png
karusel-pl2	Карусель (+2)	https://iptvx.one/picons/karusel-pl2.png
karusel-pl3	Карусель (+3)	https://iptvx.one/picons/karusel-pl3.png
karusel-pl4	Карусель (+4)	https://iptvx.one/picons/karusel-pl4.png
karusel-pl7	Карусель (+7)	https://iptvx.one/picons/karusel-pl7.png
karusel-pl8	Карусель (+8)	https://iptvx.one/picons/karusel-pl8.png
kaskad24	Каскад-24	https://iptvx.one/picons/kaskad24.png
katun-24	Катунь 24	https://iptvx.one/picons/katun-24.png
kavkaz24	Кавказ 24	https://iptvx.one/picons/kavkaz24.png
kazakh-tv	Kazakh TV | Jibek Joly | QazaqTV	https://iptvx.one/picons/kazakh-tv.png
kazakhstan	Казахстан | Qazaqstan	https://iptvx.one/picons/kazakhstan.png
kazsport	KAZsport | КазСпорт | QazSport	https://iptvx.one/picons/kazsport.png
kbc-100500	KBC+100500	https://iptvx.one/picons/kbc-100500.png
kbc-animals	KBC-Animals	https://iptvx.one/picons/kbc-animals.png
kbc-anime	KBC-Aниме	https://iptvx.one/picons/kbc-anime.png
kbc-comics	KBC-Comics	https://iptvx.one/picons/kbc-comics.png
kbc-dramatic	KBC-Драмаtic	https://iptvx.one/picons/kbc-dramatic.png
kbc-elite-comedys	KBC-Elite Comedys | KBC Elite Comedys	https://iptvx.one/picons/kbc-elite-comedys.png
kbc-family-animation	KBC-Family Animation	https://iptvx.one/picons/kbc-family-animation.png
kbc-fantastic	KBC-Fantastic	https://iptvx.one/picons/kbc-fantastic.png
kbc-goblin	KBC-Goblin	https://iptvx.one/picons/kbc-goblin.png
kbc-history	KBC-History	https://iptvx.one/picons/kbc-history.png
kbc-koshmar	KBC-Кошмарное	https://iptvx.one/picons/kbc-koshmar.png
kbc-multzal	KBC-Союзмультzal	https://iptvx.one/picons/kbc-multzal.png
kbc-muskino	KBC-MusKino	https://iptvx.one/picons/kbc-muskino.png
kbc-nash-rock	KBC-Наш Rock | KBC Наш Rock	https://iptvx.one/picons/kbc-nash-rock.png
kbc-newfilm	KBC-Newfilm	https://iptvx.one/picons/kbc-newfilm.png
kbc-ritchie-tarantino	KBC-Гай Ritchie And Tarantino	https://iptvx.one/picons/kbc-ritchie-tarantino.png
kbc-russian-comedia	KBC-Russian Комедия	https://iptvx.one/picons/kbc-russian-comedia.png
kbc-skazka-remake	KBC-Сказочный Remake	https://iptvx.one/picons/kbc-skazka-remake.png
kbc-sportmiks	KBC-СпортМикс	https://iptvx.one/picons/kbc-sportmiks.png
kbc-spy	KBC-Шпионское	https://iptvx.one/picons/kbc-spy.png
kbc-sssr	KBC-Страна СССР	https://iptvx.one/picons/kbc-sssr.png
kbc-ultra	KBC-Ultra | KBC-Легендарное	https://iptvx.one/picons/kbc-ultra.png
kbc-vidak	KBC-Видак	https://iptvx.one/picons/kbc-vidak.png
kbc-vov	KBC-ВОВ	https://iptvx.one/picons/kbc-vov.png
kbc-war	KBC-WAR	https://iptvx.one/picons/kbc-war.png
kbc-western	KBC-Вестерн	https://iptvx.one/picons/kbc-western.png
kbs-world	KBS World | КБС Рус	https://iptvx.one/picons/kbs-world.png
kentron-tv	Kentron TV | Kentron TV HD	https://iptvx.one/picons/kentron-tv.png
kernel-aladdin	Kernel TV Аладдин	https://iptvx.one/picons/kernel-aladdin.png
kernel-alica	Kernel TV Алиса	https://iptvx.one/picons/kernel-alica.png
kernel-anime	Kernel TV Аниме	https://iptvx.one/picons/kernel-anime.png
kernel-barbosk	Kernel TV Барбоскины	https://iptvx.one/picons/kernel-barbosk.png
kernel-ben10	Kernel TV Бен 10	https://iptvx.one/picons/kernel-ben10.png
kernel-buba	Kernel TV Буба	https://iptvx.one/picons/kernel-buba.png
kernel-bumdom	Kernel TV Бумажный дом	https://iptvx.one/picons/kernel-bumdom.png
kernel-carevny	Kernel TV Царевны	https://iptvx.one/picons/kernel-carevny.png
kernel-cherepashkininja	Kernel TV Черепашки ниндзя	https://iptvx.one/picons/kernel-cherepashkininja.png
kernel-chernyplasch	Kernel TV Чёрный плащ	https://iptvx.one/picons/kernel-chernyplasch.png
kernel-chipndale	Kernel TV Чип и Дейл	https://iptvx.one/picons/kernel-chipndale.png
kernel-doktor	Kernel TV Доктор	https://iptvx.one/picons/kernel-doktor.png
kernel-drakony	Kernel TV Драконы и всадники Олуха	https://iptvx.one/picons/kernel-drakony.png
kernel-fiksiki	Kernel TV Фиксики	https://iptvx.one/picons/kernel-fiksiki.png
kernel-finferb	Kernel TV Финис и Ферб	https://iptvx.one/picons/kernel-finferb.png
kernel-futurama	Kernel TV Футурама	https://iptvx.one/picons/kernel-futurama.png
kernel-geroj	Kernel TV Герой	https://iptvx.one/picons/kernel-geroj.png
kernel-girls	Kernel TV Подружки	https://iptvx.one/picons/kernel-girls.png
kernel-gravityfalls	Kernel TV Гравити Фолз	https://iptvx.one/picons/kernel-gravityfalls.png
kernel-gubkabob	Kernel TV Губка Боб Квадратные Штаны	https://iptvx.one/picons/kernel-gubkabob.png
kernel-hny	Kernel TV Счастливого нового года	https://iptvx.one/picons/kernel-hny.png
kernel-interny	Kernel TV Интерны	https://iptvx.one/picons/kernel-interny.png
kernel-komandaturbo	Kernel TV Команда Турбо	https://iptvx.one/picons/kernel-komandaturbo.png
kernel-komedia	Kernel TV Комедия	https://iptvx.one/picons/kernel-komedia.png
kernel-kosmos	Kernel TV Космос	https://iptvx.one/picons/kernel-kosmos.png
kernel-ladybag	Kernel TV Леди Баг и Супер Кот	https://iptvx.one/picons/kernel-ladybag.png
kernel-lego	Kernel TV Лего	https://iptvx.one/picons/kernel-lego.png
kernel-lilo	Kernel TV Лило и Стич	https://iptvx.one/picons/kernel-lilo.png
kernel-luktime	Kernel TV Люк путешественник во времени	https://iptvx.one/picons/kernel-luktime.png
kernel-luntik	Kernel TV Лунтик	https://iptvx.one/picons/kernel-luntik.png
kernel-magia	Kernel TV Магия	https://iptvx.one/picons/kernel-magia.png
kernel-malenkyponi	Kernel TV Мой маленький Пони	https://iptvx.one/picons/kernel-malenkyponi.png
kernel-malysh	Kernel TV Малыш	https://iptvx.one/picons/kernel-malysh.png
kernel-marveldc	Kernel TV Марвел vs DC	https://iptvx.one/picons/kernel-marveldc.png
kernel-marvelser	Kernel TV Мервел сериалы	https://iptvx.one/picons/kernel-marvelser.png
kernel-mashaimedved	Kernel TV Маша и Медведь	https://iptvx.one/picons/kernel-mashaimedved.png
kernel-mimimishki	Kernel TV Ми-ми-мишки	https://iptvx.one/picons/kernel-mimimishki.png
kernel-minifors	Kernel TV МиниФорс	https://iptvx.one/picons/kernel-minifors.png
kernel-newmovies	Kernel TV Новинки	https://iptvx.one/picons/kernel-newmovies.png
kernel-piespatrol	Kernel TV Щенячий патруль	https://iptvx.one/picons/kernel-piespatrol.png
kernel-pushystiki	Kernel TV Пушистики	https://iptvx.one/picons/kernel-pushystiki.png
kernel-robots	Kernel Роботы	https://iptvx.one/picons/kernel-robots.png
kernel-rusalochka	Kernel TV Русалочка	https://iptvx.one/picons/kernel-rusalochka.png
kernel-shkodniki	Kernel TV Шкодники	https://iptvx.one/picons/kernel-shkodniki.png
kernel-smeshariki	Kernel TV Смешарики	https://iptvx.one/picons/kernel-smeshariki.png
kernel-sonikbum	Kernel TV Сонник Бум	https://iptvx.one/picons/kernel-sonikbum.png
kernel-speed	Kernel Скорость	https://iptvx.one/picons/kernel-speed.png
kernel-spiderman	Kernel TV Человек-паук	https://iptvx.one/picons/kernel-spiderman.png
kernel-superkrylia	Kernel TV Супер крылья	https://iptvx.one/picons/kernel-superkrylia.png
kernel-svaty	Kernel TV Сваты	https://iptvx.one/picons/kernel-svaty.png
kernel-timonpumba	Kernel TV Тимон и Пумба	https://iptvx.one/picons/kernel-timonpumba.png
kernel-tomjerry	Kernel TV Том и Джерри	https://iptvx.one/picons/kernel-tomjerry.png
kernel-trikota	Kernel TV Три кота	https://iptvx.one/picons/kernel-trikota.png
kernel-utinyeistorii	Kernel TV Утиные истории	https://iptvx.one/picons/kernel-utinyeistorii.png
kernel-vinni	Kernel TV Винни и его друзья	https://iptvx.one/picons/kernel-vinni.png
kernel-vremia	Kernel TV Время	https://iptvx.one/picons/kernel-vremia.png
kernel-zvezdnyevojny	Kernel TV Звёздные войны	https://iptvx.one/picons/kernel-zvezdnyevojny.png
khit	Хит	https://iptvx.one/picons/khit.png
khit-hd	Хит HD	https://iptvx.one/picons/khit.png
kidstv	Kids TV | Kids TV HD	https://iptvx.one/picons/kidstv.png
kidzone	Kidzone Max | Kidzone	https://iptvx.one/picons/kidzone.png
kidzone-plus	Kidzone Mini | KidZone+ [LV] | Kidzone+ | Kidzone Mini Baltic	https://iptvx.one/picons/kidzone-plus.png
kineko	Кинеко	https://iptvx.one/picons/kineko.png
kino-1	Kino 1 | Kino 1 HD	https://iptvx.one/picons/kino-1.png
kino-1-hd	Kino 2 | Kino 2 HD	https://iptvx.one/picons/kino-1-hd.png
kino-24	Kino 24 | Kino24	https://iptvx.one/picons/kino-24.png
kino-bez-granic	Кино без границ	https://iptvx.one/picons/kino-bez-granic.png
kino-i-zhizn	Кино и Жизнь	https://iptvx.one/picons/kino-i-zhizn.png
kino-tv	КиноТВ | КиноТВ HD | Кино ТВ | Кино ТВ HD	https://iptvx.one/picons/kino-tv.png
kino-tv-pl	Kino TV HD | Kino TV | Kino TV [PL]	https://iptvx.one/picons/kino-tv-pl.png
kino-tv-pl4	КиноТВ (+4) | КиноТВ HD (+4) | Кино ТВ (+4) | Кино ТВ HD (+4)	https://iptvx.one/picons/kino-tv-pl4.png
kino-tv-pl7	КиноТВ (+7) | КиноТВ HD (+7) | Кино ТВ (+7) | Кино ТВ HD (+7)	https://iptvx.one/picons/kino-tv-pl7.png
kino-ultra-hd	Кино UHD | Кино Ultra HD	https://iptvx.one/picons/kino-ultra-hd.png
kino1-tviksel	Кино 1	https://iptvx.one/picons/kino1-tviksel.png
kino18plus-tviksel	Кино 18+	https://iptvx.one/picons/kino18plus-tviksel.png
kino18plusint-tviksel	Кино 18+ International	https://iptvx.one/picons/kino18plusint-tviksel.png
kino1int-tviksel	Кино 1 International	https://iptvx.one/picons/kino1int-tviksel.png
kino2-tviksel	Кино 2	https://iptvx.one/picons/kino2-tviksel.png
kino7-lv	Kino 7 [LV] | Kino 7 HD [LV] | Kino 7 (Baltic)	https://iptvx.one/picons/kino7-lv.png
kinoboevik-kz	КиноБоевик KZ | КиноБоевик HD KZ	https://iptvx.one/picons/kinoboevik-kz.png
kinojam1	Kinojam 1 | Kinojam 1 HD | Киноджем 1 | Киноджем 1 HD	https://iptvx.one/picons/kinojam1.png
kinojam2	Kinojam 2 | Kinojam 2 HD | Киноджем 2 | Киноджем 2 HD	https://iptvx.one/picons/kinojam2.png
kinojam3	Kinojam 3 | Kinojam 3 HD | Киноджем 3 | Киноджем 3 HD | Наше Наследие	https://iptvx.one/picons/kinojam3.png
kinokazka	KinoKazka	https://iptvx.one/picons/kinokazka.png
kinokomedia	Кинокомедия | Кинокомедия HD	https://iptvx.one/picons/kinokomedia.png
kinokomedia-int	Кинокомедия International | Кинокомедия Международный	https://iptvx.one/picons/kinokomedia-int.png
kinokult	КиноКульт	https://iptvx.one/picons/kinokult.png
kinoliving	KinoLiving | KinoLiving HD	https://iptvx.one/picons/kinoliving.png
kinomiks	Киномикс | Киномикс HD	https://iptvx.one/picons/kinomiks.png
kinomiks-int	Киномикс International | Киномикс Международный	https://iptvx.one/picons/kinomiks-int.png
kinomult	Киномульт	https://iptvx.one/picons/kinomult.png
kinopokaz	Кинопоказ SD | Кинопоказ	https://iptvx.one/picons/kinopokaz.png
kinopokaz-hd	Кинопоказ HD	https://iptvx.one/picons/kinopokaz.png
kinopolska	Kino Polska HD | Kino Polska	https://iptvx.one/picons/kinopolska.png
kinopolskamuz	Kino Polska Muzyka HD | Kino Polska Muzyka	https://iptvx.one/picons/kinopolskamuz.png
kinopolskamuz-int	Kino Polska Muzyka International	https://iptvx.one/picons/kinopolskamuz-int.png
kinopremiera-hd	Кинопремьера | Кинопремьера HD	https://iptvx.one/picons/kinopremiera.png
kinopremiera-int	Кинопремьера International | Кинопремьера Международный	https://iptvx.one/picons/kinopremiera-int.png
kinosat	Киносат | Киносат HD	https://iptvx.one/picons/kinosat.png
kinosemia-int	Киносемья International | Киносемья Международный	https://iptvx.one/picons/kinosemia-int.png
kinosemiya	Киносемья | Киносемья HD	https://iptvx.one/picons/kinosemia.png
kinoseria	Киносерия | МногоТВ | Киносерия HD | Киносерия | Многосерийное ТВ	https://iptvx.one/picons/kinoseria.png
kinoseria-int	Киносерия International | Киносерия Международный	https://iptvx.one/picons/kinoseria-int.png
kinosezon	КиноСезон | КиноСезон	https://iptvx.one/picons/kinosezon.png
kinosvidanie	Киносвидание | Киносвидание HD	https://iptvx.one/picons/kinosvidanie.png
kinosvidanie-int	Киносвидание International | Киносвидание Международный	https://iptvx.one/picons/kinosvidanie-int.png
kinosweet	Kinosweet	https://iptvx.one/picons/kinosweet.png
kinoteatr-uz	Kinoteatr [UZ]	https://iptvx.one/picons/kinoteatr-uz.png
kinouzhas	Киноужас | Киноужас HD	https://iptvx.one/picons/kinouzhas.png
kinouzhas-int	Киноужас International | Киноужас Международный	https://iptvx.one/picons/kinouzhas-int.png
kinowelt	Kinowelt	https://iptvx.one/picons/kinowelt.png
kinowood	Kinowood | Kinowood HD	https://iptvx.one/picons/kinowood.png
kinoxit	Кинохит | Кинохит HD	https://iptvx.one/picons/kinoxit.png
kinoxit-int	Кинохит International | Кинохит Международный	https://iptvx.one/picons/kinoxit-int.png
kion-xit	KION Хит	https://iptvx.one/picons/kion-xit.png
kiss-tv-ro	Kiss TV RO | Kiss TV HD RO	https://iptvx.one/picons/kiss-tv-ro.png
klassika-kino	Классика Кино	https://iptvx.one/picons/klassika-kino.png
kluch	Ключ | Ключ HD	https://iptvx.one/picons/kluch.png
kokshe	Kokshe	https://iptvx.one/picons/kokshe.png
koktem-kz	Köktem | Көктем	https://iptvx.one/picons/koktem-kz.png
kolyma-plus	Колыма-Плюс	https://iptvx.one/picons/kolyma-plus.png
komedijnoe	Комедийное SD | Комедийное	https://iptvx.one/picons/komedijnoe.png
komedijnoe-hd	Комедийное HD	https://iptvx.one/picons/komedijnoe-hd.png
kompastv	Компас ТВ	https://iptvx.one/picons/kompastv.png
kongresstv	Конгресс ТВ	https://iptvx.one/picons/kongresstv.png
konkurent-ua	Конкурент.Україна	https://iptvx.one/picons/konkurent-ua.png
korolev-tv	Королев ТВ | Королёв ТВ	https://iptvx.one/picons/korolev-tv.png
kotlastv	Котлас ТВ	https://iptvx.one/picons/kotlastv.png
krasnaya-linia	Красная линия	https://iptvx.one/picons/krasnaya-linia.png
krasnodar	Краснодар | Краснодар.360° | Краснодар.360	https://iptvx.one/picons/krasnodar.png
krik-tv	Крик-ТВ	https://iptvx.one/picons/krik-tv.png
kriminalnoe-hd	Криминальное HD | Криминальное	https://iptvx.one/picons/kriminalnoe-hd.png
krym24	Крым 24 | Крым-24	https://iptvx.one/picons/krym24.png
ktk-kz	КТК	https://iptvx.one/picons/ktk-kz.png
kto-est-kto	Кто есть кто	https://iptvx.one/picons/kto-est-kto.png
ktv-luch	КТВ-Луч (Сызрань)	https://iptvx.one/picons/ktv-luch.png
kuban-24	Кубань 24 | Майкопское Телевидение	https://iptvx.one/picons/kuban-24.png
kultura	Россия К | Россия Культура | Культура	https://iptvx.one/picons/kultura.png
kultura-pl2	Россия К +2 | Россия Культура +2 | Культура +2 | Культура (+2) | Россия К (+2)	https://iptvx.one/picons/kultura-pl2.png
kultura-pl4	Россия К +4 | Россия Культура +4 | Культура +4 | Культура (+4) | Россия К (+4)	https://iptvx.one/picons/kultura-pl4.png
kultura-pl7	Россия К +7 | Россия Культура +7 | Культура +7 | Культура (+7) | Россия К (+7)	https://iptvx.one/picons/kultura-pl7.png
kultura-ua	Суспільне Культура | UA:Культура | UA: Культура	https://iptvx.one/picons/kultura-ua.png
kuneltv	Кунел ТВ Татарстан	https://iptvx.one/picons/kuneltv.png
kuraj	Курай	https://iptvx.one/picons/kuraj.png
kus-kus	Кус-кус	https://iptvx.one/picons/kus-kus.png
kuxnia-tv	Кухня ТВ	https://iptvx.one/picons/kuxnia-tv.png
kuzbas1	Кузбасс Первый | Кузбасс 1 | Кузбасс 1 HD	https://iptvx.one/picons/kuzbas1.png
kvartal-tv	Квартал ТВ | Квартал | Kvartal | Kvartal TV	https://iptvx.one/picons/kvartal-tv.png
kvn-tv	КВН ТВ | КВН-ТВ	https://iptvx.one/picons/kvn-tv.png
kxl	КХЛ ТВ | КХЛ | KHL	https://iptvx.one/picons/kxl.png
kxl-hd	КХЛ HD | KHL Prime	https://iptvx.one/picons/kxl-hd.png
kyiv-fm	Київ FM | Київ98 FM	https://iptvx.one/picons/kyiv-fm.png
kyiv-ua	Київ | Киев | Kyiv | ТРК Киев | ТРК Київ	https://iptvx.one/picons/kyiv-ua.png
kyrgyzsport-kg	KyrgyzSport [KG] | KyrgyzSport HD [KG]	https://iptvx.one/picons/kyrgyzsport-kg.png
la-minor	Музыка Live | Ля-минор | Ля минор	https://iptvx.one/picons/la-minor.png
labytnangi	Лабытнанги-ТВ	https://iptvx.one/picons/labytnangi.png
ladies-story-hd-c	Ladies Story HD	https://iptvx.one/picons/ladies-story-hd-c.png
lale	Lale	https://iptvx.one/picons/lale.png
laliga-tv-hypermotion-es	LaLiga TV Hypermotion [ES]	https://iptvx.one/picons/laliga-tv-hypermotion-es.png
lanet-relax	Ланет Relax | Lanet Relax	https://iptvx.one/picons/lanet-relax.png
lapki-live	Лапки Live	https://iptvx.one/picons/lapki-live.png
latvijas-slagerkanals	Latvijas Šlāgerkanāls	https://iptvx.one/picons/latvijas-slagerkanals.png
lavstori	Лавстори	https://iptvx.one/picons/lavstori.png
lavstori-hd	Лавстори HD	https://iptvx.one/picons/lavstori-hd.png
ldpr-tv	ЛДПР ТВ	https://iptvx.one/picons/ldpr-tv.png
legenda	Легенда	https://iptvx.one/picons/legenda.png
legendarny24	Легендарный 24 | Легендарный 24 HD	https://iptvx.one/picons/legendarny24.png
lenta	Лента	https://iptvx.one/picons/lenta.png
leo-tv-xxx	Leo TV | Leo TV HD	https://iptvx.one/picons/leo-tv-xxx.png
lequipe-fr	L'Equipe [FR]	https://iptvx.one/picons/lequipe-fr.png
lfc-uk	Liverpool TV HD | LFC TV HD | Liverpool TV HD	https://iptvx.one/picons/lfc-uk.png
liberty-anime	Liberty Аниме | Liberty Аниме HD | Liberty Аниме 4K	https://iptvx.one/picons/liberty-anime.png
liberty-avanpost	Liberty Аванпост | Liberty Аванпост HD | Liberty Аванпост 4K	https://iptvx.one/picons/liberty-avanpost.png
liberty-avtogir	Liberty Автогир | Liberty Автогир HD | Liberty Автогир 4K	https://iptvx.one/picons/liberty-avtogir.png
liberty-azia-4k-hdr	Liberty Азия 4K HDR	https://iptvx.one/picons/liberty-azia-4k-hdr.png
liberty-bbc	Liberty BBC | Liberty BBC HD | Liberty BBC 4K	https://iptvx.one/picons/liberty-bbc.png
liberty-bebimult	Liberty Бебимульт | Liberty Бебимульт HD | Liberty Бебимульт 4K	https://iptvx.one/picons/liberty-bebimult.png
liberty-boeviki	Liberty Боевики | Liberty Боевики HD | Liberty Боевики 4K	https://iptvx.one/picons/liberty-boeviki.png
liberty-boeviki-4k-hdr	Liberty Боевики 4K HDR	https://iptvx.one/picons/liberty-boeviki-4k-hdr.png
liberty-dc	Liberty DC | Liberty DC HD | Liberty DC 4K	https://iptvx.one/picons/liberty-dc.png
liberty-disney	Liberty Disney | Liberty Disney HD | Liberty Disney 4K	https://iptvx.one/picons/liberty-disney.png
liberty-documentalka	Liberty Документалка | Liberty Документалка | LIBERTY DOKUMENTALKA FHD	https://iptvx.one/picons/liberty-documentalka.png
liberty-drama-4k-hdr	Liberty Драма 4K HDR	https://iptvx.one/picons/liberty-drama-4k-hdr.png
liberty-dreamworks	Liberty Dreamworks | Liberty Dreamworks 4K	https://iptvx.one/picons/liberty-dreamworks.png
liberty-erotika	Liberty Эротика | Liberty Эротика HD | Liberty Эротика 4K	https://iptvx.one/picons/liberty-erotika.png
liberty-fan	Liberty Fan | Liberty Fan HD | Liberty Fan 4K	https://iptvx.one/picons/liberty-fan.png
liberty-fan-4k-hdr	Liberty Фан 4K HDR	https://iptvx.one/picons/liberty-fan-4k-hdr.png
liberty-india	Liberty Индия | Liberty Индия HD | Liberty Индия 4K	https://iptvx.one/picons/liberty-india.png
liberty-kinoeng	Liberty Кино ENG | Liberty Кино ENG HD | Liberty Кино ENG 4K	https://iptvx.one/picons/liberty-kinoeng.png
liberty-kinomiks	Liberty Кино Микс | Liberty Кино Микс HD | Liberty Кино Микс 4K	https://iptvx.one/picons/liberty-kinomiks.png
liberty-kinoukr	Liberty Кино UKR | Liberty Кино UKR HD	https://iptvx.one/picons/liberty-kinoukr.png
liberty-kinoukr4k	Liberty Кино UKR 4K	https://iptvx.one/picons/liberty-kinoukr4k.png
liberty-kinoxit-4k-hdr	Liberty Кинохит 4K HDR	https://iptvx.one/picons/liberty-kinoxit-4k-hdr.png
liberty-komedii	Liberty Комедии | Liberty Комедии HD | Liberty Комедии 4K	https://iptvx.one/picons/liberty-komedii.png
liberty-komedii-4k-hdr	Liberty Комедии 4K HDR	https://iptvx.one/picons/liberty-komedii-4k-hdr.png
liberty-korotkometr	Liberty Короткометражный | Liberty Короткометражный HD | Liberty Короткометражный 4K	https://iptvx.one/picons/liberty-korotkometr.png
liberty-kriminal	Liberty Криминал | Liberty Криминал HD | Liberty Криминал 4K	https://iptvx.one/picons/liberty-kriminal.png
liberty-krosh	Liberty Крош | Liberty Крош HD | Liberty Крош 4K	https://iptvx.one/picons/liberty-krosh.png
liberty-kub	Liberty Куб | Liberty Куб HD | Liberty Куб 4K	https://iptvx.one/picons/liberty-kub.png
liberty-legenda	Liberty Легенда | Liberty Легенда HD | Liberty Легенда 4K	https://iptvx.one/picons/liberty-legenda.png
liberty-marvel	Liberty Marvel | Liberty Marvel HD | Liberty Marvel 4K	https://iptvx.one/picons/liberty-marvel.png
liberty-medival-4k	Liberty Медивал 4K	https://iptvx.one/picons/liberty-medival-4k.png
liberty-melodramy	Liberty Мелодрамы | Liberty Мелодрамы HD | Liberty Мелодрамы 4K	https://iptvx.one/picons/liberty-melodramy.png
liberty-miksmuzik	Liberty МиксMusic | Liberty МиксMusic HD | Liberty МиксMusic 4K	https://iptvx.one/picons/liberty-miksmuzik.png
liberty-mim	Liberty Мим | Liberty Мим HD | Liberty Мим 4K	https://iptvx.one/picons/liberty-mim.png
liberty-mult	Liberty Мульт | Liberty Мульт HD | Liberty Мульт 4K	https://iptvx.one/picons/liberty-mult.png
liberty-multeng	Liberty Мульт ENG | Liberty Мульт ENG HD | Liberty Мульт ENG 4K	https://iptvx.one/picons/liberty-multeng.png
liberty-multiversia	Liberty Мультверсия FHD	https://iptvx.one/picons/liberty-multiversia.png
liberty-multukr	Liberty Мульт UKR | Liberty Мульт UKR HD	https://iptvx.one/picons/liberty-multukr.png
liberty-multukr4k	Liberty Мульт UKR 4K	https://iptvx.one/picons/liberty-multukr4k.png
liberty-muzikl	Liberty Мюзикл | Liberty Мюзикл 4K	https://iptvx.one/picons/liberty-muzikl.png
liberty-nauka	Liberty Наука | Liberty Наука HD | Liberty Наука 4K	https://iptvx.one/picons/liberty-nauka.png
liberty-netflix	Liberty Netflix | Liberty Netflix HD | Liberty Netflix 4K	https://iptvx.one/picons/liberty-netflix.png
liberty-oskar-4k-hdr	Liberty Оскар 4K HDR	https://iptvx.one/picons/liberty-oskar-4k-hdr.png
liberty-pixar	Liberty Pixar | Liberty Pixar HD | Liberty Pixar 4K	https://iptvx.one/picons/liberty-pixar.png
liberty-plan360	Liberty Планета360 | Liberty Планета360 HD | Liberty Планета360 4K	https://iptvx.one/picons/liberty-plan360.png
liberty-plankton	Liberty Планктон | Liberty Планктон HD | Liberty Планктон 4K	https://iptvx.one/picons/liberty-plankton.png
liberty-prikluchenia-4k-hdr	Liberty Приключения 4K HDR	https://iptvx.one/picons/liberty-prikluchenia-4k-hdr.png
liberty-rusfilm	Liberty РусФильм | Liberty РусФильм HD | Liberty РусФильм 4K	https://iptvx.one/picons/liberty-rusfilm.png
liberty-semejny	Liberty Семейный | Liberty Семейный HD | Liberty Семейный 4K	https://iptvx.one/picons/liberty-semejny.png
liberty-serial	Liberty Сериал | Liberty Сериал HD	https://iptvx.one/picons/liberty-serial.png
liberty-serialy	Liberty Сериалы | Liberty Сериалы HD | Liberty Сериалы 4K	https://iptvx.one/picons/liberty-serialy.png
liberty-show	Liberty Шоу | Liberty Шоу HD | Liberty Шоу 4K	https://iptvx.one/picons/liberty-show.png
liberty-simpsons	Liberty Симпсоны | Liberty Симпсоны HD | Liberty Симпсоны 4K	https://iptvx.one/picons/liberty-simpsons.png
liberty-skandinavia-4k-hdr	Liberty Скандинавия 4K HDR	https://iptvx.one/picons/liberty-skandinavia-4k-hdr.png
liberty-skazki	Liberty Сказки | Liberty Сказки HD | Liberty Сказки 4K	https://iptvx.one/picons/liberty-skazki.png
liberty-southpark	Liberty South Park | Liberty South Park HD | Liberty South Park 4K	https://iptvx.one/picons/liberty-southpark.png
liberty-soyuz	Liberty Союз | Liberty Союз HD | Liberty Союз 4K	https://iptvx.one/picons/liberty-soyuz.png
liberty-svaty	Liberty Сваты | Liberty Сваты HD | Liberty Сваты 4K	https://iptvx.one/picons/liberty-svaty.png
liberty-trillery	Liberty Триллеры | Liberty Триллеры HD | Liberty Триллеры 4K	https://iptvx.one/picons/liberty-trillery.png
liberty-turkfilm	Liberty ТуркФильм | Liberty ТуркФильм HD | Liberty ТуркФильм 4K	https://iptvx.one/picons/liberty-turkfilm.png
liberty-uzhasy	Liberty Ужасы | Liberty Ужасы HD | Liberty Ужасы 4K	https://iptvx.one/picons/liberty-uzhasy.png
liberty-uzhasy-4k-hdr	Liberty Ужасы 4K HDR	https://iptvx.one/picons/liberty-uzhasy-4k-hdr.png
liberty-xxvek	Liberty XX Век | Liberty XX Век HD | Liberty XX Век 4K	https://iptvx.one/picons/liberty-xxvek.png
liberty-zanaves	Liberty Занавес | Liberty Занавес HD | Liberty Занавес 4K	https://iptvx.one/picons/liberty-zanaves.png
lida	Лида	https://iptvx.one/picons/lida.png
lietuvos-ryto-televizija	Lietuvos ryto televizija | Lietuvos ryto TV	https://iptvx.one/picons/lietuvos-ryto-televizija.png
liova	Лёва | Лёва HD	https://iptvx.one/picons/liova.png
lipeck24	Липецк 24	https://iptvx.one/picons/lipeck24.png
lipeckoe-vremia	Липецкое время	https://iptvx.one/picons/lipeckoe-vremia.png
liuks	Liuks! | 2TV [LT]	https://iptvx.one/picons/liuks.png
live-music-channel	Live Music Channel HD	https://iptvx.one/picons/live-music-channel.png
lnk	LNK	https://iptvx.one/picons/lnk.png
lnt	TV3 Life | LNT	https://iptvx.one/picons/lnt.png
lolo-tv-lv	Pingvīns | Lolo TV Латвия	https://iptvx.one/picons/lolo-tv.png
lot-47	Лен ТВ 24 | Лен ТВ 24 HD | ЛОТ 47 | 47 канал Санкт-Петербург	https://iptvx.one/picons/lot-47.png
love-nature-4k	Love Nature 4K	https://iptvx.one/picons/love-nature-4k.png
lrt-klasika-lt	LRT Klasika [LT]	https://iptvx.one/picons/lrt-klasika-lt.png
lrt-kultura	LRT Kultūra | LRT Plius | LRT Plius HD	https://iptvx.one/picons/lrt-kultura.png
lrt-lituanica	LRT Lituanica	https://iptvx.one/picons/lrt-lituanica.png
lrt-opus-lt	LRT Opus [LT]	https://iptvx.one/picons/lrt-opus-lt.png
lrt-radijas-lt	LRT Radijas [LT]	https://iptvx.one/picons/lrt-radijas-lt.png
lrt-tv	LRT Televizija HD | LRT Televizija	https://iptvx.one/picons/lrt-tv.png
ltv-lubercy	ЛТВ (Люберцы)	https://iptvx.one/picons/ltv-lubercy.png
ltv1	LTV1	https://iptvx.one/picons/ltv1.png
ltv7	LTV7	https://iptvx.one/picons/ltv7.png
lubimoe-kino	Любимое кино | Любимое кино HD | РТВ - Любимое кино | РТВ - Наше кино | Наше кино	https://iptvx.one/picons/lubimoe-kino.png
lubimy-kg	Любимый [KG]	https://iptvx.one/picons/lubimy-kg.png
luch	Луч | Луч 24 | Луч 24 HD | ТРК Луч | Луч ТРК | Луч-Альметьевск	https://iptvx.one/picons/luch.png
luch-yanao	Луч (ЯНАО)	https://iptvx.one/picons/luch-yanao.png
luxe-tv	Luxe HD | Luxe.TV	https://iptvx.one/picons/luxe-tv.png
luxury	Luxury	https://iptvx.one/picons/luxury.png
luxury-hd	Luxury HD	https://iptvx.one/picons/luxury-hd.png
m-plus-deport-es	M+ Deportes [ES]	https://iptvx.one/picons/m-plus-deport-es.png
m-plus-deport2-es	M+ Deportes 2 [ES]	https://iptvx.one/picons/m-plus-deport2-es.png
m-plus-deport3-es	M+ Deportes 3 [ES]	https://iptvx.one/picons/m-plus-deport3-es.png
m-plus-deport4-es	M+ Deportes 4 [ES]	https://iptvx.one/picons/m-plus-deport4-es.png
m-plus-deport5-es	M+ Deportes 5 [ES]	https://iptvx.one/picons/m-plus-deport5-es.png
m-plus-deport6-es	M+ Deportes 6 [ES]	https://iptvx.one/picons/m-plus-deport6-es.png
m-plus-deport7-es	M+ Deportes 7 [ES]	https://iptvx.one/picons/m-plus-deport7-es.png
m-plus-deport8-es	M+ Deportes 8 [ES]	https://iptvx.one/picons/m-plus-deport8-es.png
m-plus-golf-es	M+ Golf [ES]	https://iptvx.one/picons/m-plus-golf-es.png
m-plus-laliga-es	M+ LALIGA [ES]	https://iptvx.one/picons/m-plus-laliga-es.png
m-plus-ligac-es	M+ Liga de Campeones [ES]	https://iptvx.one/picons/m-plus-ligac-es.png
m-plus-vamos-es	M+ Vamos [ES]	https://iptvx.one/picons/m-plus-vamos-es.png
m-studio	М-студіо	https://iptvx.one/picons/m-studio.png
m1-ua	М1 | М1 Украина | М1 Україна	https://iptvx.one/picons/m1-ua.png
m1global	MMA-TV | M-1 Global | M-1 Global HD | M1 Global | M1 Global HD	https://iptvx.one/picons/m1global.png
m2-ua	М2 | М2 Украина | М2 Україна	https://iptvx.one/picons/m2-ua.png
m4sport-hu	M4 Sport [HU]	https://iptvx.one/picons/m4sport-hu.png
m6-music-fr	M6 Music [FR]	https://iptvx.one/picons/m6-music-fr.png
magia-kuxni	Магия кухни	https://iptvx.one/picons/magia-kuxni.png
magic-action	Magic Action	https://iptvx.one/picons/magic-action.png
magic-adventure	Magic Adventure	https://iptvx.one/picons/magic-adventure.png
magic-comedy	Magic Comedy	https://iptvx.one/picons/magic-comedy.png
magic-disney	Magic Disney	https://iptvx.one/picons/magic-disney.png
magic-family	Magic Family	https://iptvx.one/picons/magic-family.png
magic-galaxy	Magic Galaxy	https://iptvx.one/picons/magic-galaxy.png
magic-horror	Magic Horror	https://iptvx.one/picons/magic-horror.png
magic-karate	Magic Karate	https://iptvx.one/picons/magic-karate.png
magic-love	Magic Love	https://iptvx.one/picons/magic-love.png
magic-premiere	Magic Premiere	https://iptvx.one/picons/magic-premiere.png
magic-russian	Magic Russian	https://iptvx.one/picons/magic-russian.png
magic-thriller	Magic Thriller	https://iptvx.one/picons/magic-thriller.png
magic-tv-bg	Magic TV [BG]	https://iptvx.one/picons/magic-tv-bg.png
magic-tv-ro	Magic TV RO | Magic TV HD RO	https://iptvx.one/picons/magic-tv-ro.png
magic-vhs	Magic VHS	https://iptvx.one/picons/magic-vhs.png
magnat	Magnat | Magnat HD	https://iptvx.one/picons/magnat.png
maincast	Maincast	https://iptvx.one/picons/maincast.png
maincast-sport	Maincast Sport	https://iptvx.one/picons/maincast-sport.png
malysh	Супергерои | Малыш	https://iptvx.one/picons/malysh.png
mama	Мама	https://iptvx.one/picons/mama.png
mamonttv	Мамонт ТВ	https://iptvx.one/picons/mamonttv.png
mangystay	Mangystay	https://iptvx.one/picons/mangystay.png
manunited-tv	MU TV | Manchester United TV	https://iptvx.one/picons/manunited-tv.png
marijampoles-lt	Marijampolės TV [LT]	https://iptvx.one/picons/marijampoles-lt.png
mart-tv	Март ТВ	https://iptvx.one/picons/mart-tv.png
mason-tv	Масон ТВ	https://iptvx.one/picons/mason-tv.png
match-arena	Матч! Арена | Матч! Арена HD	https://iptvx.one/picons/match-arena.png
match-boets	Матч! Боец | Матч! Боец HD	https://iptvx.one/picons/match-boec.png
match-football1	Матч! Футбол 1 | Матч! Футбол 1 HD	https://iptvx.one/picons/match-football1.png
match-football2	Матч! Футбол 2 | Матч! Футбол 2 HD	https://iptvx.one/picons/match-football2.png
match-football3	Матч! Футбол 3 | Матч! Футбол 3 HD	https://iptvx.one/picons/match-football3.png
match-igra	Матч! Игра | Матч! Игра HD	https://iptvx.one/picons/match-igra.png
match-nash-sport	Матч! Страна | Матч! Страна HD | Матч! Наш спорт	https://iptvx.one/picons/match-strana.png
match-planeta	Матч! Планета | Матч! Планета HD	https://iptvx.one/picons/match-planeta.png
match-premier	Матч! Премьер | Матч! Премьер HD | Матч Премьер | Матч Премьер HD	https://iptvx.one/picons/match-premiere.png
match-tv	Матч! | Матч! HD | Матч HD | Матч! ТВ	https://iptvx.one/picons/match-tv.png
match4-hu	Match4 [HU]	https://iptvx.one/picons/match4-hu.png
matur-tv	Матур ТВ	https://iptvx.one/picons/matur-tv.png
max-sport-1	MAX Sport 1 | MAX Sport 1 HD	https://iptvx.one/picons/max-sport-1.png
max-sport-1-hr	Max Sport 1 [HR]	https://iptvx.one/picons/max-sport-1-hr.png
max-sport-2	MAX Sport 2 | MAX Sport 2 HD	https://iptvx.one/picons/max-sport-2.png
max-sport-2-hr	Max Sport 2 [HR]	https://iptvx.one/picons/max-sport-2-hr.png
max-sport-3	MAX Sport 3 | MAX Sport 3 HD	https://iptvx.one/picons/max-sport-3.png
max-sport-4	MAX Sport 4 | MAX Sport 4 HD	https://iptvx.one/picons/max-sport-4.png
maydan	Майдан	https://iptvx.one/picons/maydan.png
mcm-pop	MCM Pop	https://iptvx.one/picons/mcm-pop.png
mcm-top	MCM Top | MCM Top Россия	https://iptvx.one/picons/mcm-top.png
medeniyyet	Medeniyyet TV | Mədəniyyət TV	https://iptvx.one/picons/medeniyyet.png
mega-ua	Мега	https://iptvx.one/picons/mega-ua.png
megapolis	Мегаполис | Мегаполис-HD	https://iptvx.one/picons/megapolis.png
megogo-football-1	Megogo Футбол 1 | Megogo Футбол Перший | Megogo Футбол 1 HD	https://iptvx.one/picons/megogo-football-1.png
megogo-football-2	Megogo Футбол 2 | Megogo Футбол Другий | Megogo Футбол 2 HD	https://iptvx.one/picons/megogo-football-2.png
megogo-football-3	Megogo Футбол 3 | Megogo Футбол Третій | Megogo Футбол 3 HD	https://iptvx.one/picons/megogo-football-3.png
megogo-football-4	Megogo Футбол 4 | Megogo Футбол 4 HD	https://iptvx.one/picons/megogo-football-4.png
megogo-football-5	Megogo Футбол 5 | Megogo Футбол 5 HD	https://iptvx.one/picons/megogo-football-5.png
megogo-gong	Megogo Гонг	https://iptvx.one/picons/megogo-gong.png
megogo-live	Megogo Live | Megogo Live HD	https://iptvx.one/picons/megogolive.png
megogo-sport	Megogo Спорт | Megogo Спорт HD | Megogo Sport | Megogo Sport HD	https://iptvx.one/picons/megogo-sport.png
melody-dafrique-fr	Melody d'Afrique [FR]	https://iptvx.one/picons/melody-dafrique-fr.png
melody-fr	Melody [FR]	https://iptvx.one/picons/melody-fr.png
metr	МЭТР | МЭТР (Йошкар-Ола)	https://iptvx.one/picons/metr.png
metrotv-pl	Metro TV [PL] | Metro TV HD [PL]	https://iptvx.one/picons/metrotv-pl.png
mezzo	Mezzo	https://iptvx.one/picons/mezzo.png
mezzo-live-hd	Mezzo Live HD	https://iptvx.one/picons/mezzo-live-hd.png
mig-tv-noyabrsk	Миг ТВ Ноябрьск	https://iptvx.one/picons/mig-tv-noyabrsk.png
milady-television	Milady Television | Milady TV	https://iptvx.one/picons/milady-television.png
milan-it	Milan TV	https://iptvx.one/picons/milan-it.png
millet	Миллет | Миллет HD	https://iptvx.one/picons/millet.png
minijam	MiniJam	https://iptvx.one/picons/minijam.png
minikacocuk-tr	Minika Çocuk [TR]	https://iptvx.one/picons/minikacocuk-tr.png
minikago-tr	MinikaGO [TR]	https://iptvx.one/picons/minikago-tr.png
minimax-007	MM 007 HD	https://iptvx.one/picons/minimax-007.png
minimax-agata	MM Агата Кристи HD	https://iptvx.one/picons/minimax-agata.png
minimax-animated-ms	MS Animated HD	https://iptvx.one/picons/minimax-animated-ms.png
minimax-boevik	MM Боевик HD	https://iptvx.one/picons/minimax-boevik.png
minimax-boevik_classic	MM Боевик Classic HD	https://iptvx.one/picons/minimax-boevik_classic.png
minimax-celebrity	MM Celebrity HD	https://iptvx.one/picons/minimax-celebrity.png
minimax-classic	MM Classic HD	https://iptvx.one/picons/minimax-classic.png
minimax-comedy	MM Комедия HD	https://iptvx.one/picons/minimax-comedy.png
minimax-comedy_classic	MM Комедия Classic HD	https://iptvx.one/picons/minimax-comedy_classic.png
minimax-drama	MM Драма HD	https://iptvx.one/picons/minimax-drama.png
minimax-experiment	MM Experiment HD	https://iptvx.one/picons/minimax-experiment.png
minimax-family1	MM Семейный 1 HD	https://iptvx.one/picons/minimax-family1.png
minimax-family2	MM Семейный 2 HD	https://iptvx.one/picons/minimax-family2.png
minimax-fantastika	MM Фантастика HD	https://iptvx.one/picons/minimax-fantastika.png
minimax-flip	MM Flip UHD	https://iptvx.one/picons/minimax-flip.png
minimax-fobija	MM Фобия HD	https://iptvx.one/picons/minimax-fobija.png
minimax-griffiny	MM Гриффины HD	https://iptvx.one/picons/minimax-griffiny.png
minimax-grindhouse	MM Грайндхаус HD	https://iptvx.one/picons/minimax-grindhouse.png
minimax-honey	MM Honey HD	https://iptvx.one/picons/minimax-honey.png
minimax-istorija	MM История HD	https://iptvx.one/picons/minimax-istorija.png
minimax-katastrofa	MM Катастрофа HD	https://iptvx.one/picons/minimax-katastrofa.png
minimax-kiberpunk	MM Киберпанк HD	https://iptvx.one/picons/minimax-kiberpunk.png
minimax-kinofestival	MM Кинофестиваль HD	https://iptvx.one/picons/minimax-kinofestival.png
minimax-kriminal	MM Криминал HD	https://iptvx.one/picons/minimax-kriminal.png
minimax-krutie-90-e	MM Крутые 90-е HD	https://iptvx.one/picons/minimax-krutie-90-e.png
minimax-kungfu	MM Кунг-Фу HD	https://iptvx.one/picons/minimax-kungfu.png
minimax-kvartirnik	MM Квартирник HD	https://iptvx.one/picons/minimax-kvartirnik.png
minimax-lesson	MM Lesson HD	https://iptvx.one/picons/minimax-lesson.png
minimax-live-planet	MM Live Planet HD	https://iptvx.one/picons/minimax-live-planet.png
minimax-love	MM Love HD	https://iptvx.one/picons/minimax-love.png
minimax-makromir	MM Макромир HD	https://iptvx.one/picons/minimax-makromir.png
minimax-megamir	MM Мегамир HD	https://iptvx.one/picons/minimax-megamir.png
minimax-micromir	MM Микромир HD	https://iptvx.one/picons/minimax-micromir.png
minimax-mifologija	MM Мифология HD	https://iptvx.one/picons/minimax-mifologija.png
minimax-ms-crime	MS Crime HD	https://iptvx.one/picons/minimax-ms-crime.png
minimax-ms-magic-4k	MS Magic 4K	https://iptvx.one/picons/minimax-ms-magic-4k.png
minimax-ms-prisons	MS Prisons HD	https://iptvx.one/picons/minimax-ms-prisons.png
minimax-ms-toons	MS Toons HD	https://iptvx.one/picons/minimax-ms-toons.png
minimax-ms-young-blood	MS Young Blood HD	https://iptvx.one/picons/minimax-ms-young-blood.png
minimax-mult	MM USSR Мультфильм HD	https://iptvx.one/picons/minimax-mult.png
minimax-newfilm1	MM NewFilm 1 HD	https://iptvx.one/picons/minimax-newfilm1.png
minimax-newfilm2	MM NewFilm 2 HD	https://iptvx.one/picons/minimax-newfilm2.png
minimax-newfilm3	MM NewFilm 3 HD	https://iptvx.one/picons/minimax-newfilm3.png
minimax-newfilmru	MM NewFilm RU HD	https://iptvx.one/picons/minimax-newfilmru.png
minimax-nuar	MM Нуар HD	https://iptvx.one/picons/minimax-nuar.png
minimax-oldschool	MM OldSchool HD	https://iptvx.one/picons/minimax-oldschool.png
minimax-otkritiya	MM Открытия HD	https://iptvx.one/picons/minimax-otkritiya.png
minimax-pogrujenie	MM Погружение HD	https://iptvx.one/picons/minimax-pogrujenie.png
minimax-police	MM Полицейский С Рублёвки HD	https://iptvx.one/picons/minimax-police.png
minimax-prikluchenija	MM Приключения HD	https://iptvx.one/picons/minimax-prikluchenija.png
minimax-roskino	MM Роскино HD	https://iptvx.one/picons/minimax-roskino.png
minimax-sinematograf	MM Синематограф HD	https://iptvx.one/picons/minimax-sinematograf.png
minimax-sitkom	MM Ситком HD	https://iptvx.one/picons/minimax-sitkom.png
minimax-sitkom20	MM Ситком 2.0 HD	https://iptvx.one/picons/minimax-sitkom20.png
minimax-skorost	MM Скорость HD	https://iptvx.one/picons/minimax-skorost.png
minimax-smile	MM Smile HD	https://iptvx.one/picons/minimax-smile.png
minimax-sport	MM Спорт HD	https://iptvx.one/picons/minimax-sport.png
minimax-st-king	MM Стивен Кинг HD	https://iptvx.one/picons/minimax-st-king.png
minimax-supergeroi	MM Супергерои HD	https://iptvx.one/picons/minimax-supergeroi.png
minimax-svati	MM Сваты HD	https://iptvx.one/picons/minimax-svati.png
minimax-tom-and-jerry	MM Tom And Jerry HD	https://iptvx.one/picons/minimax-tom-and-jerry.png
minimax-translation	MM Translation HD	https://iptvx.one/picons/minimax-translation.png
minimax-triller	MM Триллер HD	https://iptvx.one/picons/minimax-triller.png
minimax-ufo	MM UFO HD	https://iptvx.one/picons/minimax-ufo.png
minimax-ujasi	MM Ужасы HD	https://iptvx.one/picons/minimax-ujasi.png
minimax-ujasi-classic	MM Ужасы Classic HD	https://iptvx.one/picons/minimax-ujasi-classic.png
minimax-ujastik	MM Ужастик HD	https://iptvx.one/picons/minimax-ujastik.png
minimax-ussr-1941-1945	MM USSR 1941-1945 HD	https://iptvx.one/picons/minimax-ussr-1941-1945.png
minimax-ussr-detektiv	MM USSR Детектив HD	https://iptvx.one/picons/minimax-ussr-detektiv.png
minimax-ussr-fantastika	MM USSR Драма HD	https://iptvx.one/picons/minimax-ussr-fantastika.png
minimax-ussr-komedija	MM USSR Комедия HD	https://iptvx.one/picons/minimax-ussr-komedija.png
minimax-ussr-prikluchenija	MM USSR Приключения HD	https://iptvx.one/picons/minimax-ussr-prikluchenija.png
minimax-ussr-skazki	MM USSR Сказки HD	https://iptvx.one/picons/minimax-ussr-skazki.png
minimax-voronini	MM Воронины HD	https://iptvx.one/picons/minimax-voronini.png
minimax-walt-disney	MM Walt Disney HD	https://iptvx.one/picons/minimax-walt-disney.png
minimax-western	MM Вестерн HD	https://iptvx.one/picons/minimax-western.png
minimax-zatmenie	MM Затмение HD	https://iptvx.one/picons/minimax-zatmenie.png
minimini-pl	MiniMini+ HD | MiniMini+ | MiniMini+ [PL]	https://iptvx.one/picons/minimini-pl.png
ministerstvo-idey	Министерство идей	https://iptvx.one/picons/ministerstvo-idey.png
minsk-tv	Яснае ТВ | Яснае TV | МінскТВ | Минск ТВ | Мінск | МинскТВ | МінскТВ HD | Минск ТВ HD | Мінск HD | МинскТВ HD	https://iptvx.one/picons/yasnae.png
mir	Мир | Мир HD	https://iptvx.one/picons/mir.png
mir-24	Мир 24 | Мир-24 | Мир24	https://iptvx.one/picons/mir24.png
mir-basketbola	Мир баскетбола	https://iptvx.one/picons/mir-basketbola.png
mir-belogoria	Мир Белогорья	https://iptvx.one/picons/mir-belogoria.png
mir-kz	Мир KZ	https://iptvx.one/picons/mir.png
mir-pl2	Мир (+2) | Мир HD (+2)	https://iptvx.one/picons/mir-pl2.png
mir-pl4	Мир (+4) | Мир HD (+4)	https://iptvx.one/picons/mir-pl4.png
mir-pl7	Мир (+7) | Мир HD (+7)	https://iptvx.one/picons/mir-pl7.png
mir-seriala	Мир сериала | Мир сериала HD	https://iptvx.one/picons/mir-seriala.png
mir-uvlecheniy	Кто Куда | Мир увлечений | #КтоКуда	https://iptvx.one/picons/mir-uvlecheniy.png
mir-vokrug	Мир вокруг	https://iptvx.one/picons/mir-vokrug.png
mirovoe-kino-kz	Мировое Кино KZ | Мировое Кино HD KZ	https://iptvx.one/picons/mirovoe-kino-kz.png
mitv-ustilimsk	МИТВ (Усть-Илимск)	https://iptvx.one/picons/mitv-ustilimsk.png
mixtape-pl	Mixtape [PL] | Mixtape HD [PL]	https://iptvx.one/picons/mixtape-pl.png
mktv-molodechno	МКТВ Молодечно | МКТВ (Молодечно)	https://iptvx.one/picons/mktv-molodechno.png
mlb-network-us	MLB Network [US]	https://iptvx.one/picons/mlb-network-us.png
modo-armag	MÖDO Armageddon	https://iptvx.one/picons/modo-armag.png
modo-beerland	MÖDO Beer Land	https://iptvx.one/picons/modo-beerland.png
modo-candyland	MÖDO Candy Land	https://iptvx.one/picons/modo-candyland.png
modo-cocaine	MÖDO Cocaine	https://iptvx.one/picons/modo-cocaine.png
modo-doc	MÖDO Documental	https://iptvx.one/picons/modo-doc.png
modo-fantas	MÖDO Fantasies	https://iptvx.one/picons/modo-fantas.png
modo-fireact	MÖDO Fire Action	https://iptvx.one/picons/modo-fireact.png
modo-fsssr	MÖDO Фильмы СССР	https://iptvx.one/picons/modo-fsssr.png
modo-greenw	MÖDO Green World	https://iptvx.one/picons/modo-greenw.png
modo-kamin	MÖDO Камин	https://iptvx.one/picons/modo-kamin.png
modo-lovestr	MÖDO Love Stories	https://iptvx.one/picons/modo-lovestr.png
modo-mafia	MÖDO Mafia Island	https://iptvx.one/picons/modo-mafia.png
modo-manlike	MÖDO Man Like	https://iptvx.one/picons/modo-manlike.png
modo-mfsssr	MÖDO Мультфильмы СССР	https://iptvx.one/picons/modo-mfsssr.png
modo-mix4k	MÖDO Mixed 4K	https://iptvx.one/picons/modo-mix4k.png
modo-mus-ruua	MÖDO Music RU-UA 2023	https://iptvx.one/picons/modo-mus-ruua.png
modo-mus21	MÖDO Music 2021	https://iptvx.one/picons/modo-mus21.png
modo-mus22	MÖDO Music 2022	https://iptvx.one/picons/modo-mus22.png
modo-mus23	MÖDO Music 2023	https://iptvx.one/picons/modo-mus23.png
modo-musclub	MÖDO Music Club	https://iptvx.one/picons/modo-musclub.png
modo-music-2024	MÖDO Music 2024	https://iptvx.one/picons/modo-music-2024.png
modo-music-ruua-2024	MÖDO Music RU-UA 2024	https://iptvx.one/picons/modo-music-ruua-2024.png
modo-musmovies	MÖDO Music Movies	https://iptvx.one/picons/modo-musmovies.png
modo-newblood	MÖDO New Blood	https://iptvx.one/picons/modo-newblood.png
modo-nightscary	MÖDO Night Scary	https://iptvx.one/picons/modo-nightscary.png
modo-novel	MÖDO Novelty HDR	https://iptvx.one/picons/modo-novel.png
modo-rusmovies	MÖDO Rus Movies	https://iptvx.one/picons/modo-rusmovies.png
modo-snoop	MÖDO Snoop Gun	https://iptvx.one/picons/modo-snoop.png
modo-spaceship	MÖDO Spaceship	https://iptvx.one/picons/modo-spaceship.png
modo-suns	MÖDO Sunshine	https://iptvx.one/picons/modo-suns.png
modo-superhero	MÖDO Super Hero	https://iptvx.one/picons/modo-superhero.png
modo-tarangr	MÖDO Tarantino-G.Ritchie	https://iptvx.one/picons/modo-tarangr.png
modo-toon4k	MÖDO Toon 4K	https://iptvx.one/picons/modo-toon4k.png
modo-topmov	MÖDO Top Movies	https://iptvx.one/picons/modo-topmov.png
modo-topser	MÖDO Top Series	https://iptvx.one/picons/modo-topser.png
modo-vhsmix4k	MÖDO VHS Mix 4K	https://iptvx.one/picons/modo-vhsmix4k.png
modo-videoshow	MÖDO Video Show	https://iptvx.one/picons/modo-videoshow.png
modo-village	MÖDO Village	https://iptvx.one/picons/modo-village.png
modo-wildwest	MÖDO Wild West	https://iptvx.one/picons/modo-wildwest.png
modo-zomb	MÖDO Zombie land	https://iptvx.one/picons/modo-zomb.png
moldova-1	Moldova 1	https://iptvx.one/picons/moldova-1.png
moldova-2	Moldova 2	https://iptvx.one/picons/moldova-2.png
mooz-dance-ro	Mooz Dance [RO]	https://iptvx.one/picons/mooz-dance-ro.png
mooz-hits-ro	Mooz Hits [RO]	https://iptvx.one/picons/mooz-hits-ro.png
mooz-ro	Mooz [RO]	https://iptvx.one/picons/mooz-ro.png
mordovia-24	Мордовия 24	https://iptvx.one/picons/mordovia-24.png
more-than-sport-de	More Than Sports TV [DE]	https://iptvx.one/picons/more-than-sport-de.png
morskoy	Моя стихия | Моя стихия HD | Морской | Морской HD	https://iptvx.one/picons/morskoy.png
mosfilm	Мосфильм. Золотая коллекция	https://iptvx.one/picons/mosfilm.png
mosfilm-int	Мосфильм. Золотая коллекция Int	https://iptvx.one/picons/mosfilm-int.png
mosfilm-pl2	Мосфильм. Золотая коллекция (+2)	https://iptvx.one/picons/mosfilm-pl2.png
mosfilm-pl4	Мосфильм. Золотая коллекция (+4)	https://iptvx.one/picons/mosfilm-pl4.png
moskovsky-obrazovatelny	Московский образовательный | МосОбрТВ	https://iptvx.one/picons/moskovsky-obrazovatelny.png
moskva-24	Москва-24 | Москва 24	https://iptvx.one/picons/moskva-24.png
moto-drive	Мото Драйв ТВ	https://iptvx.one/picons/moto-drive.png
motor-trend-it	Motor Trend [IT]	https://iptvx.one/picons/motor-trend-it.png
motorvision-p-de	Motorvision+ [DE]	https://iptvx.one/picons/motorvision-p-de.png
motowizja-pl	Motowizja [PL] | Motowizja HD [PL]	https://iptvx.one/picons/motowizja-pl.png
movify-history	Movify History | Movify Vēsture	https://iptvx.one/picons/movify-history.png
movify-kino	Movify Kino	https://iptvx.one/picons/movify-kino.png
movify-series	Movify Series | Movify Seriāls	https://iptvx.one/picons/movify-series.png
moya-planeta	Моя Планета | Моя Планета HD | Планета HD	https://iptvx.one/picons/moya-planeta.png
ms-sport-de	MS Sport [DE]	https://iptvx.one/picons/ms-sport-de.png
msg-us	MSG [US] | Madison Square Gardens [US]	https://iptvx.one/picons/msg-us.png
msnbc-us	MS NOW [US] | MSNBC [US]	https://iptvx.one/picons/msnbc-us.png
mtk-mirny	МТК | МТК Мирный	https://iptvx.one/picons/mtk-mirny.png
mtv-00s-il	MTV 00's [IL]	https://iptvx.one/picons/mtv-00s-il.png
mtv-2-us	MTV 2 [US]	https://iptvx.one/picons/mtv-2-us.png
mtv-classic-us	MTV Classic [US]	https://iptvx.one/picons/mtv-classic-us.png
mtv-de	MTV [DE] | MTV Deutsche	https://iptvx.one/picons/mtv-de.png
mtv-europe	MTV Europe	https://iptvx.one/picons/mtv-europe.png
mtv-fr	MTV [FR] | MTV France	https://iptvx.one/picons/mtv-fr.png
mtv-il	MTV [IL]	https://iptvx.one/picons/mtv-il.png
mtv-japan	MTV Japan	https://iptvx.one/picons/mtv-japan.png
mtv-live-us	MTV Live [US]	https://iptvx.one/picons/mtv-live-us.png
mtv-max-fi	MTV Max [FI] | C More Max [FI]	https://iptvx.one/picons/mtv-max-fi.png
mtv-u-us	MTV U [US]	https://iptvx.one/picons/mtv-u-us.png
mtv-urheilu1-fi	MTV Urheilu 1 [FI] | C More Sport 1 [FI]	https://iptvx.one/picons/mtv-urheilu1-fi.png
mtv-urheilu2-fi	MTV Urheilu 2 [FI] | C More Sport 2 [FI]	https://iptvx.one/picons/mtv-urheilu2-fi.png
mtv-urheilu3-fi	MTV Urheilu 3 [FI] | C More Sport 3 [FI]	https://iptvx.one/picons/mtv-urheilu3-fi.png
mtv-us	MTV [US]	https://iptvx.one/picons/mtv-us.png
mtv-volgograd	МТВ Волгоград	https://iptvx.one/picons/mtv-volgograd.png
mult	Мульт | Мульт HD | Тлум | Тлум HD	https://iptvx.one/picons/mult.png
multimania	Мультиландия | Мультимания	https://iptvx.one/picons/multimania.png
multimania-lv	Мультимания LV | Мультимания (Латвия) | Детский телеканал Мультимания	https://iptvx.one/picons/multimania-lv.png
multimuzyka	Мультимузыка | Мульт и Музыка	https://iptvx.one/picons/multimuzyka.png
multsezon	МультСезон	https://iptvx.one/picons/multsezon.png
muravlenko24	Муравленко 24	https://iptvx.one/picons/muravlenko24.png
muromtv	Муром ТВ	https://iptvx.one/picons/muromtv.png
museum-4k	Museum 4K | Museum UHD	https://iptvx.one/picons/museum-4k.png
museum-hd	Museum HD | Museum TV	https://iptvx.one/picons/museum-hd.png
music-box-muzon-il	Music Box Muzon [IL]	https://iptvx.one/picons/music-box-muzon-il.png
music-channel-ro	Music Channel RO | Music Channel Romania | Music Channel HD RO	https://iptvx.one/picons/music-channel-ro.png
musicbox	MusicBox | Musicbox Gold | MusicBox TV	https://iptvx.one/picons/musicbox-gold.png
musicbox-classic	Music Box Classic	https://iptvx.one/picons/musicbox-classic.png
musicbox-dance	Music Box Dance	https://iptvx.one/picons/musicbox-dance.png
musicbox-hits	Music Box Hits	https://iptvx.one/picons/musicbox-hits.png
musicbox-pl	Music Box [PL] | Music Box HD [PL]	https://iptvx.one/picons/musicbox-pl.png
musicbox-sexy	Music Box Sexy	https://iptvx.one/picons/musicbox-sexy.png
musicmix	Musicmix	https://iptvx.one/picons/musicmix.png
muvitv	Муви ТВ	https://iptvx.one/picons/muvitv.png
muzhskoe-kino	Мужское кино HD | Мужское кино	https://iptvx.one/picons/muzhskoe-kino.png
muzhskoe-kino-int	Мужское кино International | Мужское кино Международный	https://iptvx.one/picons/muzhskoe-kino-int.png
muzhskoy	Мужской	https://iptvx.one/picons/muzhskoy.png
muzikas-video-kanals	Mūzikas Video Kanāls	https://iptvx.one/picons/muzikas-video-kanals.png
muzlife	MuzLife	https://iptvx.one/picons/muzlife.png
muzsika-tv	Muzsika TV | Muzsika	https://iptvx.one/picons/muzsika-tv.png
muzsoyuz	МузСоюз	https://iptvx.one/picons/muzsoyuz.png
muztv	Муз-ТВ | Муз ТВ | МузТВ | Муз-ТВ HD | Муз ТВ HD | МузТВ HD	https://iptvx.one/picons/muztv.png
muztv-pl2	Муз-ТВ (+2) | Муз ТВ (+2) | МузТВ (+2)	https://iptvx.one/picons/muztv-pl2.png
muztv-pl4	Муз-ТВ (+4) | Муз ТВ (+4) | МузТВ (+4)	https://iptvx.one/picons/muztv-pl4.png
muztv-pl7	Муз-ТВ (+7) | Муз ТВ (+7) | МузТВ (+7)	https://iptvx.one/picons/muztv-pl7.png
muzwar	Музвар	https://iptvx.one/picons/muzwar.png
muzyka-pervogo	Музыка Первого	https://iptvx.one/picons/muzyka-pervogo.png
muzykamodatv	Музыка Мода ТВ | ММТВ	https://iptvx.one/picons/muzykamodatv.png
muzzone	MuzZone	https://iptvx.one/picons/muzzone.png
my-i-gorod	Мы и город	https://iptvx.one/picons/my-i-gorod.png
my-ukraina	Ми - Україна	https://iptvx.one/picons/my-ukraina.png
my-ukraina-plus	Ми - Україна+	https://iptvx.one/picons/my-ukraina-plus.png
myhits-ee	MyHits [EE]	https://iptvx.one/picons/myhits-ee.png
mysport-eins-ch	MySports Eins [CH]	https://iptvx.one/picons/mysport-eins-ch.png
myy	МЫ | МЫ HD	https://iptvx.one/picons/myy.png
myzen-4k	MyZen 4К	https://iptvx.one/picons/myzen-4k.png
myzen-tv	myZen.tv | myZen.tv HD | Melody Zen TV	https://iptvx.one/picons/myzen-tv.png
n-tv-hd-de	n-tv HD | n-tv	https://iptvx.one/picons/n-tv-hd-de.png
n4	N4	https://iptvx.one/picons/n4.png
naczhk	Национальный Жилищный Канал | НЖК	https://iptvx.one/picons/naczhk.png
nadezhda	Надежда	https://iptvx.one/picons/nadezhda.png
nadia	Надія	https://iptvx.one/picons/nadia.png
nano-hd	Nano HD	https://iptvx.one/picons/nano-hd.png
nano-tv	Нано	https://iptvx.one/picons/nano-tv.png
narod-vsio-vidit	Народ Всё Видит	https://iptvx.one/picons/narod-vsio-vidit.png
nasa4k	NASA 4K	https://iptvx.one/picons/nasa4k.png
nash-dom	Наш дом	https://iptvx.one/picons/nash-dom.png
nash-kanal	#НАШ канал	https://iptvx.one/picons/nash-kanal.png
nash-kinopokaz	Наш Кинопоказ	https://iptvx.one/picons/nash-kinopokaz.png
nash-kinopokaz-hd	Наш Кинопоказ HD	https://iptvx.one/picons/nash-kinopokaz.png
nasha-sibir	Наша Сибирь | Наша Сибирь HD	https://iptvx.one/picons/nasha-sibir.png
nasha-sibir-4k	Наша Сибирь 4K	https://iptvx.one/picons/nasha-sibir-4k.png
nasha-tema	Наша тема	https://iptvx.one/picons/nasha-tema.png
nashe-lubimoe	Любимое SD | Любимое | Наше любимое | Наше любимое SD	https://iptvx.one/picons/nashe-lubimoe.png
nashe-lubimoe-hd	Любимое HD | Наше любимое HD	https://iptvx.one/picons/nashe-lubimoe-hd.png
nashe-lubimoe-kino-ua	Наше любимое кино Украина | Наше улюблене кіно	https://iptvx.one/picons/nashe-lubimoe-kino-ua.png
nashe-music-hd	#НАШЕ music | #НАШЕ music HD | #НАШЕ | #НАШЕ HD | #НАШЕ 4K | #НАШЕ music 4K	https://iptvx.one/picons/nashe-music-hd.png
nashe-muzhskoe	Наше Мужское	https://iptvx.one/picons/nashe-muzhskoe.png
nashe-muzhskoe-hd	Наше Мужское HD	https://iptvx.one/picons/nashe-muzhskoe-hd.png
nashe-nasledie	Наше Наследие	https://iptvx.one/picons/nashe-nasledie.png
nashe-novoe-kino	Наше новое кино | Наше новое кино HD	https://iptvx.one/picons/nashe-novoe-kino.png
nashe-novoe-kino-int	Наше новое кино International | Наше новое кино Международный	https://iptvx.one/picons/nashe-novoe-kino-int.png
nashehd	Наше HD | Наше крутое HD	https://iptvx.one/picons/nashehd.png
nashesd	Наше SD | Наше | Наше крутое | Наше крутое SD	https://iptvx.one/picons/nashesd.png
nashi-goroda	Наши Города (Когалым)	https://iptvx.one/picons/nashi-goroda.png
nastoyaschee-vremia	Настоящее время HD | Настоящее время	https://iptvx.one/picons/nastoiaschee-vremia.png
nat-geo-people-pl	Nat Geo People [PL] | Nat Geo People HD [PL]	https://iptvx.one/picons/nat-geo-people-pl.png
nat-geo-wild	Nat Geo Wild | Nat Geo Wild HD | Nat Geo Wild СНГ | Nat Geo Wild СНГ HD	https://iptvx.one/picons/nat-geo-wild.png
nat-geo-wild-pl	National Geographic Wild [PL] | National Geographic Wild HD [PL] | Nat Geo Wild [PL] | Nat Geo Wild HD [PL]	https://iptvx.one/picons/nat-geo-wild-pl.png
natali	Натали | Наталі	https://iptvx.one/picons/natali.png
national-geographic	National Geographic | National Geographic HD | National Geographic HD CEE | National Geographic (Украина, Литва, СНГ)	https://iptvx.one/picons/national-geographic.png
national-geographic-baltic	National Geographic Baltic | National Geographic Латвия | National Geographic Эстония	https://iptvx.one/picons/national-geographic-baltic.png
national-geographic-pl	National Geographic [PL] | National Geographic HD [PL]	https://iptvx.one/picons/national-geographic-pl.png
national-tv	National TV	https://iptvx.one/picons/national-tv.png
nauchpop	Научпоп	https://iptvx.one/picons/nauchpop.png
nauka	Наука	https://iptvx.one/picons/nauka.png
nauka-20	Наука 2.0 | Наука 2.0 HD	https://iptvx.one/picons/nauka-20.png
nautical-channel	Nautical Channel	https://iptvx.one/picons/nautical-channel.png
navigator-tv	NavigatorTV | Navigator TV	https://iptvx.one/picons/navigator-tv.png
navo-uz	Navo Telekanali [UZ]	https://iptvx.one/picons/navo-uz.png
nba-tv	NBA TV	https://iptvx.one/picons/nba-tv.png
nba-tv-us	NBA TV [US]	https://iptvx.one/picons/nba-tv-us.png
neizvestnaya-planeta	Неизвестная Планета | Неизвестная планета HD	https://iptvx.one/picons/neizvestnaya-planeta.png
neizvestnaya-rosia	Неизвестная Россия | Неизвестная Россия HD	https://iptvx.one/picons/neizvestnaya-rosia.png
newsmax-us	NewsMax TV [US]	https://iptvx.one/picons/newsmax-us.png
newsnation-us	NewsNation US	https://iptvx.one/picons/newsnation-us.png
newtv-kg	New TV [KG]	https://iptvx.one/picons/newtv-kg.png
next-aura	NEXT Aura	https://iptvx.one/picons/next-aura.png
next-blaze	NEXT Blaze	https://iptvx.one/picons/next-blaze.png
next-bolt	NEXT Bolt	https://iptvx.one/picons/next-bolt.png
next-echo	NEXT Echo	https://iptvx.one/picons/next-echo.png
next-epic	NEXT Epic	https://iptvx.one/picons/next-epic.png
next-fusion	NEXT Fusion	https://iptvx.one/picons/next-fusion.png
next-horizon	NEXT Horizon	https://iptvx.one/picons/next-horizon.png
next-joy	NEXT Joy	https://iptvx.one/picons/next-joy.png
next-mythic	NEXT Mythic	https://iptvx.one/picons/next-mythic.png
next-nova	NEXT Nova	https://iptvx.one/picons/next-nova.png
next-peak	NEXT Peak	https://iptvx.one/picons/next-peak.png
next-pulse	NEXT Pulse	https://iptvx.one/picons/next-pulse.png
next-quest	NEXT Quest	https://iptvx.one/picons/next-quest.png
next-shadow	NEXT Shadow	https://iptvx.one/picons/next-shadow.png
next-spark	NEXT Spark	https://iptvx.one/picons/next-spark.png
next-strike	NEXT Strike	https://iptvx.one/picons/next-strike.png
next-tv	NEXT-TV	https://iptvx.one/picons/next-tv.png
next-venture	NEXT Venture	https://iptvx.one/picons/next-venture.png
next-vibe	NEXT Vibe	https://iptvx.one/picons/next-vibe.png
next-vision	NEXT Vision	https://iptvx.one/picons/next-vision.png
next-volt	NEXT Volt	https://iptvx.one/picons/next-volt.png
nfl-network	NFL Network | NFL Network HD	https://iptvx.one/picons/nfl-network.png
nfl-network-us	NFL Network [US]	https://iptvx.one/picons/nfl-network-us.png
nhk-world	NHK World | NHK World Japan	https://iptvx.one/picons/nhk-world.png
nhl-network-us	NHL Network [US]	https://iptvx.one/picons/nhl-network-us.png
nick-jr	Nick Jr	https://iptvx.one/picons/nick-jr.png
nick-jr-baltic	Nick Jr. Baltic	https://iptvx.one/picons/nick-jr-baltic.png
nickelodeon-baltic	Nickelodeon Baltic	https://iptvx.one/picons/nickelodeon-baltic.png
nickelodeon-ru	Nickelodeon | Nickelodeon HD | Nickelodeon СНГ	https://iptvx.one/picons/nickelodeon-ru.png
nickmusic-us	NickMusic [US]	https://iptvx.one/picons/nickmusic-us.png
nicktoons	Nicktoons | Nicktoons HD	https://iptvx.one/picons/nicktoons.png
nika-fm	Ника FM	https://iptvx.one/picons/nika-fm.png
nika-tv	Ника ТВ	https://iptvx.one/picons/nika-tv.png
niki-junior	Niki Junior	https://iptvx.one/picons/niki-junior.png
niki-kids	Niki Kids	https://iptvx.one/picons/niki-kids.png
nn-24	Нижний Новгород 24	https://iptvx.one/picons/nn-24.png
nnt	ННТ	https://iptvx.one/picons/nnt.png
nntv	ННТВ	https://iptvx.one/picons/nntv.png
no_epg	NO EPG (заглушка)	https://iptvx.one/picons/iptvxone.png
no_epg_cinema	NO EPG Cinema (заглушка)	https://iptvx.one/picons/iptvxone.png
no_epg_mult	NO EPG Mult (заглушка)	https://iptvx.one/picons/iptvxone.png
no_epg_music	NO EPG Music (заглушка)	https://iptvx.one/picons/iptvxone.png
no_epg_news	NO EPG News (заглушка)	https://iptvx.one/picons/iptvxone.png
no_epg_radio	NO EPG Radio (заглушка)	https://iptvx.one/picons/iptvxone.png
no_epg_sport	NO EPG Sport (заглушка)	https://iptvx.one/picons/iptvxone.png
no_epg_xxx	NO EPG XXX 18+ (заглушка)	https://iptvx.one/picons/iptvxone.png
nomadtv-kg	Nomad TV [KG]	https://iptvx.one/picons/nomadtv-kg.png
nor-hayastan	Nor Hayastan (Армения)	https://iptvx.one/picons/nor-hayastan.png
norilsktv	Норильск ТВ	https://iptvx.one/picons/norilsktv.png
noroc-tv-md	Noroc TV Moldova | Noroc TV MD	https://iptvx.one/picons/noroc-tv-md.png
nostalgia	Ностальгия	https://iptvx.one/picons/nostalgia.png
nova-pl	Nova [PL]	https://iptvx.one/picons/nova-pl.png
nova-sport	Nova Sport	https://iptvx.one/picons/nova-sport.png
nova-sport-bg	Nova Sport [BG]	https://iptvx.one/picons/nova-sport-bg.png
nova-sport1-cz	Nova Sport 1 | Nova Sport 1 HD	https://iptvx.one/picons/nova-sport1-cz.png
nova-sport2-cz	Nova Sport 2 | Nova Sport 2 HD	https://iptvx.one/picons/nova-sport2-cz.png
nova-sport3-cz	Nova Sport 3 | Nova Sport 3 HD	https://iptvx.one/picons/nova-sport3-cz.png
nova-sport4-cz	Nova Sport 4 | Nova Sport 4 HD	https://iptvx.one/picons/nova-sport4-cz.png
nova-sport5-cz	Nova Sport 5 [CZ] | Nova Sport 5 HD	https://iptvx.one/picons/nova-sport5-cz.png
nova-sport6-cz	Nova Sport 6 [CZ] | Nova Sport 6 HD	https://iptvx.one/picons/nova-sport6-cz.png
novela-tv-pl	Novela TV [PL]	https://iptvx.one/picons/novela-tv-pl.png
novelas-1-pl	Novelas+1 [PL]	https://iptvx.one/picons/novelas-1-pl.png
novelas-plus-pl	Novelas+ [PL]	https://iptvx.one/picons/novelas-plus-pl.png
novellatv	Novella TV	https://iptvx.one/picons/novellatv.png
novgorodskoe-obl-tv	Новгородское Областное телевидение	https://iptvx.one/picons/novgorodskoe-obl-tv.png
novocherkassk-tv	Новочеркасск ТВ	https://iptvx.one/picons/novocherkassk-tv.png
novoe-televidenie	Новое телевидение	https://iptvx.one/picons/novoe-televidenie.png
novoe-vremia	Новое время	https://iptvx.one/picons/novoe-vremia.png
novorosisk-tv	Новороссийск ТВ	https://iptvx.one/picons/novorosisk-tv.png
novoshakhtinsk-tv	Новошахтинск ТВ	https://iptvx.one/picons/novoshakhtinsk-tv.png
novy-kanal-ua	Новый канал | Новий канал | Новий канал HD	https://iptvx.one/picons/novy-kanal-ua.png
novy-mir	Новый мир	https://iptvx.one/picons/novy-mir.png
novy-vek-tambov	Новый век (Тамбов)	https://iptvx.one/picons/novy-vek-tambov.png
novy-xristiansky	Новый христианский	https://iptvx.one/picons/novy-xristiansky.png
now-golf-2-hk	Now Golf 2 [HK]	https://iptvx.one/picons/now-golf-2-hk.png
now-golf-3-hk	Now Golf 3 [HK]	https://iptvx.one/picons/now-golf-3-hk.png
now-rock	Now Rock	https://iptvx.one/picons/now-rock.png
now-series	NOW Series | NOW Series HD	https://iptvx.one/picons/now-series.png
now-sports-1	Now Sports 1	https://iptvx.one/picons/now-sports-1.png
now-sports-2	Now Sports 2	https://iptvx.one/picons/now-sports-2.png
now-sports-3	Now Sports 3	https://iptvx.one/picons/now-sports-3.png
now-sports-4	Now Sports 4	https://iptvx.one/picons/now-sports-4.png
now-sports-5	Now Sports 5	https://iptvx.one/picons/now-sports-5.png
now-sports-6	Now Sports 6	https://iptvx.one/picons/now-sports-6.png
now-sports-7	Now Sports 7	https://iptvx.one/picons/now-sports-7.png
now-sports-apl	Now Sports Premier League	https://iptvx.one/picons/now-sports-apl.png
now-sports-pl-hk	Now Sports Premier League TV [HK]	https://iptvx.one/picons/now-sports-pl-hk.png
now-sports-plus	Now Sports Plus	https://iptvx.one/picons/now-sports-plus.png
now-sports-prime-hk	Now Sports Prime [HK]	https://iptvx.one/picons/now-sports-prime-hk.png
now70s	Now 70's	https://iptvx.one/picons/now70s.png
now80s	Now 80's	https://iptvx.one/picons/now80s.png
now90s00s-uk	Now 90s & 00s [UK] | Now 90s 00s [UK]	https://iptvx.one/picons/now90s00s-uk.png
nowy-igrowoj	Новый игровой канал	https://iptvx.one/picons/nowy-igrowoj.png
nr1-tr	NR1 [TR] | NUMBER1 TV [TR]	https://iptvx.one/picons/nr1-tr.png
nr1-turk-tr	NR1 Türk [TR]	https://iptvx.one/picons/nr1-turk-tr.png
nrj-hits-fr	NRJ Hits [FR]	https://iptvx.one/picons/nrj-hits-fr.png
nst	НСТ | НСТ Страшное | Настоящее страшное ТВ	https://iptvx.one/picons/nst.png
ntk-kz	НТК	https://iptvx.one/picons/ntk-kz.png
ntk-niagan	НТК (Нягань)	https://iptvx.one/picons/ntk-niagan.png
ntk-zelenogorsk	НТК (Зеленогорск)	https://iptvx.one/picons/ntk-zelenogorsk.png
ntm	НТМ | Народное телевидение Мордовии	https://iptvx.one/picons/ntm.png
ntn-ua	НТН | НТН HD	https://iptvx.one/picons/ntn-ua.png
ntrk-ingushetia	НТРК Ингушетия	https://iptvx.one/picons/ntrk-ingushetia.png
nts-irbit	НТС-Ирбит	https://iptvx.one/picons/nts-irbit.png
nts-irkutsk	НТС (Иркутск)	https://iptvx.one/picons/nts-irkutsk.png
nts-kg	НТС [KG] | НТС HD [KG]	https://iptvx.one/picons/nts-kg.png
nts-sevastopol	НТС (Севастополь)	https://iptvx.one/picons/nts-sevastopol.png
ntv	НТВ | НТВ HD	https://iptvx.one/picons/ntv.png
ntv-amerika	НТВ-Америка | НТВ Америка	https://iptvx.one/picons/ntv-amerika.png
ntv-belarus	НТВ-Беларусь | НТВ Беларусь | НТВ-Беларусь HD | НТВ Беларусь HD	https://iptvx.one/picons/ntv-belarus.png
ntv-hd-tr	NTV HD TR	https://iptvx.one/picons/ntv-hd-tr.png
ntv-mir	НТВ-Мир | НТВ-Мир HD	https://iptvx.one/picons/ntv-mir.png
ntv-pl1	НТВ (+1) | НТВ HD (+1)	https://iptvx.one/picons/ntv-pl1.png
ntv-pl2	НТВ (+2) | НТВ HD (+2)	https://iptvx.one/picons/ntv-pl2.png
ntv-pl3	НТВ (+3) | НТВ HD (+3)	https://iptvx.one/picons/ntv-pl3.png
ntv-pl4	НТВ (+4) | НТВ HD (+4)	https://iptvx.one/picons/ntv-pl4.png
ntv-pl7	НТВ (+7) | НТВ HD (+7)	https://iptvx.one/picons/ntv-pl7.png
ntv-pravo	НТВ Право | НТВ-Право	https://iptvx.one/picons/ntv-pravo.png
ntv-serial	НТВ Сериал | НТВ-Сериал	https://iptvx.one/picons/ntv-serial.png
ntv-style	НТВ Стиль | НТВ-Стиль	https://iptvx.one/picons/ntv-style.png
ntv-xit	НТВ-Хит | НТВ Хит	https://iptvx.one/picons/ntv-xit.png
nuart-tv	Nu.ART TV | Ню Арт | Ню Арт ТВ | Nu Art	https://iptvx.one/picons/nuart-tv.png
nuta-tv-pl	Nuta TV [PL] | Nuta TV HD [PL]	https://iptvx.one/picons/nuta-tv-pl.png
o2tv	О2ТВ | О2ТВ HD	https://iptvx.one/picons/o2tv.png
o_	О! | О! HD	https://iptvx.one/picons/o_.png
oasis-action	Oasis Action	https://iptvx.one/picons/oasis-action.png
oasis-alienandpredator	Oasis Alien and Predator	https://iptvx.one/picons/oasis-alienandpredator.png
oasis-animals	Oasis Animals	https://iptvx.one/picons/oasis-animals.png
oasis-anime	Oasis Anime	https://iptvx.one/picons/oasis-anime.png
oasis-biography	Oasis Biography	https://iptvx.one/picons/oasis-biography.png
oasis-blocks	Oasis Blocks	https://iptvx.one/picons/oasis-blocks.png
oasis-celentanobrando	Oasis Celentano Brando Connery	https://iptvx.one/picons/oasis-celentanobrando.png
oasis-chechnya	Oasis Чечня и Афган	https://iptvx.one/picons/oasis-chechnya.png
oasis-cherepashki	Oasis Черепашки Нинзя	https://iptvx.one/picons/oasis-cherepashki.png
oasis-comedy	Oasis Comedy	https://iptvx.one/picons/oasis-comedy.png
oasis-comedyhorrors	Oasis Comedy Horrors	https://iptvx.one/picons/oasis-comedyhorrors.png
oasis-dc	Oasis DC	https://iptvx.one/picons/oasis-dc.png
oasis-demonslayerdororo	Oasis Demon Slayer and Dororo	https://iptvx.one/picons/oasis-demonslayerdororo.png
oasis-detective	Oasis Detective	https://iptvx.one/picons/oasis-detective.png
oasis-disneyclassic	Oasis Disney Classic	https://iptvx.one/picons/oasis-disneyclassic.png
oasis-disneyseries	Oasis Disney Мультсериалы	https://iptvx.one/picons/oasis-disneyseries.png
oasis-doctorkto	Oasis Доктор Кто	https://iptvx.one/picons/oasis-doctorkto.png
oasis-drama	Oasis Drama	https://iptvx.one/picons/oasis-drama.png
oasis-druz	Oasis Друзья Друзя	https://iptvx.one/picons/oasis-druz.png
oasis-family	Oasis Family	https://iptvx.one/picons/oasis-family.png
oasis-fantastika	Oasis Фантастика	https://iptvx.one/picons/oasis-fantastika.png
oasis-fishing	Oasis Рыбалка	https://iptvx.one/picons/oasis-fishing.png
oasis-fitness	Oasis Фитнес	https://iptvx.one/picons/oasis-fitness.png
oasis-greatbritainseries	Oasis UK Series	https://iptvx.one/picons/oasis-greatbritainseries.png
oasis-horror	Oasis Horror	https://iptvx.one/picons/oasis-horror.png
oasis-inenglish	Oasis In English	https://iptvx.one/picons/oasis-inenglish.png
oasis-koreanseries	Oasis Корейские Сериалы	https://iptvx.one/picons/oasis-koreanseries.png
oasis-kuhnyahotel	Oasis Кухня Отель	https://iptvx.one/picons/oasis-kuhnyahotel.png
oasis-latinamerica	Oasis Латиноамериканские Сериалы	https://iptvx.one/picons/oasis-latinamerica.png
oasis-learnchinese	Oasis Учим Kитайский	https://iptvx.one/picons/oasis-learnchinese.png
oasis-learnenglish	Oasis Учим Английский	https://iptvx.one/picons/oasis-learnenglish.png
oasis-learnspanish	Oasis Учим Испанский	https://iptvx.one/picons/oasis-learnspanish.png
oasis-losyash	Oasis Лосяш	https://iptvx.one/picons/oasis-losyash.png
oasis-mafia	Oasis Mafia	https://iptvx.one/picons/oasis-mafia.png
oasis-marvel	Oasis Marvel	https://iptvx.one/picons/oasis-marvel.png
oasis-melodrama	Oasis Мелодрама	https://iptvx.one/picons/oasis-melodrama.png
oasis-miyadzaki	Oasis Миядзаки	https://iptvx.one/picons/oasis-miyadzaki.png
oasis-oldhorrors	Oasis Old Horrors	https://iptvx.one/picons/oasis-oldhorrors.png
oasis-ourplanet	Oasis Наша Планета	https://iptvx.one/picons/oasis-ourplanet.png
oasis-pixar	Oasis Pixar	https://iptvx.one/picons/oasis-pixar.png
oasis-ruscomedy	Oasis RUS Комедии	https://iptvx.one/picons/oasis-ruscomedy.png
oasis-rusdrama	Oasis RUS Драма	https://iptvx.one/picons/oasis-rusdrama.png
oasis-rusmult	Oasis RUS Мульт	https://iptvx.one/picons/oasis-rusmult.png
oasis-russeriali	Oasis RUS Сериалы	https://iptvx.one/picons/oasis-russeriali.png
oasis-russerialidrama	Oasis RUS Сериалы Драма	https://iptvx.one/picons/oasis-russerialidrama.png
oasis-sashatanya	Oasis Саша Таня	https://iptvx.one/picons/oasis-sashatanya.png
oasis-serkanbolat	Oasis Serkan Bolat	https://iptvx.one/picons/oasis-serkanbolat.png
oasis-smallville	Oasis Тайны Смолвиля	https://iptvx.one/picons/oasis-smallville.png
oasis-sovietcomedy	Oasis Soviet Comedy	https://iptvx.one/picons/oasis-sovietcomedy.png
oasis-squidward	Oasis Сквидвард	https://iptvx.one/picons/oasis-squidward.png
oasis-superheroseries	Oasis Superheroes Сериалы	https://iptvx.one/picons/oasis-superheroseries.png
oasis-survival	Oasis Выживание	https://iptvx.one/picons/oasis-survival.png
oasis-survivetogether	Oasis Выжить Вместе	https://iptvx.one/picons/oasis-survivetogether.png
oasis-tomandjerry	Oasis Tom And Jerry	https://iptvx.one/picons/oasis-tomandjerry.png
oasis-ufoandaliens	Oasis Ufo And Aliens	https://iptvx.one/picons/oasis-ufoandaliens.png
oasis-usaseries	Oasis USA Series	https://iptvx.one/picons/oasis-usaseries.png
oasis-wweinenglish	Oasis WWE In English	https://iptvx.one/picons/oasis-wweinenglish.png
obkom	Обком	https://iptvx.one/picons/obkom.png
oblast45	Область 45	https://iptvx.one/picons/oblast45.png
oboz-tv	OBOZ TV | OBOZ TV HD | Obozrevatel TV | Obozrevatel TV HD	https://iptvx.one/picons/oboz-tv.png
ocean-tv	Ocean TV | Ocean-TV | Ocean TV	https://iptvx.one/picons/ocean-tv.png
ocko-black-cz	Óčko Black	https://iptvx.one/picons/ocko-black-cz.png
ocko-cz	Óčko	https://iptvx.one/picons/ocko-cz.png
ocko-expres-cz	Óčko Expres	https://iptvx.one/picons/ocko-expres-cz.png
ocko-star-cz	Óčko Star	https://iptvx.one/picons/ocko-star-cz.png
okino	О!Кино | О, Кино!	https://iptvx.one/picons/okino.png
okko-chemp	Okko.Чемпионат | Okko Спорт Чемпионат | Окко Спорт Чемпионат | Окко Чемпионат	https://iptvx.one/picons/okko-chemp.png
okko-football	Окко.Футбол | Окко.Футбол HD | Окко Футбол HD | Окко Футбол	https://iptvx.one/picons/okko-football.png
okko-sport	Окко.Спорт | Окко.Спорт HD | Окко Спорт | Окко Спорт HD	https://iptvx.one/picons/okko-sport.png
okko-sport-2	Окко.Прайм Спорт | Окко.Спорт 2 | Окко.Спорт 2 HD | Окко Спорт 2 | Окко Спорт 2 HD	https://iptvx.one/picons/okko-sport-2.png
okko-tv	Okko TV	https://iptvx.one/picons/okko-tv.png
olsib-action-comedy	Olsib Action comdey FHD	https://iptvx.one/picons/olsib-action-comedy.png
olsib-austral-cinema	Olsib Australia cinema FHD	https://iptvx.one/picons/olsib-austral-cinema.png
olsib-balcksails	Olsib Black Sails FHD	https://iptvx.one/picons/olsib-balcksails.png
olsib-besprinc	Olsib Беспринципные FHD	https://iptvx.one/picons/olsib-besprinc.png
olsib-black-comedy	Olsib Black Comedy	https://iptvx.one/picons/olsib-black-comedy.png
olsib-blackmir	Olsib Черное зеркало  FHD	https://iptvx.one/picons/olsib-blackmir.png
olsib-canada-cinema	Olsib Canada cinema FHD	https://iptvx.one/picons/olsib-canada-cinema.png
olsib-catastrophe	Olsib Catastrophe FHD	https://iptvx.one/picons/olsib-catastrophe.png
olsib-china-cinema	Olsib China cinema FHD	https://iptvx.one/picons/olsib-china-cinema.png
olsib-chuzoj-rajon	Olsib Чужой район FHD	https://iptvx.one/picons/olsib-chuzoj-rajon.png
olsib-comedy	Olsib Comedy FHD	https://iptvx.one/picons/olsib-comedy.png
olsib-crime	Olsib Crime FHD	https://iptvx.one/picons/olsib-crime.png
olsib-cz-cinema	Olsib Czech Republic cinema FHD	https://iptvx.one/picons/olsib-cz-cinema.png
olsib-disco80	Olsib Disco-80 FHD	https://iptvx.one/picons/olsib-disco80.png
olsib-docs	Olsib Documentary FHD	https://iptvx.one/picons/olsib-docs.png
olsib-dvaholma	Olsib Два холма FHD	https://iptvx.one/picons/olsib-dvaholma.png
olsib-fantasm	Olsib Фантасмагория  FHD	https://iptvx.one/picons/olsib-fantasm.png
olsib-fantasy	Olsib Fantasy FHD	https://iptvx.one/picons/olsib-fantasy.png
olsib-france-cinema	Olsib French cinema FHD	https://iptvx.one/picons/olsib-france-cinema.png
olsib-galic	Olsib Galicia FHD	https://iptvx.one/picons/olsib-galic.png
olsib-galic2	Olsib GAlicia_2 FHD	https://iptvx.one/picons/olsib-galic2.png
olsib-germany-cinema	Olsib Germany cinema FHD	https://iptvx.one/picons/olsib-germany-cinema.png
olsib-india-cinema	Olsib India cinema FHD	https://iptvx.one/picons/olsib-india-cinema.png
olsib-ischejka	Olsib Ищейка FHD	https://iptvx.one/picons/olsib-ischejka.png
olsib-italia-cinema	Olsib Italian cinema FHD	https://iptvx.one/picons/olsib-italia-cinema.png
olsib-japan-cinema	Olsib Japan cinema FHD	https://iptvx.one/picons/olsib-japan-cinema.png
olsib-jumor	Olsib Юмор шоу FHD	https://iptvx.one/picons/olsib-jumor.png
olsib-kids	Olsib Kids FHD	https://iptvx.one/picons/olsib-kids.png
olsib-kinoskazki	Olsib Киносказки  FHD	https://iptvx.one/picons/olsib-kinoskazki.png
olsib-kinouroki	Olsib Киноуроки FHD	https://iptvx.one/picons/olsib-kinouroki.png
olsib-knives	Olsib Knives FHD	https://iptvx.one/picons/olsib-knives.png
olsib-konf	Olsib Конфетка FHD	https://iptvx.one/picons/olsib-konf.png
olsib-krimodessa	Olsib Криминальная Одесса FHD	https://iptvx.one/picons/olsib-krimodessa.png
olsib-legav	Olsib Легавый FHD	https://iptvx.one/picons/olsib-legav.png
olsib-lihach	Olsib Лихач FHD	https://iptvx.one/picons/olsib-lihach.png
olsib-litej	Olsib Литейный, 4 FHD	https://iptvx.one/picons/olsib-litej.png
olsib-love-stor	Olsib Love story FHD	https://iptvx.one/picons/olsib-love-stor.png
olsib-makarovgirls	Olsib Девушки с Макаровым  FHD	https://iptvx.one/picons/olsib-makarovgirls.png
olsib-marvel	Olsib Marvel FHD	https://iptvx.one/picons/olsib-marvel.png
olsib-masterchef	Olsib МастерШеф. Битва сезонів UA FHD	https://iptvx.one/picons/olsib-masterchef.png
olsib-mech	Olsib Меч FHD	https://iptvx.one/picons/olsib-mech.png
olsib-mexico-cinema	Olsib Mexico cinema FHD	https://iptvx.one/picons/olsib-mexico-cinema.png
olsib-miniserial	Olsib Мини-сериалы FHD	https://iptvx.one/picons/olsib-miniserial.png
olsib-mir-chel	Olsib Мир Человека FHD	https://iptvx.one/picons/olsib-mir-chel.png
olsib-multfilm	Olsib Multfilm FHD	https://iptvx.one/picons/olsib-multfilm.png
olsib-nashflag-death	Olsib Наш флаг означает Смерть FHD	https://iptvx.one/picons/olsib-nashflag-death.png
olsib-netflix	Olsib Netflix Orig FHD	https://iptvx.one/picons/olsib-netflix.png
olsib-newest	Olsib The newest FHD	https://iptvx.one/picons/olsib-newest.png
olsib-newyear	Olsib New Year FHD	https://iptvx.one/picons/olsib-newyear.png
olsib-norway-cinema	Olsib Norway cinema FHD	https://iptvx.one/picons/olsib-norway-cinema.png
olsib-oldbest	Olsib The old best HD	https://iptvx.one/picons/olsib-oldbest.png
olsib-ostrov	Olsib Остров FHD	https://iptvx.one/picons/olsib-ostrov.png
olsib-pervyotd	Olsib Первый отдел FHD	https://iptvx.one/picons/olsib-pervyotd.png
olsib-piratez	Olsib Pirates of the Caribbean FHD	https://iptvx.one/picons/olsib-piratez.png
olsib-poland-cinema	Olsib Poland cinema FHD	https://iptvx.one/picons/olsib-poland-cinema.png
olsib-polar	Olsib Полярный FHD	https://iptvx.one/picons/olsib-polar.png
olsib-ppob	Olsib Память Победы! FHD	https://iptvx.one/picons/olsib-ppob.png
olsib-pps	Olsib ППС FHD	https://iptvx.one/picons/olsib-pps.png
olsib-pro100kitchen	Olsib Pro100 Kitchen FHD	https://iptvx.one/picons/olsib-pro100kitchen.png
olsib-prostranstvo	Olsib Пространство  FHD	https://iptvx.one/picons/olsib-prostranstvo.png
olsib-radio	Olsib Radio FHD	https://iptvx.one/picons/olsib-radio.png
olsib-remake	Olsib Ремейк FHD	https://iptvx.one/picons/olsib-remake.png
olsib-ritsa	Olsib RITSA FHD	https://iptvx.one/picons/olsib-ritsa.png
olsib-rome	Olsib Ancient Rome FHD	https://iptvx.one/picons/olsib-rome.png
olsib-ru-music	Olsib RU.Music FHD	https://iptvx.one/picons/olsib-ru-music.png
olsib-ruaction	Olsib RuAction FHD	https://iptvx.one/picons/olsib-ruaction.png
olsib-scifi	Olsib Science-fiction FHD	https://iptvx.one/picons/olsib-scifi.png
olsib-ser-zar	Olsib Сериалы - Жарков FHD	https://iptvx.one/picons/olsib-ser-zar.png
olsib-shef	Olsib Шеф FHD	https://iptvx.one/picons/olsib-shef.png
olsib-show	Olsib Show FHD	https://iptvx.one/picons/olsib-show.png
olsib-skolziasch	Olsib Скользящие  FHD	https://iptvx.one/picons/olsib-skolziasch.png
olsib-spain-cinema	Olsib Spain cinema FHD	https://iptvx.one/picons/olsib-spain-cinema.png
olsib-starwars	Olsib Star Wars FHD	https://iptvx.one/picons/olsib-starwars.png
olsib-stb	Olsib STB FHD	https://iptvx.one/picons/olsib-stb.png
olsib-thebest	Olsib The Best FHD	https://iptvx.one/picons/olsib-thebest.png
olsib-timetravel	Olsib Time Travel FHD	https://iptvx.one/picons/olsib-timetravel.png
olsib-ua	Olsib UA FHD	https://iptvx.one/picons/olsib-ua.png
olsib-uk-cinema	Olsib British cinema FHD	https://iptvx.one/picons/olsib-uk-cinema.png
olsib-ussr-classic	Olsib USSR Classic FHD	https://iptvx.one/picons/olsib-ussr-classic.png
olsib-ussr-ser	Olsib USSR serial FHD	https://iptvx.one/picons/olsib-ussr-ser.png
olsib-ussr30	Olsib USSR 30 FHD	https://iptvx.one/picons/olsib-ussr30.png
olsib-ussr40	Olsib USSR 40 FHD	https://iptvx.one/picons/olsib-ussr40.png
olsib-ussr50	Olsib USSR 50 FHD	https://iptvx.one/picons/olsib-ussr50.png
olsib-ussr60	Olsib USSR 60 FHD	https://iptvx.one/picons/olsib-ussr60.png
olsib-ussr70	Olsib USSR 70 FHD	https://iptvx.one/picons/olsib-ussr70.png
olsib-ussr80	Olsib USSR 80 FHD	https://iptvx.one/picons/olsib-ussr80.png
olsib-ussr90	Olsib USSR 90 FHD	https://iptvx.one/picons/olsib-ussr90.png
olsib-velik5	Olsib Великолепная пятёрка FHD	https://iptvx.one/picons/olsib-velik5.png
olsib-vhs	Olsib VHS	https://iptvx.one/picons/olsib-vhs.png
olsib-vodnymir	Olsib Водный Мир FHD	https://iptvx.one/picons/olsib-vodnymir.png
olsib-waltdisney	Olsib Walt Disney FHD	https://iptvx.one/picons/olsib-waltdisney.png
olsib-war	Olsib War FHD	https://iptvx.one/picons/olsib-war.png
olsib-zhivmir	Olsib Живой мир FHD	https://iptvx.one/picons/olsib-zhivmir.png
olsib-zvwrata	Olsib Звездные врата FHD	https://iptvx.one/picons/olsib-zvwrata.png
omsk-tv	Омск ТВ	https://iptvx.one/picons/omsk-tv.png
one-il	ONE | ONE HD	https://iptvx.one/picons/one-il.png
one-music-television-de	One Music Television [DE]	https://iptvx.one/picons/one-music-television-de.png
one-planet	One Planet | One Planet HD	https://iptvx.one/picons/one-planet.png
one2-il	ONE2 | ONE2 HD	https://iptvx.one/picons/one2-il.png
onemuz	Первый музыкальный | Первый музыкальный HD | Первый музыкальный RU | Первый музыкальный HD RU	https://iptvx.one/picons/1muz.png
oneplay-sport-1-cz	Oneplay Sport 1 [CZ]	https://iptvx.one/picons/oneplay-sport-1-cz.png
oneplay-sport-2-cz	Oneplay Sport 2 [CZ]	https://iptvx.one/picons/oneplay-sport-2-cz.png
oneplay-sport-3-cz	Oneplay Sport 3 [CZ]	https://iptvx.one/picons/oneplay-sport-3-cz.png
oneplay-sport-4-cz	Oneplay Sport 4 [CZ]	https://iptvx.one/picons/oneplay-sport-4-cz.png
onesoccer-ca	One Soccer [CA]	https://iptvx.one/picons/onesoccer-ca.png
ont-by	ОНТ | ОНТ HD | ОНТ Беларусь | ОНТ HD Беларусь	https://iptvx.one/picons/ont-by.png
ontustik	Ontustik	https://iptvx.one/picons/ontustik.png
orf-sport-plus	ORF Sport +	https://iptvx.one/picons/orf-sport-plus.png
orizonttv-ro	Orizont TV | Orizont TV RO | Orizont TV HD	https://iptvx.one/picons/orizonttv-ro.png
ort-planeta-orenburg	ОРТ-Планета (Оренбург) | ОРТ (Оренбург)	https://iptvx.one/picons/ort-planeta-orenburg.png
oruzhie	Оружие	https://iptvx.one/picons/oruzhie.png
osetia-iryston	Осетия-Ирыстон	https://iptvx.one/picons/osetia-iryston.png
osh-pirim-kg	Ош Пирим [KG]	https://iptvx.one/picons/osh-pirim-kg.png
osh-tv-kg	Ош ТВ [KG] | Ош [KG]	https://iptvx.one/picons/osh-tv-kg.png
ostrosiuzhetnoe	Остросюжетное SD | Остросюжетное	https://iptvx.one/picons/ostrosiuzhetnoe.png
ostrosiuzhetnoe-hd	Остросюжетное HD	https://iptvx.one/picons/ostrosiuzhetnoe-hd.png
ostwest	OstWest	https://iptvx.one/picons/ostwest.png
ostwest24	OstWest24 | OstWest 24	https://iptvx.one/picons/ostwest24.png
otb-galychyna	ОТБ Галичина | Галичина	https://iptvx.one/picons/otb-galychyna.png
otkryty-mir	Открытый мир	https://iptvx.one/picons/otkryty-mir.png
otr	ОТР | ОТР HD	https://iptvx.one/picons/otr.png
otr-pl2	ОТР (+2)	https://iptvx.one/picons/otr-pl2.png
otr-pl4	ОТР (+4)	https://iptvx.one/picons/otr-pl4.png
otr-pl6	ОТР (+6)	https://iptvx.one/picons/otr-pl6.png
otr-pl8	ОТР (+8)	https://iptvx.one/picons/otr-pl8.png
ots	ОТС | ОТС HD	https://iptvx.one/picons/ots.png
otse	Оце | Оце HD	https://iptvx.one/picons/otse.png
otv-chelyabinsk	ОТВ Челябинск | ОТВ Челябинск HD | ОТВ Миасс | ОТВ Миасс HD	https://iptvx.one/picons/otv-chelyabinsk.png
otv-eburg	ОТВ Екатеринбург	https://iptvx.one/picons/otv-eburg.png
otv-lv	OTV [LV] | OTV (Латвия)	https://iptvx.one/picons/otv-lv.png
otv-odincovo	ОТВ Одинцово	https://iptvx.one/picons/otv-odincovo.png
otv-primorie	ОТВ Приморье	https://iptvx.one/picons/otv-primorie.png
otv-saxalin	ОТВ Сахалин	https://iptvx.one/picons/otv-saxalin.png
otyrar-tv	Отырар TV	https://iptvx.one/picons/otyrar-tv.png
oxota-i-rybalka	Охота и рыбалка | Охота и рыбалка HD	https://iptvx.one/picons/oxota-i-rybalka.png
oxotnik-i-rybolov	Охотник и рыболов | Рыболов	https://iptvx.one/picons/oxotnik-i-rybolov.png
oxotnik-i-rybolov-hd	Охотник и рыболов HD	https://iptvx.one/picons/oxotnik-i-rybolov-hd.png
oxotnik-i-rybolov-int	Охотник и Рыболов Международный | Охотник и Рыболов International | Охотник и Рыболов Int	https://iptvx.one/picons/oxotnik-i-rybolov-int.png
ozbekiston-uz	Ozbekiston [UZ]	https://iptvx.one/picons/ozbekiston-uz.png
ozbekiston24-uz	Ozbekiston 24 [UZ]	https://iptvx.one/picons/ozbekiston24-uz.png
panorama-tv-tver	Панорама ТВ Тверь	https://iptvx.one/picons/panorama-tv-tver.png
paradise-hd	Paradise HD	https://iptvx.one/picons/paradise-hd.png
paradox-hd	Paradox HD	https://iptvx.one/picons/paradox-hd.png
paramount-channel-pl	Paramount Channel [PL]	https://iptvx.one/picons/paramount-channel-pl.png
paramount-network-pl	Paramount Network | Paramount Network HD	https://iptvx.one/picons/paramount-network-pl.png
passionxxx	PassionXXX HD | PassionXXX	https://iptvx.one/picons/passionxxx.png
patriot	Патриот	https://iptvx.one/picons/patriot.png
penthouse-gold	Penthouse Gold HD | Penthouse Gold	https://iptvx.one/picons/penthouse-gold.png
penthouse-hd	Penthouse HD | Penthouse Passion	https://iptvx.one/picons/penthouse-hd.png
penthouse-passion-ua	Penthouse Passion Украина	https://iptvx.one/picons/penthouse-passion-ua.png
penthouse-quickies	Penthouse Reality TV | Penthouse Reality | Penthouse Quickies	https://iptvx.one/picons/penthouse-quickies.png
perec-int	Перец Int | Перец | Перец Международный | Перец International	https://iptvx.one/picons/perec-int.png
perpetmobile	Перпетуум Мобиле	https://iptvx.one/picons/perpetmobile.png
pershy-zaxidny	Перший Західний | Львів-ТБ	https://iptvx.one/picons/pershy-zaxidny.png
pervouralsk-tv	Первоуральск ТВ	https://iptvx.one/picons/pervouralsk-tv.png
pervy	Первый канал | Первый канал HD | Первый HD	https://iptvx.one/picons/pervy.png
pervy-gorodskoy-gom	Первый городской (Гомель)	https://iptvx.one/picons/pervy-gorodskoy-gom.png
pervy-gorodskoy-kirov	Первый городской (Киров)	https://iptvx.one/picons/pervy-gorodskoy-kirov.png
pervy-gorodskoy-kryvrig	Первый городской (Кривой Рог)	https://iptvx.one/picons/pervy-gorodskoy-kryvrig.png
pervy-gorodskoy-odessa	Первый городской (Одесса)	https://iptvx.one/picons/pervy-gorodskoy-odessa.png
pervy-gorodskoy-omsk	Первый городской (Омск)	https://iptvx.one/picons/pervy-gorodskoy-omsk.png
pervy-info-by	Первый информационный | Первый информационный Беларусь	https://iptvx.one/picons/pervy-info-by.png
pervy-kanal-csi	Первый канал СНГ	https://iptvx.one/picons/pervy-kanal-csi.png
pervy-kanal-eu	Первый канал Европа	https://iptvx.one/picons/pervy-kanal-eu.png
pervy-kanal-eurasia-kz	Первый канал Евразия	https://iptvx.one/picons/pervy-kanal-eurasia-kz.png
pervy-kanal-usa	Первый канал США	https://iptvx.one/picons/pervy-kanal-usa.png
pervy-karagandinsky	Первый Карагандинский | Первый Карагандинский HD	https://iptvx.one/picons/pervy-karagandinsky.png
pervy-krymsky	Первый крымский | ГТРК КРЫМ	https://iptvx.one/picons/pervy-krymsky.png
pervy-mn1	Первый канал -1 | Первый канал (-1) | Первый HD -1 | Первый HD (-1)	https://iptvx.one/picons/pervy-mn1.png
pervy-mytischensk	Первый мытищинский	https://iptvx.one/picons/pervy-mytischensk.png
pervy-oblastnoy-orel	Первый областной Орел	https://iptvx.one/picons/pervy-oblastnoy-orel.png
pervy-pl1	Первый канал +1 | Первый канал (+1) | Первый HD +1 | Первый HD (+1)	https://iptvx.one/picons/pervy-pl1.png
pervy-pl2	Первый канал +2 | Первый канал (+2) | Первый HD +2 | Первый HD (+2)	https://iptvx.one/picons/pervy-pl2.png
pervy-pl3	Первый канал +3 | Первый канал (+3) | Первый HD +3 | Первый HD (+3)	https://iptvx.one/picons/pervy-pl3.png
pervy-pl4	Первый канал +4 | Первый канал (+4) | Первый HD +4 | Первый HD (+4)	https://iptvx.one/picons/pervy-pl4.png
pervy-pl5	Первый канал +5 | Первый канал (+5) | Первый HD +5 | Первый HD (+5)	https://iptvx.one/picons/pervy-pl5.png
pervy-pl6	Первый канал +6 | Первый канал (+6) | Первый HD +6 | Первый HD (+6)	https://iptvx.one/picons/pervy-pl6.png
pervy-pl7	Первый канал +7 | Первый канал (+7) | Первый HD +7 | Первый HD (+7)	https://iptvx.one/picons/pervy-pl7.png
pervy-pl8	Первый канал +8 | Первый канал (+8) | Первый HD +8 | Первый HD (+8)	https://iptvx.one/picons/pervy-pl8.png
pervy-pl9	Первый канал +9 | Первый канал (+9) | Первый HD +9 | Первый HD (+9)	https://iptvx.one/picons/pervy-pl9.png
pervy-pridnestrovsky	Первый Приднестровский | ТВ ПМР | Первый ПМР	https://iptvx.one/picons/pervy-pridnestrovsky.png
pervy-pskovsky	Первый Псковский	https://iptvx.one/picons/pervy-pskovsky.png
pervy-rostovsky	Первый Ростовский	https://iptvx.one/picons/pervy-rostovsky.png
pervy-sevastopolsky	Первый Севастопольский	https://iptvx.one/picons/pervy-sevastopolsky.png
pervy-tulsky	Первый тульский	https://iptvx.one/picons/pervy-tulsky.png
pervy-vegetariansky	Первый вегетарианский | Первый вегетарианский HD	https://iptvx.one/picons/pervy-vegetariansky.png
pervy-yaroslavsky	Первый Ярославский | ЯПервый	https://iptvx.one/picons/pervy-yaroslavsky.png
pes-i-ko	Пес и Ко | Пёс и Ко	https://iptvx.one/picons/pes-i-ko.png
piantica-kz	Пятница Int KZ | Пятница International KZ	https://iptvx.one/picons/piantica-kz.png
piatnica	Пятница! | Пятница HD | Пятница | Пятница! HD	https://iptvx.one/picons/piatnica.png
piatnica-20-kg	Пятница 2.0 [KG]	https://iptvx.one/picons/piatnica-20-kg.png
piatnica-int	Пятница! International | Пятница Международный | Пятница Int	https://iptvx.one/picons/piatnica-int.png
piatnica-pl2	Пятница! (+2) | Пятница (+2)	https://iptvx.one/picons/piatnica-pl2.png
piatnica-pl3	Пятница! (+3) | Пятница (+3)	https://iptvx.one/picons/piatnica-pl3.png
piatnica-pl4	Пятница! (+4) | Пятница (+4)	https://iptvx.one/picons/piatnica-pl4.png
piatnica-pl7	Пятница! (+7) | Пятница (+7)	https://iptvx.one/picons/piatnica-pl7.png
piaty-int	Пятый Int | Пятый Международный | Пятый International | 5 канал (Россия) International	https://iptvx.one/picons/piaty-int.png
pingvin-lolo	Пингвин Лоло	https://iptvx.one/picons/pingvin-lolo.png
pink-ero-1-rs	Pink Erotic 1 [RS]	https://iptvx.one/picons/pink-ero-1-rs.png
pink-ero-2-rs	Pink Erotic 2 [RS]	https://iptvx.one/picons/pink-ero-2-rs.png
pink-ero-3-rs	Pink Erotic 3 [RS]	https://iptvx.one/picons/pink-ero-3-rs.png
pink-ero-4-rs	Pink Erotic 4 [RS]	https://iptvx.one/picons/pink-ero-4-rs.png
pinsk-tv	Пинск ТВ	https://iptvx.one/picons/pinsk-tv.png
pixel	Пиксель | Пiксель	https://iptvx.one/picons/pixel.png
plan-b	Plan B | Plan_B	https://iptvx.one/picons/plan-b.png
planeta-folk-bg	Planeta Folk [BG]	https://iptvx.one/picons/planeta-folk-bg.png
planeta-hd-bg	Planeta HD [BG] | Планета HD [BG] | Planeta HD (Болгария)	https://iptvx.one/picons/planeta-hd-bg.png
planeta4k-bg	Planeta 4K [BG]	https://iptvx.one/picons/planeta4k-bg.png
planete-pl	Planete+ HD [PL] | Planete+ [PL] | Planete+ [PL]	https://iptvx.one/picons/planete-pl.png
play-sport-1-be	Play Sports 1 [BE]	https://iptvx.one/picons/play-sport-1-be.png
play-sport-2-be	Play Sports 2 [BE]	https://iptvx.one/picons/play-sport-2-be.png
play-sport-3-be	Play Sports 3 [BE]	https://iptvx.one/picons/play-sport-3-be.png
play-sport-4-be	Play Sports 4 [BE]	https://iptvx.one/picons/play-sport-4-be.png
play-sport-5-be	Play Sports 5 [BE]	https://iptvx.one/picons/play-sport-5-be.png
play-sport-6-be	Play Sports 6 [BE]	https://iptvx.one/picons/play-sport-6-be.png
play-sport-7-be	Play Sports 7 [BE]	https://iptvx.one/picons/play-sport-7-be.png
play-sport-8-be	Play Sports 8 [BE]	https://iptvx.one/picons/play-sport-8-be.png
play-sport-golf-be	Play Sports Golf [BE]	https://iptvx.one/picons/play-sport-golf-be.png
playboy-tv	Playboy TV | Playboy	https://iptvx.one/picons/playboy-tv.png
playboy-tv-uk	Playboy TV [UK] | Playboy [UK]	https://iptvx.one/picons/playboy-tv.png
playboy-tv-uk-ua	Playboy TV UK (Украина)	https://iptvx.one/picons/playboy-tv.png
playtv	Play TV	https://iptvx.one/picons/playtv.png
plusplus	ПлюсПлюс | Плюс Плюс	https://iptvx.one/picons/plusplus.png
pobeda	Победа | Победа HD	https://iptvx.one/picons/pobeda.png
poedinok	Поединок | Поединок HD	https://iptvx.one/picons/poedinok.png
poexali	Поехали! | Поехали HD | Поехали! HD	https://iptvx.one/picons/poexali.png
poisk-tv	Поиск-ТВ | ТВ Поиск	https://iptvx.one/picons/poisk-tv.png
poliottv	Полёт ТВ | Полет ТВ	https://iptvx.one/picons/poliottv.png
polo-tv-pl	Polo TV HD	https://iptvx.one/picons/polo-tv-pl.png
polonia1	Polonia 1 | Polonia 1 HD	https://iptvx.one/picons/polonia1.png
polsat	Polsat [PL] | Polsat | Polsat HD | Polsat 1 | Polsat 1 HD	https://iptvx.one/picons/polsat.png
polsat-cafe	Polsat Cafe [PL] | Polsat Café | Polsat Cafe HD | Polsat Café HD	https://iptvx.one/picons/polsat-cafe.png
polsat-comedy-ce	Polsat Comedy C. E. [PL] | Polsat Comedy CE | Polsat Comedy Central Extra HD | Polsat Comedy Central Extra	https://iptvx.one/picons/polsat-comedy-ce.png
polsat-doku	Polsat Doku [PL] | Polsat Doku | Polsat Doku HD	https://iptvx.one/picons/polsat-doku.png
polsat-film	Polsat Film [PL] | Polsat Film | Polsat Film HD	https://iptvx.one/picons/polsat-film.png
polsat-film-2-pl	Polsat Film 2 [PL] | Polsat Film 2 | Polsat Film 2 HD	https://iptvx.one/picons/polsat-film-2-pl.png
polsat-games	Polsat Games [PL] | Polsat Games | Polsat Games HD	https://iptvx.one/picons/polsat-games.png
polsat-music	Polsat Music [PL] | Polsat Music | Polsat Music HD	https://iptvx.one/picons/polsat-music.png
polsat-news	Polsat News [PL] | Polsat News | Polsat News HD	https://iptvx.one/picons/polsat-news.png
polsat-news-2	Polsat News 2 [PL] | Polsat News 2 | Polsat News 2 HD	https://iptvx.one/picons/polsat-news-2.png
polsat-play	Polsat Play [PL] | Polsat Play | Polsat Play HD	https://iptvx.one/picons/polsat-play.png
polsat-rodzina	Polsat Rodzina [PL] | Polsat Rodzina | Polsat Rodzina HD	https://iptvx.one/picons/polsat-rodzina.png
polsat-seriale	Polsat Seriale [PL] | Polsat Seriale | Polsat Seriale HD	https://iptvx.one/picons/polsat-seriale.png
polsat-sport	Polsat Sport 1 [PL] | Polsat Sport 1 | Polsat Sport 1 HD	https://iptvx.one/picons/polsat-sport.png
polsat-sport-extra	Polsat Sport 2 [PL] | Polsat Sport 2 | Polsat Sport 2 HD	https://iptvx.one/picons/polsat-sport-extra.png
polsat-sport-fight	Polsat Sport Fight [PL] | Polsat Sport Fight | Polsat Sport Fight HD	https://iptvx.one/picons/polsat-sport-fight.png
polsat-sport-news	Polsat Sport 3 [PL] | Polsat Sport 3 | Polsat Sport 3 HD	https://iptvx.one/picons/polsat-sport-news.png
polsat-sport-pr1	Polsat Sport Premium 1 [PL] | Polsat Sport Premium 1 | Polsat Sport Premium 1 HD	https://iptvx.one/picons/polsat-sport-pr1.png
polsat-sport-pr2	Polsat Sport Premium 2 [PL] | Polsat Sport Premium 2 | Polsat Sport Premium 2 HD	https://iptvx.one/picons/polsat-sport-pr2.png
polsat-sport-pr3	Polsat Sport Extra 3 [PL] | Polsat Sport Premium 3	https://iptvx.one/picons/polsat-sport-pr3.png
polsat-sport-pr4	Polsat Sport Extra 4 [PL] | Polsat Sport Premium 4	https://iptvx.one/picons/polsat-sport-pr4.png
polsat-sport-pr5	Polsat Sport Extra 1 [PL] | Polsat Sport Premium 5	https://iptvx.one/picons/polsat-sport-pr5.png
polsat-sport-pr6	Polsat Sport Extra 2 [PL] | Polsat Sport Premium 6	https://iptvx.one/picons/polsat-sport-pr6.png
polsat-viasat-explore	Polsat Viasat Explore [PL] | Polsat Viasat Explore | Polsat Viasat Explore HD	https://iptvx.one/picons/polsat-viasat-explore.png
polsat-viasat-history	Polsat Viasat History [PL] | Polsat Viasat History | Polsat Viasat History HD	https://iptvx.one/picons/polsat-viasat-history.png
polsat-viasat-nature	Polsat Viasat Nature [PL] | Polsat Viasat Nature | Polsat Viasat Nature HD	https://iptvx.one/picons/polsat-viasat-nature.png
polsat2	Polsat 2 [PL] | Polsat 2 | Polsat 2 HD	https://iptvx.one/picons/polsat2.png
polskie-radio1-pl	Polskie Radio 1 [PL]	https://iptvx.one/picons/polskie-radio1-pl.png
polskie-radio2-pl	Polskie Radio 2 [PL]	https://iptvx.one/picons/polskie-radio2-pl.png
power-turk-tr	Power Türk [TR]	https://iptvx.one/picons/power-turk-tr.png
powertv-pl	Power TV [PL] | Power TV HD [PL]	https://iptvx.one/picons/powertv-pl.png
premialnoe	Премиальное SD | Премиальное	https://iptvx.one/picons/premialnoe.png
premialnoe-hd	Премиальное HD	https://iptvx.one/picons/premialnoe-hd.png
premier-sport-1-sk	Premier Sport 1 [SK]	https://iptvx.one/picons/premier-sport-1-sk.png
premier-sport-2-sk	Premier Sport 2 [SK]	https://iptvx.one/picons/premier-sport-2-sk.png
premier-sport-3-sk	Premier Sport 3 [SK]	https://iptvx.one/picons/premier-sport-3-sk.png
premier-sport-asia	Premier Sports Asia | Premier Sports Asia HD	https://iptvx.one/picons/premier-sport-asia.png
premier-sports-1-uk	Premier Sports 1 [UK]	https://iptvx.one/picons/premier-sports-1-uk.png
premier-sports-2-uk	Premier Sports 2 [UK]	https://iptvx.one/picons/premier-sports-2-uk.png
premiere-hd	Premiere HD	https://iptvx.one/picons/premiere-hd.png
premiere-league-tv	Premier League TV HD | Premier League TV	https://iptvx.one/picons/premiere-league-tv.png
premierehd1	Premiere HD 1	https://iptvx.one/picons/premierehd1.png
premierehd2	Premiere HD 2	https://iptvx.one/picons/premierehd2.png
premierehd3	Premiere HD 3	https://iptvx.one/picons/premierehd3.png
premierehd4	Premiere HD 4	https://iptvx.one/picons/premierehd4.png
premium-hd	Premium HD	https://iptvx.one/picons/premium-hd.png
premium-kino-kz	Премиум Кино KZ | Премиум Кино HD KZ	https://iptvx.one/picons/premium-kino-kz.png
priamyj	Прямий | Прямий HD	https://iptvx.one/picons/priamyj.png
prikluchenia-hd	Приключения HD | Teletravel HD	https://iptvx.one/picons/prikluchenia-hd.png
prim24	Прим 24	https://iptvx.one/picons/prim24.png
prima	Прима	https://iptvx.one/picons/prima.png
prima-sport-1	Prima Sport 1 HD | Prima Sport 1	https://iptvx.one/picons/prima-sport-1.png
prima-sport-2	Prima Sport 2 HD | Prima Sport 2	https://iptvx.one/picons/prima-sport-2.png
prima-sport-3	Prima Sport 3 HD | Prima Sport 3	https://iptvx.one/picons/prima-sport-3.png
prima-sport-4	Prima Sport 4 HD | Prima Sport 4	https://iptvx.one/picons/prima-sport-4.png
prima-sport-5	Prima Sport 5 HD | Prima Sport 5	https://iptvx.one/picons/prima-sport-5.png
prime-fight	Prime Fight	https://iptvx.one/picons/prime-fight.png
private-spice	Private Spice | Private Spice HD	https://iptvx.one/picons/private-spice.png
private-tv	Private TV | Private HD	https://iptvx.one/picons/private-tv.png
prnk-tv	ПРНК | Первый Российский Национальный канал	https://iptvx.one/picons/prnk-tv.png
pro-arena	Pro Arena | Pro Arena HD	https://iptvx.one/picons/pro-arena.png
pro-astrahan	Про Астрахань	https://iptvx.one/picons/pro-astrahan.png
pro-business	PRO Business | PRODеньги | Про бизнес	https://iptvx.one/picons/pro-business.png
pro-lyubov	Про Любовь | Про Любовь HD	https://iptvx.one/picons/pro-lyubov.png
pro-tv-md	Pro TV Moldova | Pro TV MD	https://iptvx.one/picons/pro-tv-md.png
pro-vsio	Pro Всё | 8 канал Украина | 8 канал Украина HD	https://iptvx.one/picons/pro-vsio.png
pro-zhizn	Про жизнь	https://iptvx.one/picons/pro-zhizn.png
pro100	Про100 ТВ | Про100ТВ | PRO100	https://iptvx.one/picons/pro100.png
prodvizhenie	Продвижение	https://iptvx.one/picons/prodvizhenie.png
prodvizhenie-pl3	Продвижение (+3)	https://iptvx.one/picons/prodvizhenie.png
prodvizhenie-pl4	Продвижение (+4)	https://iptvx.one/picons/prodvizhenie.png
prodvizhenie-pl7	Продвижение (+7)	https://iptvx.one/picons/prodvizhenie.png
prokino	ProKino	https://iptvx.one/picons/prokino.png
prosieben	ProSieben | ProSieben HD | Pro7 | Pro7 HD	https://iptvx.one/picons/prosieben.png
prosieben-fun	ProSieben Fun HD | ProSieben Fun | Pro7 Fun HD | Pro7 Fun	https://iptvx.one/picons/prosieben-fun.png
prosieben-maxx	ProSieben Maxx HD | ProSieben Maxx | Pro7 Maxx HD | Pro7 Maxx	https://iptvx.one/picons/prosieben-maxx.png
prosveschenie	Просвещение	https://iptvx.one/picons/prosveschenie.png
provence	Provence	https://iptvx.one/picons/provence.png
psixologia-21	Психология 21 | Психология 21 HD	https://iptvx.one/picons/psixologia-21.png
ptrk-pavlograd	ПТРК Павлоград	https://iptvx.one/picons/ptrk-pavlograd.png
ptv-ua	PTV | Полтавське ТБ	https://iptvx.one/picons/ptv-ua.png
pukas-lt	Pūkas TV [LT]	https://iptvx.one/picons/pukas-lt.png
q-football-kz	Q Football	https://iptvx.one/picons/q-football-kz.png
q-kino-alem	Киносериал HD [KZ] | QAlem 2HD | Q Kino Alem	https://iptvx.one/picons/q-kino-alem.png
q-kino-hit	Кинодрама HD [KZ] | QAlem 1HD | Q Kino Hit	https://iptvx.one/picons/q-kino-hit.png
q-live1-kz	Q Live 1 [KZ]	https://iptvx.one/picons/q-live1-kz.png
q-live2-kz	Q Live 2 [KZ]	https://iptvx.one/picons/q-live2-kz.png
q-live3-kz	Q Live 3 [KZ]	https://iptvx.one/picons/q-live3-kz.png
q-live4-kz	Q Live 4 [KZ]	https://iptvx.one/picons/q-live4-kz.png
q-live5-kz	Q Live 5 [KZ]	https://iptvx.one/picons/q-live5-kz.png
q-live6-kz	Q Live 6 [KZ]	https://iptvx.one/picons/q-live6-kz.png
q-sport-ext	Q League | Q Sport League | Q Sport Extra	https://iptvx.one/picons/q-sport-ext.png
q-sport-int	Q Sport International	https://iptvx.one/picons/q-sport-int.png
qazaqstan-int	QAZAQSTAN HD Int | QAZAQSTAN HD International	https://iptvx.one/picons/qazaqstan-int.png
qostanai-kz	Qostanai	https://iptvx.one/picons/qostanai-kz.png
qsport-kg	Q Sport [KG] | Q Sport Kyrgystan | QSport Кыргызстан	https://iptvx.one/picons/qsport-kg.png
qsport-kz	Q Sport Arena [KZ] | QSport Arena [KZ] | QSport Arena Казахстан |  | Q Sport Arena Казахстан	https://iptvx.one/picons/qsport-kz.png
quadro4k	Quadro 4K	https://iptvx.one/picons/quadro4k.png
quiz-tv	Quiz TV | Quiz | PV+	https://iptvx.one/picons/quiz-tv.png
qvs-style-de	QVC Style [DE]	https://iptvx.one/picons/qvs-style-de.png
qyzyljar	Qyzyljar	https://iptvx.one/picons/qyzyljar.png
qyzylorda-kz	Qyzylorda	https://iptvx.one/picons/qyzylorda-kz.png
racing-uk	Racing TV HD [UK] | Racing TV [UK]	https://iptvx.one/picons/racing-uk.png
rada-ua	Рада | Рада HD	https://iptvx.one/picons/rada-ua.png
radio-1	Радио 1	https://iptvx.one/picons/radio-1.png
radio-dlia-dvoix	Радио для Двоих	https://iptvx.one/picons/radio-dlia-dvoix.png
radio-grad-petrov	Град Петров	https://iptvx.one/picons/radio-grad-petrov.png
radio-italia-tv-it	Radio Italia TV [IT]	https://iptvx.one/picons/radio-italia-tv-it.png
radio-kp	Радио Комсомольская правда	https://iptvx.one/picons/radio-kp.png
radio-mayak	Маяк	https://iptvx.one/picons/radio-mayak.png
radio-mir	Радио Мир	https://iptvx.one/picons/radio-mir.png
radio-monte-carlo	Радио Монте-Карло	https://iptvx.one/picons/radio-monte-carlo.png
radio-na7xolmax	Радио 7 на семи холмах	https://iptvx.one/picons/radio-na7xolmax.png
radio-nv	Радіо НВ | Радио НВ	https://iptvx.one/picons/radio-nv.png
radio-rodnyx-dorog	Радио Родных Дорог	https://iptvx.one/picons/radio-rodnyx-dorog.png
radio-rossii	Радио России	https://iptvx.one/picons/radio-rossii.png
radio-shanson	Радио Шансон	https://iptvx.one/picons/radio-shanson.png
radio-strana-fm-tv	Телеканал Радио Страна ФМ | Страна FM	https://iptvx.one/picons/radio-strana-fm-tv.png
radio-vania	Радио Ваня	https://iptvx.one/picons/radio-vania.png
radio-zvezda	Радио Звезда	https://iptvx.one/picons/radio-zvezda.png
radost-moya	Радость моя | Радость моя HD	https://iptvx.one/picons/radost-moya.png
rai-news-it	Rai News 24 | RaiNews24	https://iptvx.one/picons/rai-news-it.png
rai-sport	RAI Sport	https://iptvx.one/picons/rai-sport.png
rai-ua	РАІ | РАІ Ивано-Франковск	https://iptvx.one/picons/rai-ua.png
ramenskoe-tv	Раменское ТВ	https://iptvx.one/picons/ramenskoe-tv.png
ratnik	Ратник	https://iptvx.one/picons/ratnik.png
raz1	RAZ 1	https://iptvx.one/picons/raz1.png
raz2	RAZ 2	https://iptvx.one/picons/raz2.png
razvlekatv-kz	Развлекательное ТВ [KZ] | Развлекательное ТВ	https://iptvx.one/picons/razvlekatv-kz.png
rbk	РБК	https://iptvx.one/picons/rbk.png
re-tv	Re:TV | Re:TV Латвия	https://iptvx.one/picons/re-tv.png
real-madrid-tv	Real Madrid TV	https://iptvx.one/picons/real-madrid-tv.png
real-time-it	Real Time [IT]	https://iptvx.one/picons/real-time-it.png
reality-kings	Reality Kings | Reality Kings HD	https://iptvx.one/picons/reality-kings.png
rebel-cz	Rebel [CZ]	https://iptvx.one/picons/rebel-cz.png
reble-c	Reble!	https://iptvx.one/picons/reble-c.png
red-carpet-pl	Red Carpet [PL]	https://iptvx.one/picons/red-carpet-pl.png
redlight-hd	Redlight HD | Redlight	https://iptvx.one/picons/redlight-hd.png
redlips	Red Lips | Red Lips HD	https://iptvx.one/picons/redlips.png
region29	Регион 29	https://iptvx.one/picons/region29.png
region67	Регион 67	https://iptvx.one/picons/region67.png
regiontv-kg	Регион ТВ [KG] | Регион ТВ HD [KG]	https://iptvx.one/picons/regiontv-kg.png
rentv	Рен ТВ | Рен ТВ HD | РенТВ | РенТВ HD	https://iptvx.one/picons/rentv.png
rentv-int	РенТВ International | РенТВ Международный | Рен ТВ Международный | РенТВ Int | Рен ТВ Int | Рен ТВ International	https://iptvx.one/picons/rentv-int.png
rentv-istoki	Истоки | Рен ТВ - Истоки | РенТВ - Истоки	https://iptvx.one/picons/rentv-istoki.png
rentv-md	РенТВ Молдова | Рен ТВ Молдова	https://iptvx.one/picons/rentv-md.png
rentv-pl2	Рен ТВ (+2) | РенТВ (+2) | РенТВ (+2) HD	https://iptvx.one/picons/rentv-pl2.png
rentv-pl4	Рен ТВ (+4) | РенТВ (+4) | РенТВ (+4) HD	https://iptvx.one/picons/rentv-pl4.png
rentv-pl7	Рен ТВ (+7) | РенТВ (+7) | РенТВ (+7) HD	https://iptvx.one/picons/rentv-pl7.png
reportior	Репортер | Репортёр	https://iptvx.one/picons/reportior.png
reportior-73	Репортер 73	https://iptvx.one/picons/reportior-73.png
republika-pl	Republika [PL]	https://iptvx.one/picons/republika-pl.png
retro-music-cz	Retro Music | Retro Music TV	https://iptvx.one/picons/retro-music-cz.png
retro-tv	Ретро | Ретро ТВ	https://iptvx.one/picons/retro-tv.png
revel-tv	Revel TV	https://iptvx.one/picons/revel-tv.png
revolt-tv-us	Revolt TV [US]	https://iptvx.one/picons/revolt-tv-us.png
revtv-ca	Rev TV [CA]	https://iptvx.one/picons/revtv-ca.png
rezonans	Резонанс | Резонанс ТВ	https://iptvx.one/picons/rezonans.png
rfm-tv-fr	RFM TV [FR]	https://iptvx.one/picons/rfm-tv-fr.png
rgvk-dagestan	РГВК Дагестан	https://iptvx.one/picons/rgvk-dagestan.png
rifey-tv	Рифей-ТВ | Рифей-Пермь | Рифей Пермь | Рифей-ТВ Пермь	https://iptvx.one/picons/rifey-tv.png
riga-tv24	Riga TV24 | Rīga TV24	https://iptvx.one/picons/riga-tv24.png
rika	Рика	https://iptvx.one/picons/rika.png
rimtv	РИМ | РИМ-ТВ	https://iptvx.one/picons/rimtv.png
ring-bg	RING.BG | RING.BG HD	https://iptvx.one/picons/ring-bg.png
rivne1	Рівне 1 | Ровно 1 | Рівне-1 | Ровно-1	https://iptvx.one/picons/rivne1.png
rmc-sport-access-fr	RMC Sport Access [FR]	https://iptvx.one/picons/rmc-sport-access-fr.png
rmc-sport1-fr	RMC Sport 1 [FR]	https://iptvx.one/picons/rmc-sport1-fr.png
rmc-sport2-fr	RMC Sport 2 [FR]	https://iptvx.one/picons/rmc-sport2-fr.png
rock-tv-ro	Rock TV RO | Rock TV HD RO	https://iptvx.one/picons/rock-tv-ro.png
rodnoe-kino	Родное кино | Родное кино HD	https://iptvx.one/picons/rodnoe-kino.png
rodnoe-kino-int	Родное кино International | Родное кино Международный	https://iptvx.one/picons/rodnoe-kino-int.png
rodnoy-kanal	Родной канал	https://iptvx.one/picons/rodnoy-kanal.png
roman	Роман	https://iptvx.one/picons/roman.png
romance	Romance	https://iptvx.one/picons/romance.png
romance-pl	Romance TV [PL]	https://iptvx.one/picons/romance-pl.png
romantichnoe	Романтичное SD | Романтичное	https://iptvx.one/picons/romantichnoe.png
romantichnoe-hd	Романтичное HD	https://iptvx.one/picons/romantichnoe-hd.png
rossia-24	Россия 24 | Россия-24 | Россия 24 HD | Россия-24 HD	https://iptvx.one/picons/rossia-24.png
rossia1	Россия 1 | Россия 1 HD	https://iptvx.one/picons/rossia1.png
rossia1-m1	Россия 1 (-1) | Россия 1 Калининград | Россия 1 HD (-1)	https://iptvx.one/picons/rossia1-m1.png
rossia1-pl1	Россия 1 (+1) | Россия 1 HD (+1)	https://iptvx.one/picons/rossia1-pl1.png
rossia1-pl2	Россия 1 (+2) | Россия 1 HD (+2)	https://iptvx.one/picons/rossia1-pl2.png
rossia1-pl3	Россия 1 (+3) | Россия 1 HD (+3)	https://iptvx.one/picons/rossia1-pl3.png
rossia1-pl4	Россия 1 (+4) | Россия 1 HD (+4)	https://iptvx.one/picons/rossia1-pl4.png
rossia1-pl5	Россия 1 (+5) | Россия 1 HD (+5)	https://iptvx.one/picons/rossia1-pl5.png
rossia1-pl6	Россия 1 (+6) | Россия 1 HD (+6)	https://iptvx.one/picons/rossia1-pl6.png
rossia1-pl7	Россия 1 (+7) | Россия 1 HD (+7)	https://iptvx.one/picons/rossia1-pl7.png
rossia1-pl8	Россия 1 (+8) | Россия 1 HD (+8)	https://iptvx.one/picons/rossia1-pl8.png
rossia1-pl9	Россия 1 (+9) | Россия 1 HD (+9)	https://iptvx.one/picons/rossia1-pl9.png
rozpakujtv	Розпакуй.TV	https://iptvx.one/picons/rozpakujtv.png
rt-news	RT News | RT | RT HD | Russia Today | Russia Today HD | RT UK	https://iptvx.one/picons/rt-news.png
rtd-en	RT Д English | RTД English	https://iptvx.one/picons/rtd-en.png
rtd-ru	RT Д Русский | RTД Русский | RTД | RT Д | RTД HD | RT Д HD | RT Doc	https://iptvx.one/picons/rt-doc.png
rtg-hd	RTG HD	https://iptvx.one/picons/rtg-hd.png
rtg-int	RTG International | RTG Международный | RTG Int	https://iptvx.one/picons/rtg-int.png
rtg-tv	RTG TV | RTG	https://iptvx.one/picons/rtg-tv.png
rtl	RTL | RTL HD	https://iptvx.one/picons/rtl.png
rtl-nitro-de	RTL Nitro [DE]	https://iptvx.one/picons/rtl-nitro-de.png
rtl2	RTL 2 | RTL Zwei | RTL2 | RTLZwei | RTL 2 HD | RTL Zwei HD | RTL2 HD | RTLZwei HD	https://iptvx.one/picons/rtl2.png
rtlup-de	RTLup [DE]	https://iptvx.one/picons/rtlup-de.png
rtr-belarus	РТР-Беларусь | РТР Беларусь | РТР-Беларусь HD | РТР Беларусь HD	https://iptvx.one/picons/rtr-belarus.png
rtr-planeta-amerika	РТР-Планета Америка	https://iptvx.one/picons/rtr-planeta.png
rtr-planeta-arm	РТР-Планета Армения	https://iptvx.one/picons/rtr-planeta.png
rtr-planeta-azia	РТР-Планета Азия	https://iptvx.one/picons/rtr-planeta-azia.png
rtr-planeta-eu	РТР-Планета Европа	https://iptvx.one/picons/rtr-planeta.png
rtr-planeta-ua	РТР-Планета Украина	https://iptvx.one/picons/rtr-planeta.png
rts-abakan	РТС - Абакан	https://iptvx.one/picons/rts-abakan.png
rtvi	RTVi | RTVi Европа	https://iptvx.one/picons/rtvi.png
rtvi-arhiv	RTVI Retro | RTVi Архив	https://iptvx.one/picons/rtvi-arhiv.png
rtvi-usa	RTVI США | RTVI USA	https://iptvx.one/picons/rtvi-usa.png
rtvs-sport-sk	RTVS Sport [SK]	https://iptvx.one/picons/rtvs-sport-sk.png
ru-tv	RU.TV | RU.TV HD	https://iptvx.one/picons/ru-tv.png
ru-tv-by	RU.TV Беларусь	https://iptvx.one/picons/ru-tv-by.png
rukino-hd	РуКино HD	https://iptvx.one/picons/rukino-hd.png
rus-hualiang-tv	Russia Hualiang TV | China TV | Китай ТВ	https://iptvx.one/picons/rus-hualiang-tv.png
rus-istoria	Русская история	https://iptvx.one/picons/rus-istoria.png
rusj	Русь Кострома	https://iptvx.one/picons/rusj.png
ruskorabl	Русский корабль | +-16 | Плюс Минус 16	https://iptvx.one/picons/ruskorabl.png
russfuture	Russias Future	https://iptvx.one/picons/russfuture.png
russian-extreme-uhd	Russian Extreme Ultra HD | Russian Extreme UHD	https://iptvx.one/picons/russian-extreme-uhd.png
russian-musicbox	Russian MusicBox | Russian MusicBox HD | MusicBox Russia	https://iptvx.one/picons/russian-musicbox.png
russkaya-komedia	Русская комедия | Комедия	https://iptvx.one/picons/russkaya-komedia.png
russkaya-noch	Русская ночь | Русская ночь HD	https://iptvx.one/picons/russkaya-noch.png
russkoe-radio	Русское радио	https://iptvx.one/picons/russkoe-radio.png
russky-bestseller	Русский бестселлер | Русский бестселлер HD	https://iptvx.one/picons/russky-bestseller.png
russky-detektiv	Русский детектив | Русский детектив HD	https://iptvx.one/picons/russky-detektiv.png
russky-ekstrim	Русский экстрим | Russian Extreme | Russian Extreme HD	https://iptvx.one/picons/russky-ekstrim.png
russky-illuzion	Русский иллюзион | Русский иллюзион HD	https://iptvx.one/picons/russky-illuzion.png
russky-roman	Русский роман | Русский роман HD	https://iptvx.one/picons/russky-roman.png
russky-sever	Русский Север	https://iptvx.one/picons/russky-sever.png
rutube-tv	RUTUBE TV	https://iptvx.one/picons/rutube-tv.png
rybalka	Рыбалка | Рибалка	https://iptvx.one/picons/rybalka.png
rybalka-i-oxota	Рыбалка и охота	https://iptvx.one/picons/rybalka-i-oxota.png
rybinsk40	Рыбинск-40	https://iptvx.one/picons/rybinsk40.png
ryzhy	Рыжий	https://iptvx.one/picons/ryzhy.png
rzhd-tv	РЖД ТВ | РЖД | РЖД HD	https://iptvx.one/picons/rzhd-tv.png
s-sport-2-tr	S Sport 2 [TR]	https://iptvx.one/picons/s-sport-2-tr.png
s-sport-tr	S Sport [TR]	https://iptvx.one/picons/s-sport-tr.png
s1-surgut	С1 Сургут	https://iptvx.one/picons/s1-surgut.png
saga-tv	Saga TV	https://iptvx.one/picons/saga-tv.png
salam	Салям	https://iptvx.one/picons/salam.png
salemalem-kz	Sälem, älem! [KZ] | Salem Alem [KZ]	https://iptvx.one/picons/salemalem-kz.png
samara24	Самара 24	https://iptvx.one/picons/samara24.png
samotlor-nv	Самотлор (Нижневартовск)	https://iptvx.one/picons/samotlor-nv.png
sampo-tv	Сампо ТВ	https://iptvx.one/picons/sampo-tv.png
sankt-peterburg	Санкт-Петербург	https://iptvx.one/picons/sankt-peterburg.png
sanporto	San Porto	https://iptvx.one/picons/sanporto.png
sapfir	Сапфир | Сапфир HD	https://iptvx.one/picons/sapfir.png
sarafan	Сарафан	https://iptvx.one/picons/sarafan.png
saratov-24	Саратов 24	https://iptvx.one/picons/saratov-24.png
sarov-24	Саров 24	https://iptvx.one/picons/sarov-24.png
saryarqa	Saryarqa	https://iptvx.one/picons/saryarqa.png
sat1	Sat.1 HD | Sat.1	https://iptvx.one/picons/sat1.png
sat1-emotions-de	Sat.1 Emotions HD | Sat.1 Emotions	https://iptvx.one/picons/sat1-emotions-de.png
sat1-gold-de	Sat.1 Gold HD DE | Sat.1 Gold DE	https://iptvx.one/picons/sat1-gold-de.png
saxa	Саха | НВК Саха | НВК Саха (Якутск) | НВК САХА HD (Якутск)	https://iptvx.one/picons/saxa.png
schelkovo	Щёлково | Щелково	https://iptvx.one/picons/schelkovo.png
schlager-deluxe-de	Schlager Deluxe [DE]	https://iptvx.one/picons/schlager-deluxe-de.png
scifi-pl	Sci Fi [PL] | SciFi [PL]	https://iptvx.one/picons/scifi-pl.png
scream	Scream | Scream HD	https://iptvx.one/picons/scream.png
sct-xxx	SCT	https://iptvx.one/picons/sct-xxx.png
sdelano-kuzbass	Сделано в Кузбассе	https://iptvx.one/picons/sdelano-kuzbass.png
sea-tv	Sea TV	https://iptvx.one/picons/sea-tv.png
seimas-tiesiogiai-lt	Seimas tiesiogiai [LT]	https://iptvx.one/picons/seimas-tiesiogiai-lt.png
semei	Semei | Семей	https://iptvx.one/picons/semei.png
semejnoe-kino-kz	Семейное Кино KZ | Семейное Кино HD KZ	https://iptvx.one/picons/semejnoe-kino-kz.png
semejny-kg	Семейный [KG]	https://iptvx.one/picons/semejny-kg.png
semtelesig-kz	Семейный Теле Сигнал [KZ] | Семейный Теле Сигнал	https://iptvx.one/picons/semtelesig-kz.png
senzi-tv-sk	Senzi TV [SK]	https://iptvx.one/picons/senzi-tv-sk.png
serial-hd	Serial HD	https://iptvx.one/picons/serial-hd.png
serial-tviksel	Сериал	https://iptvx.one/picons/serial-tviksel.png
setanta-kyrgyzstan	Setanta Kyrgyzstan	https://iptvx.one/picons/setanta-kyrgyzstan.png
setanta-kz	Setanta Казахстан | Setanta Qazaqstan | Сетанта Казахстан | Сетанта Спорт Казахстан	https://iptvx.one/picons/setanta-kz.png
setanta-plus-kz	Setanta Sport+ [KZ]	https://iptvx.one/picons/setanta-plus-kz.png
setanta-plus-ua	Setanta+ Украина | Сетанта+ Украина | Сетанта Спорт+ Украина | Setanta+ Ukraine | Setanta Sports+ Ukraine	https://iptvx.one/picons/setanta-plus-ua.png
setanta-prem-ua	Setanta Sports Premium [UA] | Setanta Premium [UA]	https://iptvx.one/picons/setanta-prem-ua.png
setanta-sports	Setanta Sports | Сетанта Спорт | Setanta Sports HD | Setanta Sports 1 | Setanta Sports 1 HD | Сетанта Спорт HD	https://iptvx.one/picons/setanta-sports.png
setanta-sports-plus	Setanta Sports+ | Сетанта Спорт+ | Setanta Sports+ HD | Setanta Sports 2 | Setanta Sports 2 HD | Сетанта Спорт+ HD	https://iptvx.one/picons/setanta-sports-plus.png
setanta-ua	Setanta Украина | Сетанта Украина | Сетанта Спорт Украина | Setanta Ukraine | Setanta Sports Ukraine	https://iptvx.one/picons/setanta-ua.png
setanta1-ge	Setanta Sports 1 Georgia | Сетанта Спорт 1 Georgia	https://iptvx.one/picons/setanta1-ge.png
setanta1-kz	Setanta Sports 1 KZ | Setanta Sports 1 HD KZ	https://iptvx.one/picons/setanta1-kz.png
setanta1-lt	Setanta Sports 1 Lietuva | Setanta Sports 1 Lietuva HD	https://iptvx.one/picons/setanta1-lt.png
setanta1-uz	Setanta 1 [UZ]	https://iptvx.one/picons/setanta1-uz.png
setanta2-ge	Setanta Sports 2 Georgia | Сетанта Спорт 2 Georgia	https://iptvx.one/picons/setanta2-ge.png
setanta2-kz	Setanta Sports 2 KZ | Setanta Sports 2 HD KZ	https://iptvx.one/picons/setanta2-kz.png
setanta2-lt	Setanta Sports 2 Lietuva	https://iptvx.one/picons/setanta2-lt.png
setanta2-uz	Setanta 2 [UZ]	https://iptvx.one/picons/setanta2-uz.png
setanta3-ge	Setanta Sports 3 Georgia	https://iptvx.one/picons/setanta3-ge.png
sevastopol-24	Севастополь 24 | Севастополь 24 HD	https://iptvx.one/picons/sevastopol-24.png
sever	Север	https://iptvx.one/picons/sever.png
sextosenso	SextoSenso | Sext6Senso	https://iptvx.one/picons/sextosenso.png
seym-kursk	Сейм Курск	https://iptvx.one/picons/seym-kursk.png
shakhty-tv	Шахты ТВ	https://iptvx.one/picons/shakhty-tv.png
shalun	Шалун | Шалун HD	https://iptvx.one/picons/shalun.png
shanson-tv	Шансон-TB | Шансон ТВ Hotbird | Шансон ТВ Ямал	https://iptvx.one/picons/shanson-tv.png
shant-kids-hd	Шант Kids HD | Shant Kids HD	https://iptvx.one/picons/shant-kids-hd.png
shant-music-hd	Шант Music HD | Shant Music HD	https://iptvx.one/picons/shant-music-hd.png
shant-premium-hd	Шант Premium HD | Shant Premium HD	https://iptvx.one/picons/shant-premium.png
shant-serial-hd	Шант Serial HD | Shant Serial HD	https://iptvx.one/picons/shant-serial-hd.png
shayantv	Шаян ТВ	https://iptvx.one/picons/shayantv.png
shokiruyushchee	Шокирующее SD | Шокирующее	https://iptvx.one/picons/shokiruyushchee.png
shokiruyushchee-hd	Шокирующее HD	https://iptvx.one/picons/shokiruyushchee-hd.png
sholk	Шелк | Шёлк	https://iptvx.one/picons/sholk.png
shop24	Shop24 | Leomax 24	https://iptvx.one/picons/shop24.png
shopping-live	Shopping Live	https://iptvx.one/picons/shopping-live.png
shot-tv	Shot TV | Shot TV HD | Эгоист ТВ | Egoist tv	https://iptvx.one/picons/shot-tv.png
show-hd-tr	Show HD TR	https://iptvx.one/picons/show-hd-tr.png
show-kz	Show KZ | Show HD KZ	https://iptvx.one/picons/show-kz.png
show-tv-pl	Show TV [PL]	https://iptvx.one/picons/show-tv-pl.png
sibir24	Сибирь 24	https://iptvx.one/picons/sibir24.png
sila	Сила | Сила HD	https://iptvx.one/picons/sila.png
silk-way-cinema	Silk Way Cinema	https://iptvx.one/picons/silk-way-cinema.png
silkway	Silk Way	https://iptvx.one/picons/silkway.png
simfer24	Симферополь 24	https://iptvx.one/picons/simfer24.png
simpsons-channel-c	Simpsons Channel	https://iptvx.one/picons/simpsons-channel-c.png
sixx-de	Sixx [DE]	https://iptvx.one/picons/sixx-de.png
skazki-zayki	Сказки Зайки | Сказки Зайки HD	https://iptvx.one/picons/skazki-zayki.png
skif-vitebsk	СкиФ-Витебск | СкиФ Витебск	https://iptvx.one/picons/skif.png
sky-atlantic	Sky Atlantic HD | Sky Atlantic	https://iptvx.one/picons/sky-atlantic.png
sky-caccia-e-pesca	Sky Caccia e Pesca	https://iptvx.one/picons/sky-caccia-e-pesca.png
sky-cinema-action	Sky Cinema Action HD | Sky Cinema Action	https://iptvx.one/picons/sky-cinema-action.png
sky-cinema-classics	Sky Cinema Classics HD | Sky Cinema Classics	https://iptvx.one/picons/sky-cinema-classics.png
sky-cinema-family	Sky Cinema Family HD | Sky Cinema Family	https://iptvx.one/picons/sky-cinema-family.png
sky-cinema-highlights	Sky Cinema Highlights HD | Sky Cinema Highlights	https://iptvx.one/picons/sky-cinema-highlights.png
sky-cinema-premieren	Sky Cinema Premiere HD | Sky Cinema Premiere	https://iptvx.one/picons/sky-cinema-premieren.png
sky-high-2d-classic-hdr	SKY HIGH 2D CLASSIC HDR	https://iptvx.one/picons/sky-high-2d-classic-hdr.png
sky-high-3d-classic-hdr	SKY HIGH 3D CLASSIC HDR	https://iptvx.one/picons/sky-high-3d-classic-hdr.png
sky-high-911-s-4k-hdr	SKY HIGH 911 S 4K HDR	https://iptvx.one/picons/sky-high-911-s-4k-hdr.png
sky-high-archive-fhd	SKY HIGH ARCHIVE FHD	https://iptvx.one/picons/sky-high-archive-fhd.png
sky-high-asian-hdr	SKY HIGH ASIAN HDR	https://iptvx.one/picons/sky-high-asian-hdr.png
sky-high-autumn-hdr	SKY HIGH AUTUMN HDR	https://iptvx.one/picons/sky-high-autumn-hdr.png
sky-high-bats-fhd	SKY HIGH BATS FHD	https://iptvx.one/picons/sky-high-bats-fhd.png
sky-high-beyond-s-fhd	SKY HIGH BEYOND S FHD	https://iptvx.one/picons/sky-high-beyond-s-fhd.png
sky-high-bio-hdr	SKY HIGH BIO HDR	https://iptvx.one/picons/sky-high-bio-hdr.png
sky-high-blood-4k-hdr	SKY HIGH BLOOD 4K HDR	https://iptvx.one/picons/sky-high-blood-4k-hdr.png
sky-high-bloody-hdr	SKY HIGH BLOODY HDR	https://iptvx.one/picons/sky-high-bloody-hdr.png
sky-high-boom-fhd	SKY HIGH BOOM FHD	https://iptvx.one/picons/sky-high-boom-fhd.png
sky-high-brain-hd	SKY HIGH BRAIN HD	https://iptvx.one/picons/sky-high-brain-hd.png
sky-high-brick-s-fhd	SKY HIGH BRICK S FHD	https://iptvx.one/picons/sky-high-brick-s-fhd.png
sky-high-bunny-hd	SKY HIGH BUNNY HD	https://iptvx.one/picons/sky-high-bunny-hd.png
sky-high-case-vhs-fhd	SKY HIGH CASE VHS FHD	https://iptvx.one/picons/sky-high-case-vhs-fhd.png
sky-high-century-hdr	SKY HIGH CENTURY HDR	https://iptvx.one/picons/sky-high-century-hdr.png
sky-high-cinema-4k-hdr	SKY HIGH CINEMA 4K HDR	https://iptvx.one/picons/sky-high-cinema-4k-hdr.png
sky-high-civil-s-fhd	SKY HIGH CIVIL S FHD	https://iptvx.one/picons/sky-high-civil-s-fhd.png
sky-high-comedy-hdr	SKY HIGH COMEDY HDR	https://iptvx.one/picons/sky-high-comedy-hdr.png
sky-high-comics-4k-hdr	SKY HIGH COMICS 4K HDR	https://iptvx.one/picons/sky-high-comics-4k-hdr.png
sky-high-concert	SKY HIGH CONCERT HD	https://iptvx.one/picons/sky-high-concert.png
sky-high-cosmos-hdr	SKY HIGH COSMOS HDR	https://iptvx.one/picons/sky-high-cosmos-hdr.png
sky-high-crime-4k-hdr	SKY HIGH CRIME 4K HDR	https://iptvx.one/picons/sky-high-crime-4k-hdr.png
sky-high-crime-hdr	SKY HIGH CRIME HDR | SKY HIGH CRIME VHS HDR	https://iptvx.one/picons/sky-high-crime-hdr.png
sky-high-crime-s-4k-hdr	SKY HIGH CRIME S 4K HDR	https://iptvx.one/picons/sky-high-crime-s-4k-hdr.png
sky-high-dark-s-4k-hdr	SKY HIGH DARK S 4K HDR	https://iptvx.one/picons/sky-high-dark-s-4k-hdr.png
sky-high-dc-4k-hdr	SKY HIGH DC 4K HDR	https://iptvx.one/picons/sky-high-dc-4k-hdr.png
sky-high-dcu-s-4k-hdr	SKY HIGH DCU S 4K HDR	https://iptvx.one/picons/sky-high-dcu-s-4k-hdr.png
sky-high-dead-s-4k-hdr	SKY HIGH DEAD S 4K HDR	https://iptvx.one/picons/sky-high-dead-s-4k-hdr.png
sky-high-dect-s-4k-hdr	SKY HIGH DECT S 4K HDR	https://iptvx.one/picons/sky-high-dect-s-4k-hdr.png
sky-high-detect-hdr	SKY HIGH DETECT HDR	https://iptvx.one/picons/sky-high-detect-hdr.png
sky-high-dlove-4k-hdr	SKY HIGH DLOVE 4K HDR	https://iptvx.one/picons/sky-high-dlove-4k-hdr.png
sky-high-doc-hd	SKY HIGH DOC HD	https://iptvx.one/picons/sky-high-doc-hd.png
sky-high-dragon-fhd	SKY HIGH DRAGON FHD	https://iptvx.one/picons/sky-high-dragon-fhd.png
sky-high-drama-4k-hdr	SKY HIGH DRAMA 4K HDR	https://iptvx.one/picons/sky-high-drama-4k-hdr.png
sky-high-dusts-fhd	SKY HIGH DUSTS FHD | SKY HIGH DUST S FHD	https://iptvx.one/picons/sky-high-dusts-fhd.png
sky-high-family-4k-hdr	SKY HIGH FAMILY 4K HDR	https://iptvx.one/picons/sky-high-family-4k-hdr.png
sky-high-family-hdr	SKY HIGH FAMILY HDR	https://iptvx.one/picons/sky-high-family-hdr.png
sky-high-fear-vhs-fhd	SKY HIGH FEAR VHS FHD	https://iptvx.one/picons/sky-high-fear-vhs-fhd.png
sky-high-firezone-fhd	SKY HIGH FIREZONE FHD	https://iptvx.one/picons/sky-high-firezone-fhd.png
sky-high-fun-s-4k-hdr	SKY HIGH FUN S 4K HDR	https://iptvx.one/picons/sky-high-fun-s-4k-hdr.png
sky-high-future-fhd	SKY HIGH FUTURE FHD	https://iptvx.one/picons/sky-high-future-fhd.png
sky-high-galaxy-hdr	SKY HIGH GALAXY HDR	https://iptvx.one/picons/sky-high-galaxy-hdr.png
sky-high-got-s-4k-hdr	SKY HIGH GOT S 4K HDR	https://iptvx.one/picons/sky-high-got-s-4k-hdr.png
sky-high-gunrush-fhd	SKY HIGH GUNRUSH FHD	https://iptvx.one/picons/sky-high-gunrush-fhd.png
sky-high-heart-s-fhd	SKY HIGH HEART S FHD	https://iptvx.one/picons/sky-high-heart-s-fhd.png
sky-high-hist-s-4k-hdr	SKY HIGH HIST S 4K HDR	https://iptvx.one/picons/sky-high-hist-s-4k-hdr.png
sky-high-history-4k-hdr	SKY HIGH HISTORY 4K HDR	https://iptvx.one/picons/sky-high-history-4k-hdr.png
sky-high-horror-4k-hdr	SKY HIGH HORROR 4K HDR	https://iptvx.one/picons/sky-high-horror-4k-hdr.png
sky-high-horror-hdr	SKY HIGH HORROR HDR	https://iptvx.one/picons/sky-high-horror-hdr.png
sky-high-jetix-hd	SKY HIGH JETIX HD	https://iptvx.one/picons/sky-high-jetix-hd.png
sky-high-jetix-hdr	SKY HIGH JETIX HDR	https://iptvx.one/picons/sky-high-jetix-hdr.png
sky-high-joke-fhd	SKY HIGH JOKE FHD	https://iptvx.one/picons/sky-high-joke-fhd.png
sky-high-junior-fhd	SKY HIGH JUNIOR FHD	https://iptvx.one/picons/sky-high-junior-fhd.png
sky-high-kid-0+-4k-hdr	SKY HIGH KID 0+ 4K HDR	https://iptvx.one/picons/sky-high-kid-0+-4k-hdr.png
sky-high-kid-12+-4k-hdr	SKY HIGH KID 12+ 4K HDR	https://iptvx.one/picons/sky-high-kid-12+-4k-hdr.png
sky-high-kid-16+-4k-hdr	SKY HIGH KID 16+ 4K HDR	https://iptvx.one/picons/sky-high-kid-16+-4k-hdr.png
sky-high-kid-18+-4k-hdr	SKY HIGH KID 18+ 4K HDR	https://iptvx.one/picons/sky-high-kid-18+-4k-hdr.png
sky-high-kid-6+-4k-hdr	SKY HIGH KID 6+ 4K HDR	https://iptvx.one/picons/sky-high-kid-6+-4k-hdr.png
sky-high-legends-hdr	SKY HIGH LEGENDS HDR	https://iptvx.one/picons/sky-high-legends-hdr.png
sky-high-magic-s-4k-hdr	SKY HIGH MAGIC S 4K HDR	https://iptvx.one/picons/sky-high-magic-s-4k-hdr.png
sky-high-marvel-4k-hdr	SKY HIGH MARVEL 4K HDR	https://iptvx.one/picons/sky-high-marvel-4k-hdr.png
sky-high-mcu-s-4k-hdr	SKY HIGH MCU S 4K HDR	https://iptvx.one/picons/sky-high-mcu-s-4k-hdr.png
sky-high-medy-vhs-fhd	SKY HIGH MEDY VHS FHD	https://iptvx.one/picons/sky-high-medy-vhs-fhd.png
sky-high-mono-fhd	SKY HIGH MONO FHD	https://iptvx.one/picons/sky-high-mono-fhd.png
sky-high-mystic-hdr	SKY HIGH MYSTIC HDR	https://iptvx.one/picons/sky-high-mystic-hdr.png
sky-high-nature-4k-hdr	SKY HIGH NATURE 4K HDR	https://iptvx.one/picons/sky-high-nature-4k-hdr.png
sky-high-nature-fhd	SKY HIGH NATURE FHD	https://iptvx.one/picons/sky-high-nature-fhd.png
sky-high-neonvhs-fhd	SKY HIGH NEONVHS FHD | SKY HIGH NEON VHS FHD	https://iptvx.one/picons/sky-high-neonvhs-fhd.png
sky-high-new-4k-hdr	SKY HIGH NEW 4K HDR	https://iptvx.one/picons/sky-high-new-4k-hdr.png
sky-high-nicks-fhd	SKY HIGH NICKS FHD | SKY HIGH NICK S FHD	https://iptvx.one/picons/sky-high-nicks-fhd.png
sky-high-nonstop-hdr	SKY HIGH NONSTOP HDR	https://iptvx.one/picons/sky-high-nonstop-hdr.png
sky-high-nord-s-fhd	SKY HIGH NORD S FHD	https://iptvx.one/picons/sky-high-nord-s-fhd.png
sky-high-nstop-4k-hdr	SKY HIGH NSTOP 4K HDR	https://iptvx.one/picons/sky-high-nstop-4k-hdr.png
sky-high-polit-s-4k-hdr	SKY HIGH POLIT S 4K HDR	https://iptvx.one/picons/sky-high-polit-s-4k-hdr.png
sky-high-puppet-hdr	SKY HIGH PUPPET HDR	https://iptvx.one/picons/sky-high-puppet-hdr.png
sky-high-quants-fhd	SKY HIGH QUANTS FHD | SKY HIGH QUANT S FHD	https://iptvx.one/picons/sky-high-quants-fhd.png
sky-high-red-s-fhd	SKY HIGH RED S FHD	https://iptvx.one/picons/sky-high-red-s-fhd.png
sky-high-redroom-fhd	SKY HIGH REDROOM FHD	https://iptvx.one/picons/sky-high-redroom-fhd.png
sky-high-ring-s-fhd	SKY HIGH RING S FHD	https://iptvx.one/picons/sky-high-ring-s-fhd.png
sky-high-romance-hdr	SKY HIGH ROMANCE HDR	https://iptvx.one/picons/sky-high-romance-hdr.png
sky-high-romix-fhd	SKY HIGH ROMIX FHD	https://iptvx.one/picons/sky-high-romix-fhd.png
sky-high-sadly-hdr	SKY HIGH SADLY HDR	https://iptvx.one/picons/sky-high-sadly-hdr.png
sky-high-scream-fhd	SKY HIGH SCREAM FHD	https://iptvx.one/picons/sky-high-scream-fhd.png
sky-high-smash-4k-hdr	SKY HIGH SMASH 4K HDR	https://iptvx.one/picons/sky-high-smash-4k-hdr.png
sky-high-smash-hdr	SKY HIGH SMASH HDR	https://iptvx.one/picons/sky-high-smash-hdr.png
sky-high-smile-4k-hdr	SKY HIGH SMILE 4K HDR	https://iptvx.one/picons/sky-high-smile-4k-hdr.png
sky-high-space-4k-hdr	SKY HIGH SPACE 4K HDR	https://iptvx.one/picons/sky-high-space-4k-hdr.png
sky-high-spn-s-4k-hdr	SKY HIGH SPN S 4K HDR	https://iptvx.one/picons/sky-high-spn-s-4k-hdr.png
sky-high-spring-hdr	SKY HIGH SPRING HDR	https://iptvx.one/picons/sky-high-spring-hdr.png
sky-high-starws-4k-hdr	SKY HIGH STARWS 4K HDR	https://iptvx.one/picons/sky-high-starws-4k-hdr.png
sky-high-strike-vhs-fhd	SKY HIGH STRIKE VHS FHD	https://iptvx.one/picons/sky-high-strike-vhs-fhd.png
sky-high-sunny-hdr	SKY HIGH SUNNY HDR	https://iptvx.one/picons/sky-high-sunny-hdr.png
sky-high-tanoss-fhd	SKY HIGH TANOS S FHD	https://iptvx.one/picons/sky-high-tanoss-fhd.png
sky-high-teen-fhd	SKY HIGH TEEN FHD	https://iptvx.one/picons/sky-high-teen-fhd.png
sky-high-thriller-4k-hdr	SKY HIGH THRILLER 4K HDR	https://iptvx.one/picons/sky-high-thriller-4k-hdr.png
sky-high-toon-4k-hdr	SKY HIGH TOON 4K HDR	https://iptvx.one/picons/sky-high-toon-4k-hdr.png
sky-high-toon-s-fhd	SKY HIGH TOON S FHD	https://iptvx.one/picons/sky-high-toon-s-fhd.png
sky-high-trace-s-fhd	SKY HIGH TRACE S FHD	https://iptvx.one/picons/sky-high-trace-s-fhd.png
sky-high-undead-fhd	SKY HIGH UNDEAD FHD	https://iptvx.one/picons/sky-high-undead-fhd.png
sky-high-vampire-hdr	SKY HIGH VAMPIRE HDR	https://iptvx.one/picons/sky-high-vampire-hdr.png
sky-high-verse-s-4k-hdr	SKY HIGH VERSE S 4K HDR	https://iptvx.one/picons/sky-high-verse-s-4k-hdr.png
sky-high-vhs-dejavu-hdr	SKY HIGH VHS DEJAVU HDR	https://iptvx.one/picons/sky-high-vhs-dejavu-hdr.png
sky-high-vhs-future-hdr	SKY HIGH VHS FUTURE HDR	https://iptvx.one/picons/sky-high-vhs-future-hdr.png
sky-high-votum-s-fhd	SKY HIGH VOTUM S FHD	https://iptvx.one/picons/sky-high-votum-s-fhd.png
sky-high-wbros-hdr	SKY HIGH WBROS HDR	https://iptvx.one/picons/sky-high-wbros-hdr.png
sky-high-west-s-4k	SKY HIGH WEST S 4K	https://iptvx.one/picons/sky-high-west-s-4k.png
sky-high-western-hdr	SKY HIGH WESTERN HDR	https://iptvx.one/picons/sky-high-western-hdr.png
sky-high-winter-hdr	SKY HIGH WINTER HDR	https://iptvx.one/picons/sky-high-winter-hdr.png
sky-high-wizz-vhs-fhd	SKY HIGH WIZZ VHS FHD	https://iptvx.one/picons/sky-high-wizz-vhs-fhd.png
sky-high-woonder-fhd	SKY HIGH WOONDER FHD	https://iptvx.one/picons/sky-high-woonder-fhd.png
sky-high-zippy-s-fhd	SKY HIGH ZIPPY S FHD	https://iptvx.one/picons/sky-high-zippy-s-fhd.png
sky-news-uk	Sky News [UK]	https://iptvx.one/picons/sky-news-uk.png
sky-sport-arena-it	Sky Sport Arena [IT]	https://iptvx.one/picons/sky-sport-arena-it.png
sky-sport-aus	Sky Sport Austria HD | Sky Sport Austria | Sky Sport Austria 1 HD | Sky Sport Austria 1	https://iptvx.one/picons/sky-sport-aus.png
sky-sport-bl-uhd	Sky Sport Bundesliga UHD [DE] | Sky Bundesliga UHD [DE]	https://iptvx.one/picons/sky-sport-bl-uhd.png
sky-sport-bl1	Sky Sport Bundesliga 1 HD | Sky Sport Bundesliga 1	https://iptvx.one/picons/sky-sport-bl1.png
sky-sport-bl2	Sky Sport Bundesliga 2 HD | Sky Sport Bundesliga 2	https://iptvx.one/picons/sky-sport-bl2.png
sky-sport-bl3	Sky Sport Bundesliga 3 HD | Sky Sport Bundesliga 3	https://iptvx.one/picons/sky-sport-bl3.png
sky-sport-bl4	Sky Sport Bundesliga 4 HD | Sky Sport Bundesliga 4	https://iptvx.one/picons/sky-sport-bl4.png
sky-sport-bl5	Sky Sport Bundesliga 5 HD | Sky Sport Bundesliga 5	https://iptvx.one/picons/sky-sport-bl5.png
sky-sport-bl6	Sky Sport Bundesliga 6 HD | Sky Sport Bundesliga 6	https://iptvx.one/picons/sky-sport-bl6.png
sky-sport-bundesliga-de	Sky Sport Bundesliga HD [DE] | Sky Sport Bundesliga [DE]	https://iptvx.one/picons/sky-sport-bundesliga-de.png
sky-sport-calcio-it	Sky Sport Calcio [IT]	https://iptvx.one/picons/sky-sport-calcio-it.png
sky-sport-f1-de	Sky Sport F1 [DE]	https://iptvx.one/picons/sky-sport-f1-de.png
sky-sport-f1-it	Sky Sport F1 [IT]	https://iptvx.one/picons/sky-sport-f1-it.png
sky-sport-golf-de	Sky Sport Golf [DE]	https://iptvx.one/picons/sky-sport-golf-de.png
sky-sport-golf-it	Sky Sport Golf [IT]	https://iptvx.one/picons/sky-sport-golf-it.png
sky-sport-hd1	Sky Sport 1 [NZ] | Sky Sport 1 HD [NZ]	https://iptvx.one/picons/sky-sport-hd1.png
sky-sport-hd2	Sky Sport 2 [NZ] | Sky Sport 2 HD [NZ]	https://iptvx.one/picons/sky-sport-hd2.png
sky-sport-hd3	Sky Sport 3 [NZ] | Sky Sport 3 HD [NZ]	https://iptvx.one/picons/sky-sport-hd3.png
sky-sport-hd4	Sky Sport 4 [NZ] | Sky Sport 4 HD [NZ]	https://iptvx.one/picons/sky-sport-hd4.png
sky-sport-hd5	Sky Sport 5 [NZ] | Sky Sport 5 HD [NZ]	https://iptvx.one/picons/sky-sport-hd5.png
sky-sport-hd6	Sky Sport 6 [NZ] | Sky Sport 6 HD [NZ]	https://iptvx.one/picons/sky-sport-hd6.png
sky-sport-hd7	Sky Sport 7 [NZ] | Sky Sport 7 HD [NZ]	https://iptvx.one/picons/sky-sport-hd7.png
sky-sport-hd8	Sky Sport Premier League [NZ] | Sky Sport Premier League HD [NZ] | Sky Sport 8 [NZ]	https://iptvx.one/picons/sky-sport-hd8.png
sky-sport-hd9	Sky Sport 9 [NZ] | Sky Sport 9 HD [NZ]	https://iptvx.one/picons/sky-sport-hd9.png
sky-sport-legend-it	Sky Sport Legend [IT]	https://iptvx.one/picons/sky-sport-legend-it.png
sky-sport-max-it	Sky Sport Max [IT]	https://iptvx.one/picons/sky-sport-max-it.png
sky-sport-mix-de	Sky Sport Mix [DE]	https://iptvx.one/picons/sky-sport-mix-de.png
sky-sport-mix-it	Sky Sport Mix [IT]	https://iptvx.one/picons/sky-sport-mix-it.png
sky-sport-moto-it	Sky Sport MotoGP [IT]	https://iptvx.one/picons/sky-sport-moto-it.png
sky-sport-nba-it	Sky Sport NBA [IT]	https://iptvx.one/picons/sky-sport-nba-it.png
sky-sport-news-de	Sky Sport News [DE]	https://iptvx.one/picons/sky-sport-news-de.png
sky-sport-pl-de	Sky Sport Premier League [DE]	https://iptvx.one/picons/sky-sport-pl-de.png
sky-sport-select-nz	Sky Sport Select [NZ] | Sky Sport Select HD [NZ]	https://iptvx.one/picons/sky-sport-select-nz.png
sky-sport-tennis-de	Sky Sport Tennis [DE]	https://iptvx.one/picons/sky-sport-tennis-de.png
sky-sport-tennis-it	Sky Sport Tennis [IT]	https://iptvx.one/picons/sky-sport-tennis-it.png
sky-sport-top-event-de	Sky Sport Top Event [DE]	https://iptvx.one/picons/sky-sport-top-event-de.png
sky-sport-uhd	Sky Sport UHD [DE]	https://iptvx.one/picons/sky-sport-uhd.png
sky-sport-uno-it	Sky Sport Uno [IT]	https://iptvx.one/picons/sky-sport-uno-it.png
sky-sport24-it	Sky Sport 24 [IT]	https://iptvx.one/picons/sky-sport24-it.png
sky-sports-1-uhd-uk	Sky Sports 1 UHD [UK] | Sky UHD Sports 1 [UK] | Sky Sports 1 (Premier League) UHD [UK]	https://iptvx.one/picons/sky-sports-1-uhd-uk.png
sky-sports-2-uhd-uk	Sky Sports 2 UHD [UK] | Sky UHD Sports 2 [UK] | Sky Sports 2 (Football) UHD [UK]	https://iptvx.one/picons/sky-sports-2-uhd-uk.png
sky-sports-action	Sky Sports Action / NFL [UK] | Sky Sports NFL | Sky Sports Action HD | Sky Sports Action	https://iptvx.one/picons/sky-sports-action.png
sky-sports-apl	Sky Sports Premier League [UK] | Sky Sports Premier League HD	https://iptvx.one/picons/sky-sports-apl.png
sky-sports-arena	Sky Sports + [UK] | Sky Sports + HD [UK] | Sky Sports Arena | Sky Sports Arena HD	https://iptvx.one/picons/sky-sports-arena.png
sky-sports-austria-2	Sky Sport Austria 2	https://iptvx.one/picons/sky-sports-austria-2.png
sky-sports-box-office	Sky Sports Box Office [UK] | Sky Sports Box Office HD	https://iptvx.one/picons/sky-sports-box-office.png
sky-sports-cricket	Sky Sports Cricket [UK] | Sky Sports Cricket HD	https://iptvx.one/picons/sky-sports-cricket.png
sky-sports-f1	Sky Sports Darts / F1 [UK] | Sky Sports F1 | Sky Sports F1 HD | Sky Sports Darts	https://iptvx.one/picons/sky-sports-f1.png
sky-sports-f1-uhd-uk	Sky Sports F1 UHD [UK]	https://iptvx.one/picons/sky-sports-f1-uhd-uk.png
sky-sports-football	Sky Sports Football [UK] | Sky Sports Football HD	https://iptvx.one/picons/sky-sports-football.png
sky-sports-golf	Sky Sports Golf [UK] | Sky Sports Golf HD	https://iptvx.one/picons/sky-sports-golf.png
sky-sports-laliga-mx	Sky Sports LaLiga [MX]	https://iptvx.one/picons/sky-sports-laliga-mx.png
sky-sports-maine	Sky Sports Main Event [UK] | Sky Sports Main Event HD	https://iptvx.one/picons/sky-sports-maine.png
sky-sports-mix	Sky Sports Mix [UK] | Sky Sports Mix HD	https://iptvx.one/picons/sky-sports-mix.png
sky-sports-mx	Sky Sports [MX]	https://iptvx.one/picons/sky-sports-mx.png
sky-sports-news	Sky Sports News [UK] | Sky Sports News HD	https://iptvx.one/picons/sky-sports-news.png
sky-sports-racing	Sky Sports Racing [UK] | Sky Sports Racing HD	https://iptvx.one/picons/sky-sports-racing.png
sky-sports-tennis	Sky Sports Tennis [UK] | Sky Sports Tennis HD | Sky Sports Tennis	https://iptvx.one/picons/sky-sports-tennis.png
skycam-100500	SkyCam +100500	https://iptvx.one/picons/skycam-100500.png
skycam-action	SkyCam Action	https://iptvx.one/picons/skycam-action.png
skycam-catastrophe	SkyCam Catastrophe	https://iptvx.one/picons/skycam-catastrophe.png
skycam-goblin	SkyCam Goblin	https://iptvx.one/picons/skycam-goblin.png
skycam-horrors	SkyCam Horrors	https://iptvx.one/picons/skycam-horrors.png
skycam-relax	SkyCam Relax	https://iptvx.one/picons/skycam-relax.png
skycam-romantic	SkyCam Romantic	https://iptvx.one/picons/skycam-romantic.png
skycam-rukino	SkyCam RuKino	https://iptvx.one/picons/skycam-rukino.png
skycam-simpsony	SkyCam Симпсоны	https://iptvx.one/picons/skycam-simpsony.png
skycam-sled	Skycam След	https://iptvx.one/picons/skycam-sled.png
skycam-southpark	SkyCam Южный Парк	https://iptvx.one/picons/skycam-southpark.png
skycam-victory	SkyCam Victory	https://iptvx.one/picons/skycam-victory.png
skyshowtime-1-pl	SkyShowtime 1 [PL]	https://iptvx.one/picons/skyshowtime-1-pl.png
skyshowtime-2-pl	SkyShowtime 2 [PL]	https://iptvx.one/picons/skyshowtime-2-pl.png
slager-muz-cz	Šláger Muzika [CZ]	https://iptvx.one/picons/slager-muz-cz.png
slager-orig-cz	Šláger Original [CZ]	https://iptvx.one/picons/slager-orig-cz.png
slager-tv-hu	Sláger TV [HU]	https://iptvx.one/picons/slager-tv-hu.png
slam-nl	SLAM! [NL]	https://iptvx.one/picons/slam-nl.png
smartzone	SmartZone | SmartZone HD	https://iptvx.one/picons/smartzone.png
smaylik-tv	Смайлик ТВ | Смайлик ТВ HD	https://iptvx.one/picons/smaylik-tv.png
smotrim-100-detskoe	Смотрим 100% Детское	https://iptvx.one/picons/smotrim-100-detskoe.png
smotrim-100-fakty	Смотрим 100% Факты	https://iptvx.one/picons/smotrim-100-fakty.png
smotrim-100-klassika	Смотрим 100% Классика	https://iptvx.one/picons/smotrim-100-klassika.png
smotrim-100-lubov	Смотрим 100% Любовь	https://iptvx.one/picons/smotrim-100-lubov.png
smotrim-100-muzhskoe	Смотрим 100% Мужское	https://iptvx.one/picons/smotrim-100-muzhskoe.png
smotrim-100-prazdnik	Смотрим 100% Праздник	https://iptvx.one/picons/smotrim-100-prazdnik.png
sochi24	Сочи24 | Сочи 24 | Maks24 | Maks24	https://iptvx.one/picons/sochi24.png
sol	Соль	https://iptvx.one/picons/sol.png
solnce	Солнце	https://iptvx.one/picons/solnce.png
solnce-pl2	Солнце (+2)	https://iptvx.one/picons/solnce-pl2.png
solnce-pl4	Солнце (+4)	https://iptvx.one/picons/solnce-pl4.png
solnce-pl7	Солнце (+7)	https://iptvx.one/picons/solnce-pl7.png
solovjinypomiot	Соловьев.Live	https://iptvx.one/picons/solovjinypomiot.png
soltv	Соль ТВ | Соль ТВ (Соликамск)	https://iptvx.one/picons/soltv.png
sonce-plus-ua	Сонце+	https://iptvx.one/picons/sonce-plus-ua.png
sonce-ua	Сонце	https://iptvx.one/picons/sonce-ua.png
song-tv	Song TV Armenia | Song TV Армения | MTV.AM	https://iptvx.one/picons/song-tv-arm.png
song-tv-g	Song TV Georgia | Song TV Грузия	https://iptvx.one/picons/song-tv-g.png
song-tv-ru	Song TV Russia | Song TV Россия | Song TV	https://iptvx.one/picons/song-tv-ru.png
sony-channel-ee	Duo 3 [EE] | Sony Channel (Эстония) | Sony Channel [EE]	https://iptvx.one/picons/duo3tv.png
sony-enter	Duo 3 Baltic | Sony Entertainment | Sony Entertainment Baltic | Sony Entertainment Baltic HD	https://iptvx.one/picons/duo3tv.png
sony-scifi	.sci-fi | .sci-fi HD | Sony Sci-Fi	https://iptvx.one/picons/sony-scifi.png
sony-sports-ten1-in	Sony Sports Ten 1 HD | Sony Sports Ten 1	https://iptvx.one/picons/sony-sports-ten1-in.png
sony-sports-ten2-in	Sony Sports Ten 2 HD | Sony Sports Ten 2	https://iptvx.one/picons/sony-sports-ten2-in.png
sony-sports-ten3-in	Sony Sports Ten 3 HD | Sony Sports Ten 3	https://iptvx.one/picons/sony-sports-ten3-in.png
sony-sports-ten4-in	Sony Sports Ten 4 HD | Sony Sports Ten 4	https://iptvx.one/picons/sony-sports-ten4-in.png
sony-sports-ten5-in	Sony Sports Ten 5 HD | Sony Sports Ten 5	https://iptvx.one/picons/sony-sports-ten5-in.png
sony-turbo	.black | .black HD | Sony Turbo	https://iptvx.one/picons/sony-turbo.png
sony-turbo-baltic	Duo 6 Baltic | Sony Turbo Baltic | Sony Turbo Baltic HD	https://iptvx.one/picons/duo6tv.png
sony-turbo-ee	Duo 6 [EE] | Sony Turbo [EE] | Sony Turbo (Эстония)	https://iptvx.one/picons/duo6tv.png
sony-tv	.red | .red HD | Sony ТВ HD | Sony ТВ | SET | SET HD	https://iptvx.one/picons/sony.png
sov-kinklass	Советская киноклассика	https://iptvx.one/picons/sov-kinklass.png
sov-kinklass-hd	Советская киноклассика HD	https://iptvx.one/picons/sov-kinklass-hd.png
sovkino	Советское кино	https://iptvx.one/picons/sovkino.png
sovmultf	Советские мультфильмы	https://iptvx.one/picons/sovmultf.png
sovsek	Совершенно секретно | Top Secret	https://iptvx.one/picons/sovsek.png
soyuz	Союз	https://iptvx.one/picons/soyuz.png
spas	Спас | Спас ТВ	https://iptvx.one/picons/spas.png
spas-pl2	Спас (+2) | Спас ТВ (+2)	https://iptvx.one/picons/spas-pl2.png
spas-pl7	Спас (+7) | Спас ТВ (+7)	https://iptvx.one/picons/spas-pl7.png
spectrum-sportsnet-us	Spectrum SportsNet [US]	https://iptvx.one/picons/spectrum-sportsnet-us.png
spiler-1-hu	Spiler 1 [HU]	https://iptvx.one/picons/spiler-1-hu.png
spiler-2-hu	Spiler 2 [HU]	https://iptvx.one/picons/spiler-2-hu.png
spor-smart-2-tr	Spor Smart 2 TR	https://iptvx.one/picons/spor-smart-2-tr.png
spor-smart-tr	Spor Smart TR	https://iptvx.one/picons/spor-smart-tr.png
sport-1-cz	Sport 1 [CZ]	https://iptvx.one/picons/sport-1-cz.png
sport-1-hu	Sport 1 [HU]	https://iptvx.one/picons/sport-1-hu.png
sport-2-cz	Sport 2 [CZ]	https://iptvx.one/picons/sport-2-cz.png
sport-2-hu	Sport 2 [HU]	https://iptvx.one/picons/sport-2-hu.png
sport-en-fr	Sport en France [FR]	https://iptvx.one/picons/sport-en-fr.png
sport-extra-ro	Sport Extra [RO]	https://iptvx.one/picons/sport-extra-ro.png
sport-plus-kz	Sport+ Qazaqstan | Sport+ KZ	https://iptvx.one/picons/sport-plus-kz.png
sport-tv-by	Спорт ТВ [BY]	https://iptvx.one/picons/sport-tv-by.png
sport1-baltic	Sport 1 Baltic	https://iptvx.one/picons/sport1-baltic.png
sport1-de	Sport1 HD | Sport1 HD DE	https://iptvx.one/picons/sport1-de.png
sport1-lt	Sport 1 | Sport 1 LT | Sport 1 HD | Sport 1 HD [LT]	https://iptvx.one/picons/sport1-lt.png
sport1-plus-de	Sport1+ HD | Sport1+ HD DE	https://iptvx.one/picons/sport1-plus-de.png
sport1-slo	Sport TV 1 Slovenia	https://iptvx.one/picons/sport1-slo.png
sport1-ua	Спорт 1 Украина | Sport 1 UA	https://iptvx.one/picons/sport1ua.png
sport2-baltic	Sport 2 Baltic	https://iptvx.one/picons/sport2-baltic.png
sport2-slo	Sport TV 2 Slovenia	https://iptvx.one/picons/sport2-slo.png
sport2-ua	Спорт 2 Украина | Sport 2 UA	https://iptvx.one/picons/sport2ua.png
sport3-slo	Sport TV 3 Slovenia	https://iptvx.one/picons/sport3-slo.png
sport3-ua	Спорт 3 Украина | Спорт 1 HD Украина	https://iptvx.one/picons/sport3-ua.png
sport4-ua	Спорт 4 Украина	https://iptvx.one/picons/sport4-ua.png
sport5	Спорт 5 | Sport 5	https://iptvx.one/picons/sport5.png
sportdigital-fussball	Sportdigital Fussball | Sportdigital Fussball HD	https://iptvx.one/picons/sportdigital-fussball.png
sportdigital-fussball-2	Sportdigital Fussball 2 | Sportdigital Fussball 2 HD	https://iptvx.one/picons/sportdigital-fussball-2.png
sportitalia-it	Sportitalia [IT]	https://iptvx.one/picons/sportitalia-it.png
sportitalia-solocalcio-it	Sportitalia Solo Calcio [IT]	https://iptvx.one/picons/sportitalia-solocalcio-it.png
sportivny	ТВ Спорт | Спортивный | Спортивный HD	https://iptvx.one/picons/sportivny.png
sportklub-01-hr	Sport Klub 1 [HR]	https://iptvx.one/picons/sportklub-01-hr.png
sportklub-01-rs	SportKlub 1 [RS]	https://iptvx.one/picons/sportklub-01-rs.png
sportklub-01-si	Sport Klub 1 [SI]	https://iptvx.one/picons/sportklub-01-si.png
sportklub-02-hr	Sport Klub 2 [HR]	https://iptvx.one/picons/sportklub-02-hr.png
sportklub-02-rs	SportKlub 2 [RS]	https://iptvx.one/picons/sportklub-02-rs.png
sportklub-02-si	Sport Klub 2 [SI]	https://iptvx.one/picons/sportklub-02-si.png
sportklub-03-hr	Sport Klub 3 [HR]	https://iptvx.one/picons/sportklub-03-hr.png
sportklub-03-rs	SportKlub 3 [RS]	https://iptvx.one/picons/sportklub-03-rs.png
sportklub-03-si	SportKlub 3 [SI]	https://iptvx.one/picons/sportklub-03-si.png
sportklub-04-hr	Sport Klub 4 [HR]	https://iptvx.one/picons/sportklub-04-hr.png
sportklub-04-rs	SportKlub 4 [RS]	https://iptvx.one/picons/sportklub-04-rs.png
sportklub-04-si	SportKlub 4 [SI]	https://iptvx.one/picons/sportklub-04-si.png
sportklub-05-hr	Sport Klub 5 [HR]	https://iptvx.one/picons/sportklub-05-hr.png
sportklub-05-rs	SportKlub 5 [RS]	https://iptvx.one/picons/sportklub-05-rs.png
sportklub-05-si	SportKlub 5 [SI]	https://iptvx.one/picons/sportklub-05-si.png
sportklub-06-hr	SportKlub 6 [HR]	https://iptvx.one/picons/sportklub-06-hr.png
sportklub-06-rs	SportKlub 6 [RS]	https://iptvx.one/picons/sportklub-06-rs.png
sportklub-06-si	SportKlub 6 [SI]	https://iptvx.one/picons/sportklub-06-si.png
sportklub-07-hr	SportKlub 7 [HR]	https://iptvx.one/picons/sportklub-07-hr.png
sportklub-07-rs	SportKlub 7 [RS]	https://iptvx.one/picons/sportklub-07-rs.png
sportklub-08-hr	SportKlub 8 [HR]	https://iptvx.one/picons/sportklub-08-hr.png
sportklub-08-rs	SportKlub 8 [RS]	https://iptvx.one/picons/sportklub-08-rs.png
sportklub-09-hr	SportKlub 9 [HR]	https://iptvx.one/picons/sportklub-09-hr.png
sportklub-09-rs	SportKlub 9 [RS]	https://iptvx.one/picons/sportklub-09-rs.png
sportklub-10-hr	SportKlub 10 [HR]	https://iptvx.one/picons/sportklub-10-hr.png
sportklub-10-rs	SportKlub 10 [RS]	https://iptvx.one/picons/sportklub-10-rs.png
sportklub-11-hr	SportKlub 11 [HR]	https://iptvx.one/picons/sportklub-11-hr.png
sportklub-11-rs	SportKlub 11 [RS]	https://iptvx.one/picons/sportklub-11-rs.png
sportklub-12-hr	SportKlub 12 [HR]	https://iptvx.one/picons/sportklub-12-hr.png
sportklub-4k-hr	SportKlub 4K [HR]	https://iptvx.one/picons/sportklub-4k-hr.png
sportklub-4k-rs	SportKlub 4K [RS]	https://iptvx.one/picons/sportklub-4k-rs.png
sportklub-4k-si	SportKlub 4K [SI]	https://iptvx.one/picons/sportklub-4k-si.png
sportklub-esports-hr	SportKlub Esports [HR]	https://iptvx.one/picons/sportklub-esports-hr.png
sportklub-esports-si	SportKlub Esports [SI]	https://iptvx.one/picons/sportklub-esports-si.png
sportklub-fight-hr	SportKlub Fight [HR]	https://iptvx.one/picons/sportklub-fight-hr.png
sportklub-fight-rs	SportKlub Fight [RS]	https://iptvx.one/picons/sportklub-fight-rs.png
sportklub-fight-si	SportKlub Fight [SI]	https://iptvx.one/picons/sportklub-fight-si.png
sportklub-golf-hr	SportKlub Golf [HR]	https://iptvx.one/picons/sportklub-golf-hr.png
sportklub-golf-rs	SportKlub Golf [RS]	https://iptvx.one/picons/sportklub-golf-rs.png
sportklub-golf-si	SportKlub Golf [SI]	https://iptvx.one/picons/sportklub-golf-si.png
sportklub-pl	SportKlub [PL]	https://iptvx.one/picons/sportklub-pl.png
sportmaster-tv	Бум | Спортмастер ТВ	https://iptvx.one/picons/sportmaster-tv.png
sportowa-pl	Sportowa.TV [PL]	https://iptvx.one/picons/sportowa-pl.png
sportska-tv-hr	Sportska Televizija [HR]	https://iptvx.one/picons/sportska-tv-hr.png
sportsnet-360-ca	Sportsnet 360 [CA]	https://iptvx.one/picons/sportsnet-360-ca.png
sportsnet-ny-sny-us	SNY: SportsNet New York [US]	https://iptvx.one/picons/sportsnet-ny-sny-us.png
sportsnet-one-ca	Sportsnet One [CA]	https://iptvx.one/picons/sportsnet-one-ca.png
sportsnet-world-ca	Sportsnet World [CA]	https://iptvx.one/picons/sportsnet-world-ca.png
sportstv-tr	Sports TV [TR]	https://iptvx.one/picons/sportstv-tr.png
sporttv1-pt	Sport TV 1 [PT]	https://iptvx.one/picons/sporttv1-pt.png
sporttv2-pt	Sport TV 2 [PT]	https://iptvx.one/picons/sporttv2-pt.png
sporttv3-pt	Sport TV 3 [PT]	https://iptvx.one/picons/sporttv3-pt.png
sporttv4-pt	Sport TV 4 [PT]	https://iptvx.one/picons/sporttv4-pt.png
sporttv5-pt	Sport TV 5 [PT]	https://iptvx.one/picons/sporttv5-pt.png
sporttv6-pt	Sport TV 6 [PT]	https://iptvx.one/picons/sporttv6-pt.png
sporttv7-pt	Sport TV 7 [PT]	https://iptvx.one/picons/sporttv7-pt.png
sporttvplus-pt	Sport TV+ [PT]	https://iptvx.one/picons/sporttvplus-pt.png
spotv	SPOTV | SPOTV HD	https://iptvx.one/picons/spotv.png
spotv2	SPOTV2 | SPOTV2 HD	https://iptvx.one/picons/spotv2.png
sreda	Среда	https://iptvx.one/picons/sreda.png
stal	Сталь	https://iptvx.one/picons/stal.png
star-cinema	Star Cinema Россия | Star Cinema	https://iptvx.one/picons/star-cinema.png
star-cinema-eu	Star Cinema [EU]	https://iptvx.one/picons/star-cinema-eu.png
star-cinema-ua	Star Cinema UA | Star Cinema HD UA	https://iptvx.one/picons/star-cinema-ua.png
star-family	Star Family Россия | Star Family Россия HD | Star Family | Star Family HD	https://iptvx.one/picons/star-family.png
star-family-eu	Star Family [EU]	https://iptvx.one/picons/star-family-eu.png
star-family-ua	Star Family UA | Star Family HD UA	https://iptvx.one/picons/star-family-ua.png
star-tv-hd-tr	Star TV HD TR	https://iptvx.one/picons/star-tv-hd-tr.png
stars-tv	Stars.TV	https://iptvx.one/picons/stars-tv.png
start	Старт | Старт HD	https://iptvx.one/picons/start.png
start-air	Start Air	https://iptvx.one/picons/start-air.png
start-basket	Старт Баскет	https://iptvx.one/picons/start-basket.png
start-triumf	Старт Триумф | Старт Триумф HD	https://iptvx.one/picons/start-triumf.png
start-world	Start World	https://iptvx.one/picons/start-world.png
stb-ua	СТБ | СТБ HD	https://iptvx.one/picons/stb-ua.png
stingray-classica	Stingray Classica [FR] | Stingray Classica HD	https://iptvx.one/picons/stingray-classica.png
stingray-country-ca	Stingray Country [CA]	https://iptvx.one/picons/stingray-country-ca.png
stingray-djazz	Stingray Djazz [FR] | Stingray Djazz HD | Stingray Jazz | Stingray Jazz HD	https://iptvx.one/picons/stingray-djazz.png
stingray-hits-ca	Stingray Hits [CA]	https://iptvx.one/picons/stingray-hits-ca.png
stingray-loud-ca	Stingray Loud [CA]	https://iptvx.one/picons/stingray-loud-ca.png
stingray-now4k-ca	Stingray Now 4K [CA]	https://iptvx.one/picons/stingray-now4k-ca.png
stingray-qello	Stingray Qello	https://iptvx.one/picons/stingray-qello.png
stingray-retro-ca	Stingray Retro [CA]	https://iptvx.one/picons/stingray-retro-ca.png
stingray-vibe-ca	Stingray Vibe [CA]	https://iptvx.one/picons/stingray-vibe-ca.png
stk-soligorsk	СТК-Солигорск	https://iptvx.one/picons/stk-soligorsk.png
stopklatka-pl	STOPKLATKA [PL]	https://iptvx.one/picons/stopklatka-pl.png
strashnoe-hd	Страшное HD	https://iptvx.one/picons/strashnoe-hd.png
strk	СТРК HD | СТРК	https://iptvx.one/picons/strk.png
sts	СТС | СТС HD	https://iptvx.one/picons/sts.png
sts-int	СТС International | СТС Int | СТС Международный	https://iptvx.one/picons/sts-int.png
sts-int-m7	СТС International (-7) | CTC International (-7) | СТС International США | СТС International Америка	https://iptvx.one/picons/sts-int.png
sts-kids-hd	СТС Kids HD | СТС Kids	https://iptvx.one/picons/sts-kids-hd.png
sts-love	СТС Love | СТС Love HD	https://iptvx.one/picons/sts-love.png
sts-love-pl2	СТС Love (+2) | СТС Love (+2) HD	https://iptvx.one/picons/sts-love-pl2.png
sts-love-pl4	СТС Love (+4) | СТС Love (+4) HD	https://iptvx.one/picons/sts-love-pl4.png
sts-love-pl7	СТС Love (+7) | СТС Love (+7) HD	https://iptvx.one/picons/sts-love-pl7.png
sts-pl2	СТС (+2) | СТС (+2) HD	https://iptvx.one/picons/sts-pl2.png
sts-pl4	СТС (+4) | СТС (+4) HD	https://iptvx.one/picons/sts-pl4.png
sts-pl7	СТС (+7) | СТС (+7) HD	https://iptvx.one/picons/sts-pl7.png
stv-by	СТВ Беларусь | СТВ HD | СТВ	https://iptvx.one/picons/stv-by.png
stv-pirma!	STV Pirmā!	https://iptvx.one/picons/stv-pirma.png
stv24	СТВ 24	https://iptvx.one/picons/stv24.png
sumiko	Sumiko	https://iptvx.one/picons/sumiko.png
sundance-pl	Sundance TV [PL] | Sundance TV HD [PL] | Sundance Channel [PL] | Sundance Channel HD [PL]	https://iptvx.one/picons/sundance-pl.png
super	Суббота! | Суббота HD | Суббота | Супер HD | Супер	https://iptvx.one/picons/subbota.png
super-baltic	Super Baltic | Super Baltik | Super Baltik HD | Super Baltic HD	https://iptvx.one/picons/super-baltic.png
super-one	Super One HD | Super One	https://iptvx.one/picons/super-one.png
super-pl2	Суббота! (+2) | Суббота (+2) HD | Суббота (+2) | Супер (+2) HD | Супер (+2)	https://iptvx.one/picons/subbota-pl2.png
super-pl4	Суббота! (+4) | Суббота (+4) HD | Суббота (+4) | Супер (+4) HD | Супер (+4)	https://iptvx.one/picons/subbota-pl4.png
super-pl7	Суббота! (+7) | Суббота (+7) HD | Суббота (+7) | Супер (+7) HD | Супер (+7)	https://iptvx.one/picons/subbota-pl7.png
super-plus	Super Plus | Super Plus HD | Супер+ | Супер+ HD	https://iptvx.one/picons/super-plus.png
super-polsat	Super Polsat [PL] | Super Polsat | Super Polsat HD	https://iptvx.one/picons/super-polsat.png
super-rtl-hd	Super RTL HD | Super RTL	https://iptvx.one/picons/super-rtl-hd.png
supermama	Супермама	https://iptvx.one/picons/supermama.png
superplus	Super+	https://iptvx.one/picons/superplus.png
supertennis	Super-Tennis | Super-Tennis HD | SuperTennis | SuperTennis HD	https://iptvx.one/picons/supertennis.png
supertv-kg	SuperTV [KG]	https://iptvx.one/picons/supertv-kg.png
surgut-24	Сургут 24	https://iptvx.one/picons/surgut-24.png
suspense	Suspense	https://iptvx.one/picons/suspense.png
suspilne-sport-ua	Суспільне Спорт	https://iptvx.one/picons/suspilne-sport-ua.png
svarozhichi	Сварожичи	https://iptvx.one/picons/svarozhichi.png
svetloe-tv	Светлое ТВ	https://iptvx.one/picons/svetloe-tv.png
svit-navyvorit-plus-ua	Світ навиворіт+	https://iptvx.one/picons/svit-navyvorit-plus-ua.png
svit-plus-ua	Світ+	https://iptvx.one/picons/svit-plus-ua.png
svoboda	Svoboda	https://iptvx.one/picons/svoboda.png
svoyo-tv-berezniki	Своё ТВ Березники	https://iptvx.one/picons/svoyo-tv-berezniki.png
svoyo-tv-stavropol	Своё ТВ Ставрополь	https://iptvx.one/picons/svoyo-tv-stavropol.png
swiss-sport-ch	Swiss Sport TV [CH]	https://iptvx.one/picons/swiss-sport-ch.png
syn-sport-1-is	SÝN Sport 1 | SÝN Sport	https://iptvx.one/picons/syn-sport-1-is.png
syn-sport-2-is	SÝN Sport 2	https://iptvx.one/picons/syn-sport-2-is.png
syn-sport-3-is	SÝN Sport 3	https://iptvx.one/picons/syn-sport-3-is.png
syn-sport-4-is	SÝN Sport 4	https://iptvx.one/picons/syn-sport-4-is.png
syn-sport-5-is	SÝN Sport 5	https://iptvx.one/picons/syn-sport-5-is.png
syn-sport-6-is	SÝN Sport 6	https://iptvx.one/picons/syn-sport-6-is.png
tabii-spor-tr	Tabii Spor [TR]	https://iptvx.one/picons/tabii-spor-tr.png
tagil-tv-24	Тагил-ТВ 24	https://iptvx.one/picons/tagil-tv-24.png
takt	Такт	https://iptvx.one/picons/takt.png
tamyr	Тамыр	https://iptvx.one/picons/tamyr.png
tancuj	Танцуй! HD | Танцуй! | Танцуй HD | Танцуй	https://iptvx.one/picons/tancuj.png
tararam	Тарарам!	https://iptvx.one/picons/tararam.png
taraz24-kz	Тараз 24 | Taraz 24	https://iptvx.one/picons/taraz24-kz.png
tatarstan24	Татарстан-24	https://iptvx.one/picons/tatarstan24.png
tavria	Таврия ТВ | Таврия	https://iptvx.one/picons/tavria.png
tayna	Тайна	https://iptvx.one/picons/tayna.png
tbn-armenia	TBN Armenia	https://iptvx.one/picons/tbn-armenia.png
tbn-ru	ТБН Россия	https://iptvx.one/picons/tbn-ru.png
tcb	ТСВ	https://iptvx.one/picons/tcb.png
tdk-42	ТДК 42 | ТДК-42	https://iptvx.one/picons/tdk-42.png
team-action	TEAM Action HD	https://iptvx.one/picons/team-action.png
team-action-neu	TEAM Action NEU HD	https://iptvx.one/picons/team-action-neu.png
team-actrions	TEAM Actions HD	https://iptvx.one/picons/team-actrions.png
team-advent	TEAM Advent HD	https://iptvx.one/picons/team-advent.png
team-adventure	TEAM Adventure HD	https://iptvx.one/picons/team-adventure.png
team-agatha	TEAM Agatha HD	https://iptvx.one/picons/team-agatha.png
team-anime	TEAM Anime HD	https://iptvx.one/picons/team-anime.png
team-antihero	TEAM AntiHero HD	https://iptvx.one/picons/team-antihero.png
team-back-90s	TEAM Back 90s HD	https://iptvx.one/picons/team-back-90s.png
team-bezsaxara	TEAM Без Сахара HD	https://iptvx.one/picons/team-bezsaxara.png
team-bigbang	TEAM Bigbang HD	https://iptvx.one/picons/team-bigbang.png
team-biography	TEAM Biography HD	https://iptvx.one/picons/team-biography.png
team-bollywood	TEAM Bollywood HD	https://iptvx.one/picons/team-bollywood.png
team-circus	TEAM CircusTV HD	https://iptvx.one/picons/team-circus.png
team-clinicx	TEAM ClinicX HD	https://iptvx.one/picons/team-clinicx.png
team-comedic	TEAM Comedic HD	https://iptvx.one/picons/team-comedic.png
team-comedy	TEAM Comedy HD	https://iptvx.one/picons/team-comedy.png
team-comedyclub	TEAM Comedy Club HD	https://iptvx.one/picons/team-comedyclub.png
team-crime	TEAM Crime24 HD	https://iptvx.one/picons/team-crime.png
team-csi	TEAM C.S.I. HD	https://iptvx.one/picons/team-csi.png
team-dark-neu	TEAM Dark NEU HD	https://iptvx.one/picons/team-dark-neu.png
team-darkverse	TEAM Darkverse HD	https://iptvx.one/picons/team-darkverse.png
team-detect	TEAM DetectTV HD	https://iptvx.one/picons/team-detect.png
team-doktorkto	TEAM Доктор Кто HD	https://iptvx.one/picons/team-doktorkto.png
team-drama	TEAM Drama HD	https://iptvx.one/picons/team-drama.png
team-drama-neu	TEAM Drama NEU HD	https://iptvx.one/picons/team-drama-neu.png
team-epoxa60	TEAM Эпоха 60 HD	https://iptvx.one/picons/team-epoxa60.png
team-epoxa70	TEAM Эпоха 70 HD	https://iptvx.one/picons/team-epoxa70.png
team-epoxa80	TEAM Эпоха 80 HD	https://iptvx.one/picons/team-epoxa80.png
team-erwtoons-tv	TEAM ErwToons TV HD	https://iptvx.one/picons/team-erwtoons-tv.png
team-family	TEAM Family HD	https://iptvx.one/picons/team-family.png
team-fantasy	TEAM Fantasy HD	https://iptvx.one/picons/team-fantasy.png
team-friendshow	TEAM Friendshow HD	https://iptvx.one/picons/team-friendshow.png
team-funbox	TEAM Funbox HD	https://iptvx.one/picons/team-funbox.png
team-got	TEAM Game Of Thrones HD	https://iptvx.one/picons/team-got.png
team-horror	TEAM Horror HD	https://iptvx.one/picons/team-horror.png
team-kinozeit	TEAM KinoZeit HD	https://iptvx.one/picons/team-kinozeit.png
team-klinikzeit	TEAM KlinikZeit HD	https://iptvx.one/picons/team-klinikzeit.png
team-krimi	TEAM Krimi HD	https://iptvx.one/picons/team-krimi.png
team-marvel	TEAM Marvel HD	https://iptvx.one/picons/team-marvel.png
team-maszaplus	TEAM МашаПлюс HD	https://iptvx.one/picons/team-maszaplus.png
team-mediktv	TEAM MedikTV HD	https://iptvx.one/picons/team-mediktv.png
team-miasnikov	TEAM Мясников HD	https://iptvx.one/picons/team-miasnikov.png
team-mini	TEAM Mini HD	https://iptvx.one/picons/team-mini.png
team-multarium	TEAM Мультариум HD	https://iptvx.one/picons/team-multarium.png
team-musagaliev	TEAM Мусагалиев HD	https://iptvx.one/picons/team-musagaliev.png
team-muzloft	TEAM Muzloft HD	https://iptvx.one/picons/team-muzloft.png
team-mystery	TEAM Mystery HD	https://iptvx.one/picons/team-mystery.png
team-mystix	TEAM Mystix HD	https://iptvx.one/picons/team-mystix.png
team-nauchdoc	TEAM НаучДок HD	https://iptvx.one/picons/team-nauchdoc.png
team-neujahr	TEAM Neujahr HD	https://iptvx.one/picons/team-neujahr.png
team-new-year	TEAM New Year HD	https://iptvx.one/picons/team-new-year.png
team-newmovie	TEAM NewMovie HD	https://iptvx.one/picons/team-newmovie.png
team-newtoons	TEAM NewToons HD	https://iptvx.one/picons/team-newtoons.png
team-nextgen	TEAM NextGen HD	https://iptvx.one/picons/team-nextgen.png
team-pelmeni	TEAM Пельмени HD	https://iptvx.one/picons/team-pelmeni.png
team-podvig	TEAM Подвиг HD	https://iptvx.one/picons/team-podvig.png
team-pogovorit	TEAM Поговорить HD	https://iptvx.one/picons/team-pogovorit.png
team-retro	TEAM RetroTV HD	https://iptvx.one/picons/team-retro.png
team-romance	TEAM Romance HD	https://iptvx.one/picons/team-romance.png
team-ruadvent	TEAM RuAdvent HD	https://iptvx.one/picons/team-ruadvent.png
team-rucomedy	TEAM RuComedy HD	https://iptvx.one/picons/team-rucomedy.png
team-rudetect	TEAM RuDetectTV HD	https://iptvx.one/picons/team-rudetect.png
team-rufamily	TEAM RuFamily HD	https://iptvx.one/picons/team-rufamily.png
team-rukino	TEAM RuKino HD	https://iptvx.one/picons/team-rukino.png
team-ruserial	TEAM RuSerial HD	https://iptvx.one/picons/team-ruserial.png
team-scifi	TEAM SciFi HD	https://iptvx.one/picons/team-scifi.png
team-serie-komodie	TEAM Serie Komodie HD	https://iptvx.one/picons/team-serie-komodie.png
team-serie-tatort	TEAM Serie Tatort HD	https://iptvx.one/picons/team-serie-tatort.png
team-simpsony	TEAM Симпсоны HD	https://iptvx.one/picons/team-simpsony.png
team-skazhy	TEAM Скажи HD	https://iptvx.one/picons/team-skazhy.png
team-sled	TEAM След	https://iptvx.one/picons/team-sled.png
team-spaceopera	TEAM Spaceopera HD	https://iptvx.one/picons/team-spaceopera.png
team-sportkino	TEAM SportKino HD	https://iptvx.one/picons/team-sportkino.png
team-startreck	TEAM StarTrek HD	https://iptvx.one/picons/team-startreck.png
team-starwars	TEAM StarWars HD	https://iptvx.one/picons/team-starwars.png
team-thriller	TEAM Thriller HD	https://iptvx.one/picons/team-thriller.png
team-toons	TEAM Toons HD	https://iptvx.one/picons/team-toons.png
team-trseries	TEAM TRSeries HD	https://iptvx.one/picons/team-trseries.png
team-varlamov	TEAM Варламов HD	https://iptvx.one/picons/team-varlamov.png
team-vdud	TEAM вДудь HD	https://iptvx.one/picons/team-vdud.png
team-woman	TEAM Woman HD	https://iptvx.one/picons/team-woman.png
team-wseries	TEAM WSeries HD	https://iptvx.one/picons/team-wseries.png
team-zatajnami	TEAM За Тайнами HD	https://iptvx.one/picons/team-zatajnami.png
team-zauberzeit	TEAM ZauberZeit HD	https://iptvx.one/picons/team-zauberzeit.png
team-znaj-nashix	TEAM Знай Наших HD	https://iptvx.one/picons/team-znaj-nashix.png
teatr	Театр | Театр HD	https://iptvx.one/picons/teatr.png
tele5	Tele 5 | Tele 5 HD	https://iptvx.one/picons/tele5.png
teledeporte-es	Teledeporte [ES]	https://iptvx.one/picons/teledeporte-es.png
teledom	Теледом | Теледом HD	https://iptvx.one/picons/teledom.png
telekafe	Телекафе	https://iptvx.one/picons/telekafe.png
telekanal-naronoj-muzyki	Телеканал народной музыки | Народная музыка	https://iptvx.one/picons/telekanal-naronoj-muzyki.png
telekon24-nt	Телекон 24 (Нижний Тагил)	https://iptvx.one/picons/telekon24-nt.png
telemiks	Телемикс	https://iptvx.one/picons/telemiks.png
teleputeshestvia	Телепутешествия HD | Телепутешествия	https://iptvx.one/picons/teleputeshestvia.png
teletoon-pl	TeleToon+ HD | TeleToon+ | TeleToon+ [PL]	https://iptvx.one/picons/teletoon-pl.png
televsesvit	Телевсесвіт | Телевсесвіт HD	https://iptvx.one/picons/televsesvit.png
temptation-tv	Temptation TV	https://iptvx.one/picons/temptation-tv.png
tennis-cnl-us	Tennis Channel [US]	https://iptvx.one/picons/tennis-cnl-us.png
teotv	Тео ТВ | Тео-ТВ | ТеоТВ	https://iptvx.one/picons/teotv.png
ternopil1	Тернопіль 1 | Тернополь 1	https://iptvx.one/picons/ternopil1.png
terra	Терра | Тера	https://iptvx.one/picons/tera.png
terra-inkognita	Терра Инкогнита	https://iptvx.one/picons/terra-inkognita.png
terra-ru	Terra	https://iptvx.one/picons/terra-ru.png
tet-ua	ТЕТ | ТЕТ HD	https://iptvx.one/picons/tet.png
teve2hd	Teve2 HD | Teve2 HD TR	https://iptvx.one/picons/teve2hd.png
texno-24	Т24 | 24 Техно | Техно 24	https://iptvx.one/picons/texno-24.png
thats-70-uk	that's 70s [UK]	https://iptvx.one/picons/thats-70-uk.png
thats-80-uk	that's 80s [UK]	https://iptvx.one/picons/thats-80-uk.png
thats-90s00s-uk	that's 90s00s [UK]	https://iptvx.one/picons/thats-90s00s-uk.png
thats-rock-uk	that's Rock [UK]	https://iptvx.one/picons/thats-rock-uk.png
the-country-ntwrk-us	The Country Network [US]	https://iptvx.one/picons/the-country-ntwrk-us.png
the-explorers	The Explorers | The Explorers HD	https://iptvx.one/picons/the-explorers.png
the-fishing-hunting	The Fishing and Hunting	https://iptvx.one/picons/the-fishing-hunting.png
the-voice-bg	The Voice BG	https://iptvx.one/picons/the-voice-bg.png
thriller-hd	Thriller HD	https://iptvx.one/picons/thriller-hd.png
tiji	TiJi	https://iptvx.one/picons/tiji.png
timeless-dizi	Timeless Dizi Channel | Timeless Dizi Channel HD	https://iptvx.one/picons/timeless-dizi.png
tiny4k	Tiny4k UHD	https://iptvx.one/picons/tiny4k.png
tiptop	ТипТоп | Тип-Топ	https://iptvx.one/picons/tiptop.png
tivibu-spor	Tivibu Spor [TR]	https://iptvx.one/picons/tivibu-spor.png
tivibu-spor-1	Tivibu Spor 1 [TR]	https://iptvx.one/picons/tivibu-spor-1.png
tivibu-spor-2	Tivibu Spor 2 [TR]	https://iptvx.one/picons/tivibu-spor-2.png
tivibu-spor-3	Tivibu Spor 3 [TR]	https://iptvx.one/picons/tivibu-spor-3.png
tivibu-spor-4	Tivibu Spor 4 [TR]	https://iptvx.one/picons/tivibu-spor-4.png
tivikom	Тивиком | Тивиком HD	https://iptvx.one/picons/tivikom.png
tivisi-hd	ТиВиСи HD	https://iptvx.one/picons/tivisi-hd.png
tk-variant	ТК Вариант	https://iptvx.one/picons/tk-variant.png
tlc	TLC | TLC Россия | TLC Россия HD | TLC HD | TLC Pan Regional	https://iptvx.one/picons/tlc.png
tlc-blk	TLC Balkans | TLC (Болгария) | TLC HD BG | TLC BG | TLC HD Balkans	https://iptvx.one/picons/tlc.png
tlc-pl	TLC [PL] | TLC HD [PL]	https://iptvx.one/picons/tlc.png
tlc-tr	TLC TR | TLC HD TR	https://iptvx.one/picons/tlc-tr.png
tmtv	TMTV	https://iptvx.one/picons/tmtv.png
tnr24-nv	ТНР 24 (Нижневартовск)	https://iptvx.one/picons/tnr24-nv.png
tnt	ТНТ | ТНТ HD	https://iptvx.one/picons/tnt.png
tnt-bravo-moldova	Exclusiv TV [MD] | ТНТ Exclusiv TV [MD] | ТНТ Bravo [MD]	https://iptvx.one/picons/tnt-excl.png
tnt-comedy-de	TNT Comedy	https://iptvx.one/picons/tnt-comedy-de.png
tnt-film-de	TNT Film	https://iptvx.one/picons/tnt-film-de.png
tnt-int-by	ТНТ-International (Беларусь) | ТНТ-International HD (Беларусь)	https://iptvx.one/picons/tnt-int-by.png
tnt-int-cis	ТНТ-International (СНГ) | ТНТ-International HD (СНГ)	https://iptvx.one/picons/tnt-int-cis.png
tnt-int-eu	ТНТ-International (Европа) | ТНТ-International HD (Европа)	https://iptvx.one/picons/tnt-int-eu.png
tnt-kyrg-kg	ТНТ Кыргызстан [KG]	https://iptvx.one/picons/tnt-kyrg-kg.png
tnt-kz	ТНТ KZ	https://iptvx.one/picons/tnt-kz.png
tnt-music	ТНТ-Music | FON music | ТНТ Music | ТНТ-Music HD | ТНТ Music HD	https://iptvx.one/picons/tnt-music.png
tnt-pl2	ТНТ (+2) | ТНТ HD (+2)	https://iptvx.one/picons/tnt-pl2.png
tnt-pl3	ТНТ (+3) | ТНТ HD (+3)	https://iptvx.one/picons/tnt-pl3.png
tnt-pl4	ТНТ (+4) | ТНТ HD (+4)	https://iptvx.one/picons/tnt-pl4.png
tnt-pl7	ТНТ (+7) | ТНТ HD (+7)	https://iptvx.one/picons/tnt-pl7.png
tnt-serie-de	TNT Serie	https://iptvx.one/picons/tnt-serie-de.png
tnt-sports-prem-ar	TNT Sports Premium HD [AR] | TNT Sports Premium [AR]	https://iptvx.one/picons/tnt-sports-prem-ar.png
tnt4	ТНТ4 | ТНТ 4 | ТНТ4 HD | ТНТ 4 HD	https://iptvx.one/picons/tnt4.png
tnt4-international	ТНТ4 International | ТНТ4 Int	https://iptvx.one/picons/tnt4.png
tnt4-pl2	ТНТ4 (+2)	https://iptvx.one/picons/tnt4-pl2.png
tnt4-pl4	ТНТ4 (+4)	https://iptvx.one/picons/tnt4-pl4.png
tnt4-pl6	ТНТ4 (+6)	https://iptvx.one/picons/tnt4-pl6.png
tnt4-pl7	ТНТ4 (+7)	https://iptvx.one/picons/tnt4-pl7.png
tnv	ТНВ | ТНВ-Татарстан | ТНВ Татарстан	https://iptvx.one/picons/tnv-tat.png
tnv-planeta	ТНВ-Планета	https://iptvx.one/picons/tnv.png
tochka-otryva	Точка отрыва | Точка отрыва HD	https://iptvx.one/picons/tochka-otryva.png
tochka-tv	Точка | Точка ТВ	https://iptvx.one/picons/tochka-tv.png
tolk	Толк	https://iptvx.one/picons/tolk.png
tolpartv	Толпар-ТВ (Уфа) | Толпар-ТВ	https://iptvx.one/picons/tolpartv.png
tolyatti24	Тольятти 24	https://iptvx.one/picons/tolyatti24.png
tomskoe-vremia	Томское время	https://iptvx.one/picons/tomskoe-vremia.png
tonus-tv	Тонус ТВ | Здоровье	https://iptvx.one/picons/tonus-tv.png
tooku	Тооку	https://iptvx.one/picons/tooku.png
top-movies-polska	Top Movies Polska | Rakuten TV - Top Movies Polska	https://iptvx.one/picons/top-movies-polska.png
top-shop-tv	Top Shop TV	https://iptvx.one/picons/top-shop-tv.png
toshkent-uz	Toshkent [UZ]	https://iptvx.one/picons/toshkent-uz.png
toy-duman	Той Думан	https://iptvx.one/picons/toy-duman.png
toya-pl	TOYA [PL]	https://iptvx.one/picons/toya-pl.png
trace-brasil	Trace Brasil	https://iptvx.one/picons/trace-brasil.png
trace-carib-fr	Trace Caribbean [FR]	https://iptvx.one/picons/trace-carib-fr.png
trace-gospel-fr	Trace Gospel [FR]	https://iptvx.one/picons/trace-gospel-fr.png
trace-latina-fr	Trace Latina [FR]	https://iptvx.one/picons/trace-latina-fr.png
trace-sport-stars	Trace Sport Stars | Trace Sport Stars HD	https://iptvx.one/picons/trace-sport-stars.png
trace-sport-stars-ru	Trace Sport Stars [RU]	https://iptvx.one/picons/trace-sport-stars-ru.png
trace-toca-pt	Trace Toca [PT]	https://iptvx.one/picons/trace-toca-pt.png
trace-urban	Trace Urban | Trace Urban HD	https://iptvx.one/picons/trace-urban.png
trace-urban-fr	Trace Urban [FR]	https://iptvx.one/picons/trace-urban-fr.png
trace-vanilla-fr	Trace Vanilla [FR]	https://iptvx.one/picons/trace-vanilla-fr.png
trashtv	Trash | Trash TV	https://iptvx.one/picons/trashtv.png
travel-adventure	Travel+Adventure | Travel+Adventure HD	https://iptvx.one/picons/travel-adventure.png
travel-and-adventure	Travel&Adventure | Travel&Adventure HD | Travel&Food | Travel&Food HD	https://iptvx.one/picons/travel-and-adventure.png
travel-channel	Travel Channel | Travel Channel HD | Travel Channel Europe | Travel Channel Europe HD | Travel Channel Европа HD	https://iptvx.one/picons/travel-channel.png
travel-channel-pl	Travel Channel [PL] | Travel Channel HD [PL]	https://iptvx.one/picons/travel-channel.png
travel-guide-tv	Travel Guide-TV | Travel Guide-TV HD	https://iptvx.one/picons/travel-guide-tv.png
travel-xp-4k	Travel XP 4K | TravelXP 4K	https://iptvx.one/picons/travel-xp-4k.png
travel-xp-hd	Travel XP HD | TravelXP HD	https://iptvx.one/picons/travel-xp-hd.png
treti-cifrovoj	Третий Цифровой | 3 Цифровий	https://iptvx.one/picons/treti-cifrovoj.png
tri-angela	Три Ангела	https://iptvx.one/picons/tri-angela.png
tring-sport-1-al	Tring Sport 1 [AL]	https://iptvx.one/picons/tring-sport-1-al.png
tring-sport-2-al	Tring Sport 2 [AL]	https://iptvx.one/picons/tring-sport-2-al.png
tring-sport-3-al	Tring Sport 3 [AL]	https://iptvx.one/picons/tring-sport-3-al.png
trk-chernivci	ТРК Чернівці | ТРК Черновцы | C4	https://iptvx.one/picons/trk-chernivci.png
trk-ryazan	ТКР Рязань | ТРК Рязань	https://iptvx.one/picons/trk-ryazan.png
trk-yugansk	ТРК Юганск	https://iptvx.one/picons/trk-yugansk.png
tro	Союзный | БелРос HD | ТРО	https://iptvx.one/picons/belros.png
trofey	Трофей | Трофей HD	https://iptvx.one/picons/trofey.png
trt-1-hd	TRT 1 HD	https://iptvx.one/picons/trt-1-hd.png
trt-2-hd	TRT 2 HD | TRT 2	https://iptvx.one/picons/trt-2-hd.png
trt-3-hd	TRT 3 HD | TRT Spor | TRT Spor HD	https://iptvx.one/picons/trt-3-hd.png
trt-avaz	TRT Avaz [TR] | TRT Avaz HD [TR]	https://iptvx.one/picons/trt-avaz.png
trt-cocuk-tr	TRT Çocuk [TR]	https://iptvx.one/picons/trt-cocuk-tr.png
trt-haber-hd	TRT Haber HD	https://iptvx.one/picons/trt-haber-hd.png
trt-muzik-tr	TRT MÜZİK [TR]	https://iptvx.one/picons/trt-muzik-tr.png
trt-spor-yild-tr	TRT Spor Yıldız [TR]	https://iptvx.one/picons/trt-spor-yild-tr.png
trt-turk-tr	TRT Türk [TR]	https://iptvx.one/picons/trt-turk-tr.png
trt4k-tr	TRT 4K [TR]	https://iptvx.one/picons/trt4k-tr.png
trwam-pl	TV Trwam [PL]	https://iptvx.one/picons/trwam-pl.png
tsn1-ca	TSN1	https://iptvx.one/picons/tsn1-ca.png
tsn2-ca	TSN2	https://iptvx.one/picons/tsn2-ca.png
tsn24-tula	ТСН 24 (Тула)	https://iptvx.one/picons/tsn24-tula.png
tsn3-ca	TSN3	https://iptvx.one/picons/tsn3-ca.png
tsn4-ca	TSN4	https://iptvx.one/picons/tsn4-ca.png
tsn5-ca	TSN5	https://iptvx.one/picons/tsn5-ca.png
tst-cheremchovo	ТСТ (Черемхово)	https://iptvx.one/picons/tst-cheremchovo.png
ttv-pl	TTV [PL] | TTV HD [PL]	https://iptvx.one/picons/ttv-pl.png
tuapse24	Туапсе 24 | Туапсе24	https://iptvx.one/picons/tuapse24.png
tugan-tel	Туган Тел | Туган Тел HD	https://iptvx.one/picons/tugan-tel.png
tumar-kg	Тумар [KG]	https://iptvx.one/picons/tumar-kg.png
tumenskoe-vremia	Тюменское время	https://iptvx.one/picons/tumenskoe-vremia.png
turan-tv	Туран ТВ	https://iptvx.one/picons/turan-tv.png
turkistan	Turkistan | Туркестан	https://iptvx.one/picons/turkistan.png
turksaat	Турк Сааҭ	https://iptvx.one/picons/turksaat.png
tuso	Тюсо | Tuso	https://iptvx.one/picons/tuso.png
tuva24	Тува 24	https://iptvx.one/picons/tuva24.png
tv-brics	TV BRICS	https://iptvx.one/picons/tv-brics.png
tv-extra	TV Extra | TV Extra HD	https://iptvx.one/picons/tv-extra.png
tv-guberniya	TV Губерния	https://iptvx.one/picons/tv-guberniya.png
tv-in	ТВ-ИН (Магнитогорск)	https://iptvx.one/picons/tv-in.png
tv-okazje-pl	TV Okazje [PL]	https://iptvx.one/picons/tv-okazje-pl.png
tv-puls	TV Puls | TV Puls HD | TV Puls [PL]	https://iptvx.one/picons/tv-puls.png
tv-puls2	TV Puls 2 | TV Puls 2 HD | TV Puls 2 [PL]	https://iptvx.one/picons/tv-puls2.png
tv-rus	TV RUS	https://iptvx.one/picons/tv-rus.png
tv-rus-plus	TV RUS+	https://iptvx.one/picons/tv-rus-plus.png
tv1-cinemastan-kg	TV1.KG Cinemastan [KG] | TV1 Cinemastan [KG]	https://iptvx.one/picons/tv1-cinemastan-kg.png
tv1-kg-hd	TV1 KG HD [KG] | TV1.KG Bishkek city [KG] | TV1 Bishkek city [KG]	https://iptvx.one/picons/tv1-kg-hd.png
tv1-lt	TV1 | TV1 (Литва)	https://iptvx.one/picons/tv1-lt.png
tv1000	viju TV1000 | viju TV1000 HD | TV1000 East | TV 1000 East | TV1000 HD | TV 1000 HD | TV 1000 | TV1000	https://iptvx.one/picons/tv1000.png
tv1000-action	viju TV1000 Action | viju TV1000 Action HD | TV1000 Action East | TV 1000 Action East | TV1000 Action HD | TV 1000 Action HD | TV 1000 Action | TV1000 Action	https://iptvx.one/picons/tv1000-action.png
tv1000-action-cee	Viasat Kino Action | Viasat Kino Action HD | TV1000 Action CEE | TV1000 Action CEE HD | TV 1000 Action CEE | TV 1000 Action CEE HD	https://iptvx.one/picons/tv1000-action-cee.png
tv1000-cee	Viasat Kino | Viasat Kino HD | TV1000 CEE | TV 1000 CEE | TV1000 CEE HD | TV 1000 CEE HD	https://iptvx.one/picons/tv1000-cee.png
tv1000-globalkino	TV1000 Global Kino | TV 1000 Global Kino	https://iptvx.one/picons/tv1000-globalkino.png
tv1000-premium	Go3 Films | TV3 Film | TV3 Film HD | TV1000 Premium | TV1000 Premium HD | TV 1000 Premium HD | TV 1000 Premium | TV1000 Premium Baltic | TV1000 Premium Baltic HD | Viasat TV1000 Premium | TV1000 Premium Scandinavia	https://iptvx.one/picons/tv1000-premium.png
tv1000-russkoe-kino	viju TV1000 Русское | viju TV1000 Русское HD | viju TV1000 Русское кино | viju TV1000 Русское кино HD | TV1000 Русское кино | TV1000 Русское кино HD | TV 1000 Русское кино | TV 1000 Русское кино HD	https://iptvx.one/picons/tv1000-russkoe-kino.png
tv1000-worldkino	Viasat Kino World | Viasat Kino World HD | TV1000 World Kino | TV 1000 World Kino | TV1000 Русское кино Международный | TV 1000 Русское кино International | TV1000 Русское кино International	https://iptvx.one/picons/tv1000-worldkino.png
tv15-kg	TV 15 [KG]	https://iptvx.one/picons/tv15-kg.png
tv2-sport-x-dk	TV2 Sport X [DK] | TV 2 Sport X [DK]	https://iptvx.one/picons/tv2-sport-x-dk.png
tv2-sport1-no	TV 2 Sport 1 [NO] | TV2 Sport 1 [NO]	https://iptvx.one/picons/tv2-sport1-no.png
tv2-sport2-no	TV 2 Sport 2 [NO] | TV2 Sport 2 [NO]	https://iptvx.one/picons/tv2-sport2-no.png
tv21m	ТВ-21M	https://iptvx.one/picons/tv21m.png
tv21plus	ТВ-21+	https://iptvx.one/picons/tv21plus.png
tv3-by	ТВ3 Беларусь | ТВ3-Беларусь | ТВ-3 Беларусь	https://iptvx.one/picons/tv3-by.png
tv3-ee	TV3 EE | TV3 Эстония | TV3 HD Эстония	https://iptvx.one/picons/tv3-ee.png
tv3-int	ТВ3 International | ТВ-3 International	https://iptvx.one/picons/tv3-int.png
tv3-lt	TV3 LT | TV3 Литва	https://iptvx.one/picons/tv3-lt.png
tv3-lv	TV3 LV | TV3 Латвия	https://iptvx.one/picons/tv3-lv.png
tv3-plus-lt	TV3 Plus [LT] | TV3 Plus (Литва) | 3+ [LT]	https://iptvx.one/picons/tv3-plus-lt.png
tv3-ru	ТВ3 | ТВ-3 | ТВ3 HD | ТВ-3 HD	https://iptvx.one/picons/tv3-ru.png
tv3-ru-pl2	ТВ3 (+2) | ТВ-3 (+2)	https://iptvx.one/picons/tv3-ru-pl2.png
tv3-ru-pl3	ТВ3 (+3) | ТВ-3 (+3)	https://iptvx.one/picons/tv3-ru-pl3.png
tv3-ru-pl4	ТВ3 (+4) | ТВ-3 (+4)	https://iptvx.one/picons/tv3-ru-pl4.png
tv3-ru-pl7	ТВ3 (+7) | ТВ-3 (+7)	https://iptvx.one/picons/tv3-ru-pl7.png
tv3-sport-3	TV3 Sport 3 | TV3 Sport 3 HD | Go3 Sport 3	https://iptvx.one/picons/tv3-sport-3.png
tv3-sport-dk	TV3 Sport [DK] | TV 3 Sport [DK]	https://iptvx.one/picons/tv3-sport-dk.png
tv3-sport-open	TV3 Sport Open | TV3 Sport Open HD | TV3 Sport Open [LT] | Go3 Sport Open	https://iptvx.one/picons/tv3-sport-open.png
tv4-lv	TV4 (Латвия)	https://iptvx.one/picons/tv4-lv.png
tv4-pl	TV4 [PL] | TV4 HD [PL]	https://iptvx.one/picons/tv4-pl.png
tv4-tennis-se	TV4 Tennis [SE]	https://iptvx.one/picons/tv4-tennis-se.png
tv4-ternopil	TV-4 (Тернопіль) | TV-4 (Тернополь)	https://iptvx.one/picons/tv4-ternopil.png
tv5-monde	TV5 Monde Europe | TV5 Monde	https://iptvx.one/picons/tv5-monde.png
tv538-nl	TV538 [NL]	https://iptvx.one/picons/tv538-nl.png
tv6-ee	TV6 EE | TV6 Эстония	https://iptvx.one/picons/tv6-ee.png
tv6-lt	TV6 LT | TV6 Литва	https://iptvx.one/picons/tv6-lt.png
tv6-lv	TV6 LV | TV6 Латвия	https://iptvx.one/picons/tv6-lv.png
tv6-pl	TV6 [PL] | TV6 HD [PL]	https://iptvx.one/picons/tv6-pl.png
tv7-abakan	ТВ-7 Абакан	https://iptvx.one/picons/tv7-abakan.png
tv8-lt	TV8 [LT] | TV8 (Литва)	https://iptvx.one/picons/tv8-lt.png
tv8-md	TV8 Moldova | TV8 MD	https://iptvx.one/picons/tv8-md.png
tv8-tr	TV8 HD TR | TV8 TR	https://iptvx.one/picons/tv8-tr.png
tv85-tr	TV 8.5 [TR] | TV 8.5 HD [TR]	https://iptvx.one/picons/tv85-tr.png
tv999-bg	TV999 [BG]	https://iptvx.one/picons/tv999-bg.png
tva-ua	ТВА	https://iptvx.one/picons/tva-ua.png
tvboomvip	TVBoom.VIP	https://iptvx.one/picons/tvboomvip.png
tvc-21	TVC 21	https://iptvx.one/picons/tvc-21.png
tvcentr	ТВ Центр | ТВЦ	https://iptvx.one/picons/tvcentr.png
tvcentr-pl2	ТВ Центр +2	https://iptvx.one/picons/tvcentr-pl2.png
tvcentr-pl4	ТВ Центр +4	https://iptvx.one/picons/tvcentr-pl4.png
tvcentr-pl7	ТВ Центр +7	https://iptvx.one/picons/tvcentr-pl7.png
tvci	ТВ Центр International | ТВ Центр Int | ТВ Центр Международный | TVCI	https://iptvx.one/picons/tvci.png
tverskoy-prospekt	Тверской проспект	https://iptvx.one/picons/tverskoy-prospekt.png
tvij-serial	Твiй серiал	https://iptvx.one/picons/tvij-serial.png
tvk-krasnoyarsk	ТВК6 Красноярск | ТВК Красноярск	https://iptvx.one/picons/tvk-krasnoyarsk.png
tvm3-ch	TVM3 [CH]	https://iptvx.one/picons/tvm3-ch.png
tvmchannel	TVMChannel | TVM Channel	https://iptvx.one/picons/tvmchannel.png
tvn-fabula-pl	TVN Fabuła HD | TVN Fabula | TVN Fabuła HD | TVN Fabula	https://iptvx.one/picons/tvn-fabula-pl.png
tvn-pl	TVN HD | TVN	https://iptvx.one/picons/tvn-pl.png
tvn-style-pl	TVN Style HD | TVN Style	https://iptvx.one/picons/tvn-style-pl.png
tvn-turbo-pl	TVN Turbo HD | TVN Turbo	https://iptvx.one/picons/tvn-turbo-pl.png
tvn24-bis-pl	TVN 24 BiS HD | TVN 24 BiS | TVN24 BiS HD | TVN24 BiS	https://iptvx.one/picons/tvn24-bis-pl.png
tvn24-pl	TVN 24 HD | TVN 24 | TVN24 HD | TVN24	https://iptvx.one/picons/tvn24-pl.png
tvn7-pl	TVN 7 HD | TVN 7	https://iptvx.one/picons/tvn7-pl.png
tvoetv-humor	Твоё ТВ - Юмор | Твое ТВ - Юмор	https://iptvx.one/picons/tvoetv-humor.png
tvoje-kino-action	Твоє кіно. Action	https://iptvx.one/picons/tvoje-kino-action.png
tvoje-kino-relax	Твоє кіно. Relax	https://iptvx.one/picons/tvoje-kino-relax.png
tvoje-kino-xit	Твоє кіно. Хіт	https://iptvx.one/picons/tvoje-kino-xit.png
tvoya-tumen	TVоя Тюмень	https://iptvx.one/picons/tvoya-tumen.png
tvoyo-tv-hd	Твоё ТВ HD | Твое ТВ HD	https://iptvx.one/picons/tvoyo-tv-hd.png
tvoyo-tv-kz	Твоё ТВ Казахстан	https://iptvx.one/picons/tvoyo-tv-kz.png
tvp-abc	TVP ABC [PL] | TVP ABC HD	https://iptvx.one/picons/tvp-abc.png
tvp-dokument	TVP Dokument [PL] | TVP Dokument HD	https://iptvx.one/picons/tvp-dokument.png
tvp-hd	TVP HD [PL] | TVP HD	https://iptvx.one/picons/tvp-hd.png
tvp-historia	TVP Historia [PL] | TVP Historia HD	https://iptvx.one/picons/tvp-historia.png
tvp-historia2-pl	TVP Historia 2 [PL]	https://iptvx.one/picons/tvp-historia2-pl.png
tvp-info	TVP Info [PL] | TVP Info HD | TVP-Info | TVP-Info HD	https://iptvx.one/picons/tvp-info.png
tvp-kobieta	TVP Kobieta [PL] | TVP Kobieta HD	https://iptvx.one/picons/tvp-kobieta.png
tvp-kultura	TVP Kultura [PL] | TVP Kultura HD	https://iptvx.one/picons/tvp-kultura.png
tvp-kultura-2	TVP Kultura 2 [PL] | TVP Kultura 2 HD	https://iptvx.one/picons/tvp-kultura-2.png
tvp-nauka	TVP Nauka [PL] | TVP Nauka HD	https://iptvx.one/picons/tvp-nauka.png
tvp-polonia	TVP Polonia [PL] | TVP Polonia HD	https://iptvx.one/picons/tvp-polonia.png
tvp-rozrywka	TVP Rozrywka [PL] | TVP Rozrywka HD	https://iptvx.one/picons/tvp-rozrywka.png
tvp-seriale	TVP Seriale [PL] | TVP Seriale HD	https://iptvx.one/picons/tvp-seriale.png
tvp-sport	TVP Sport [PL] | TVP Sport HD	https://iptvx.one/picons/tvp-sport.png
tvp-wilno-pl	TVP Wilno [PL]	https://iptvx.one/picons/tvp-wilno-pl.png
tvp-world	TVP World [PL] | TVP World HD	https://iptvx.one/picons/tvp-world.png
tvp1	TVP 1 [PL] | TVP1 | TVP 1 HD | TVP1 HD	https://iptvx.one/picons/tvp1.png
tvp2	TVP 2 [PL] | TVP2 | TVP 2 HD | TVP2 HD	https://iptvx.one/picons/tvp2.png
tvp3	TVP 3 [PL] | TVP3 | TVP 3 HD | TVP3 HD	https://iptvx.one/picons/tvp3.png
tvp3-bialystok-pl	TVP 3 Białystok [PL]	https://iptvx.one/picons/tvp3-bialystok-pl.png
tvp3-bydgoszcz-pl	TVP 3 Bydgoszcz [PL]	https://iptvx.one/picons/tvp3-bydgoszcz-pl.png
tvp3-gdansk-pl	TVP 3 Gdańsk [PL]	https://iptvx.one/picons/tvp3-gdansk-pl.png
tvp3-gorzow-pl	TVP 3 Gorzów Wielkopolski [PL]	https://iptvx.one/picons/tvp3-gorzow-pl.png
tvp3-katowice-pl	TVP 3 Katowice [PL]	https://iptvx.one/picons/tvp3-katowice-pl.png
tvp3-kielce-pl	TVP 3 Kielce [PL]	https://iptvx.one/picons/tvp3-kielce-pl.png
tvp3-krakow-pl	TVP 3 Kraków [PL]	https://iptvx.one/picons/tvp3-krakow-pl.png
tvp3-lodz-pl	TVP 3 Łódź [PL]	https://iptvx.one/picons/tvp3-lodz-pl.png
tvp3-lublin-pl	TVP 3 Lublin [PL]	https://iptvx.one/picons/tvp3-lublin-pl.png
tvp3-olsztyn-pl	TVP 3 Olsztyn [PL]	https://iptvx.one/picons/tvp3-olsztyn-pl.png
tvp3-opole-pl	TVP 3 Opole [PL]	https://iptvx.one/picons/tvp3-opole-pl.png
tvp3-poznan-pl	TVP 3 Poznań [PL]	https://iptvx.one/picons/tvp3-poznan-pl.png
tvp3-rzeszow-pl	TVP 3 Rzeszów [PL]	https://iptvx.one/picons/tvp3-rzeszow-pl.png
tvp3-szczecin-pl	TVP 3 Szczecin [PL]	https://iptvx.one/picons/tvp3-szczecin-pl.png
tvp3-wars	TVP 3 Warszawa [PL] | TVP 3 Warszawa HD | TVP3 Warszawa | TVP3 Warszawa HD	https://iptvx.one/picons/tvp3-wars.png
tvp3-wro	TVP 3 Wrocław [PL] | TVP 3 Wrocław HD | TVP3 Wrocław | TVP3 Wrocław HD	https://iptvx.one/picons/tvp3-wro.png
tvplay-6kadrov	TVPlay 6 Кадров	https://iptvx.one/picons/tvplay-6kadrov.png
tvplay-alf	TVPlay Альф	https://iptvx.one/picons/tvplay-alf.png
tvplay-animehd	TVPlay Аниме HD	https://iptvx.one/picons/tvplay-animehd.png
tvplay-avtorskiyperevod	TVPlay Авторский перевод	https://iptvx.one/picons/tvplay-avtorskiyperevod.png
tvplay-balabanovhd	TVPlay Балабанов	https://iptvx.one/picons/tvplay-balabanovhd.png
tvplay-biografii	TVPlay Биографии	https://iptvx.one/picons/tvplay-biografii.png
tvplay-buffyistrebitelnicavampirovhd	TVPlay Баффи HD	https://iptvx.one/picons/tvplay-buffyistrebitelnicavampirovhd.png
tvplay-daneliya	TVPlay Данелия	https://iptvx.one/picons/tvplay-daneliya.png
tvplay-dccomics	TVPlay DCComics HD	https://iptvx.one/picons/tvplay-dccomics.png
tvplay-detskoekino	TVPlay Детское Кино HD	https://iptvx.one/picons/tvplay-detskoekino.png
tvplay-druzyahd	TVPlay Друзья HD	https://iptvx.one/picons/tvplay-druzyahd.png
tvplay-elenrebiata	TVPlay Элен и ребята	https://iptvx.one/picons/tvplay-elenrebiata.png
tvplay-eralash	TVPlay Ералаш	https://iptvx.one/picons/tvplay-eralash.png
tvplay-fantasticrushd	TVPlay Фантастика RUS HD	https://iptvx.one/picons/tvplay-fantasticrushd.png
tvplay-fantastikahd	TVPlay Фантастика HD	https://iptvx.one/picons/tvplay-fantastikahd.png
tvplay-fitil	TVPlay Фитиль	https://iptvx.one/picons/tvplay-fitil.png
tvplay-football-hd	TVPlay ФУТБОЛ HD	https://iptvx.one/picons/tvplay-football-hd.png
tvplay-footballworldcups	TVPlay Чемпионаты Мира ФИФА Плей офф	https://iptvx.one/picons/tvplay-footballworldcups.png
tvplay-galustyan	TVPlay Галустян	https://iptvx.one/picons/tvplay-galustyan.png
tvplay-gamezone	TVPlay GameZone	https://iptvx.one/picons/tvplay-gamezone.png
tvplay-garrypotter	TVPlay Гарри Поттер HD	https://iptvx.one/picons/tvplay-garrypotter.png
tvplay-gayday	TVPlay Гайдай	https://iptvx.one/picons/tvplay-gayday.png
tvplay-geroivmaskax	TVPlay Герои в масках HD	https://iptvx.one/picons/tvplay-geroivmaskax.png
tvplay-gorodok	TVPlay Городок	https://iptvx.one/picons/tvplay-gorodok.png
tvplay-igraprestolov	TVPlay Игра Престолов HD	https://iptvx.one/picons/tvplay-igraprestolov.png
tvplay-indiancinema	TVPlay Indian Cinema	https://iptvx.one/picons/tvplay-indiancinema.png
tvplay-istoriisredizemya	TVPlay Истории Средиземья HD	https://iptvx.one/picons/tvplay-istoriisredizemya.png
tvplay-kaketo	TVPlay Как это было	https://iptvx.one/picons/tvplay-kaketo.png
tvplay-kosmicheskiy	TVPlay Космический	https://iptvx.one/picons/tvplay-kosmicheskiy.png
tvplay-ladybag	TVPlay Леди Баг и Супер Кот	https://iptvx.one/picons/tvplay-ladybag.png
tvplay-lihie90ekino	TVPlay Лихие 90е Кино	https://iptvx.one/picons/tvplay-lihie90ekino.png
tvplay-lihie90eserial	TVPlay Лихие 90е Сериал	https://iptvx.one/picons/tvplay-lihie90eserial.png
tvplay-marvel	TVPlay Marvel HD	https://iptvx.one/picons/tvplay-marvel.png
tvplay-mickeymouse	TVPlay Mickey Mouse	https://iptvx.one/picons/tvplay-mickeymouse.png
tvplay-mify	TVPlay Мифы и легенды	https://iptvx.one/picons/tvplay-mify.png
tvplay-mirlego	TVPlay Мир Лего HD	https://iptvx.one/picons/tvplay-mirlego.png
tvplay-moyaprekrasnayanyanya	TVPlay Моя прекрасная Няня	https://iptvx.one/picons/tvplay-moyaprekrasnayanyanya.png
tvplay-multxxx	TVPlay Мульт XXX	https://iptvx.one/picons/tvplay-multxxx.png
tvplay-nashexxx	TVPlay Наше XXX	https://iptvx.one/picons/tvplay-nashexxx.png
tvplay-novyorushd	TVPlay Новьё RUS HD	https://iptvx.one/picons/tvplay-novyorushd.png
tvplay-novyoworldhd	TVPlay Новьё Мир HD	https://iptvx.one/picons/tvplay-novyoworldhd.png
tvplay-papinydochki	TVPlay Папины дочки	https://iptvx.one/picons/tvplay-papinydochki.png
tvplay-parodies	TVPlay Parodies	https://iptvx.one/picons/tvplay-parodies.png
tvplay-psihohd	TVPlay ПСИХО HD	https://iptvx.one/picons/tvplay-psihohd.png
tvplay-russkiyrok	TVPlay Русский Рок	https://iptvx.one/picons/tvplay-russkiyrok.png
tvplay-serieslatinas	TVPlay Латинские сериалы	https://iptvx.one/picons/tvplay-serieslatinas.png
tvplay-sketchshow	TVPlay Скетч Шоу	https://iptvx.one/picons/tvplay-sketchshow.png
tvplay-sledstvieveduthd	TVPlay Следствие ведут HD	https://iptvx.one/picons/tvplay-sledstvieveduthd.png
tvplay-sledstvieveli	TVPlay Следствие вели	https://iptvx.one/picons/tvplay-sledstvieveli.png
tvplay-sovkinohd	TVPlay Советское Кино HD	https://iptvx.one/picons/tvplay-sovkinohd.png
tvplay-sovmulthd	TVPlay Советские Мультфильмы HD	https://iptvx.one/picons/tvplay-sovmulthd.png
tvplay-sports	TV3 Sport | TV3 Sport HD | Viasat Sport Baltics | TVPlay Sports | Go3 Sport 1	https://iptvx.one/picons/tvplay-sports.png
tvplay-sports-plus	TV3 Sport 2 | TV3 Sport 2 HD | TVPlay Sports+ | Go3 Sport 2	https://iptvx.one/picons/tvplay-sports-plus.png
tvplay-svoyaigra	TVPlay Своя игра	https://iptvx.one/picons/tvplay-svoyaigra.png
tvplay-the90scartoons	TVPlay The 90s Cartoons	https://iptvx.one/picons/tvplay-the90scartoons.png
tvplay-uzhastikhd	TVPlay Ужастик HD	https://iptvx.one/picons/tvplay-uzhastikhd.png
tvplay-velikayaotechestvennaya	TVPlay Великая Отечественная HD	https://iptvx.one/picons/tvplay-velikayaotechestvennaya.png
tvplay-vkusniykanal	TVPlay Вкусный канал	https://iptvx.one/picons/tvplay-vkusniykanal.png
tvplay-vspysh	TVPlay Вспыш и Чудо-машинки HD	https://iptvx.one/picons/tvplay-vspysh.png
tvplay-vysotskiy	TVPlay Высоцкий	https://iptvx.one/picons/tvplay-vysotskiy.png
tvplay-worldxxx	TVPlay World XXX	https://iptvx.one/picons/tvplay-worldxxx.png
tvplay-yumor	TVPlay Юмор	https://iptvx.one/picons/tvplay-yumor.png
tvplay-zacharovanniyehd	TVPlay Зачарованные HD	https://iptvx.one/picons/tvplay-zacharovanniyehd.png
tvplay-zombiehd	TVPlay ZOMBIE	https://iptvx.one/picons/tvplay-zombiehd.png
tvr-sport-ro	TVR Sport [RO] | TVR Sport HD [RO]	https://iptvx.one/picons/tvr-sport-ro.png
tvr1	TVR1 [RO] | TVR 1 [RO]	https://iptvx.one/picons/tvr1.png
tvr2	TVR2 [RO] | TVR 2 [RO]	https://iptvx.one/picons/tvr2.png
tvri	TVRi [RO]	https://iptvx.one/picons/tvri.png
tvs-9kanal	ТВС - 9 канал | ТВС - 9 канал (Нижний Новгород)	https://iptvx.one/picons/tvs-9kanal.png
tvs-pl	TVS [PL] | TVS HD [PL]	https://iptvx.one/picons/tvs-pl.png
tvs-saransk	ТВС (Саранск)	https://iptvx.one/picons/tvs-saransk.png
tvtour	ТВТУР	https://iptvx.one/picons/tvtour.png
tvxxi	TV XXI | TV21 | TV XXI (TV21) | ТВ XXI	https://iptvx.one/picons/tvxxi.png
tvxxi-baltic	4Y Baltic | TV XXI Baltic	https://iptvx.one/picons/tvxxi-baltic.png
twoja-morska-pl	Twoja Telewizja Morska [PL]	https://iptvx.one/picons/twoja-morska-pl.png
tyc-sports-ar	TyC Sports HD [AR] | TyC Sports [AR]	https://iptvx.one/picons/tyc-sports-ar.png
ua-bukovyna	UA:Буковина | UA: Буковина | ТРК Буковина | Суспільне Чернівці	https://iptvx.one/picons/ua-bukovyna.png
ua-cerkasy	UA:Черкаси | UA: Черкаси | Суспільне Черкаси | Рось	https://iptvx.one/picons/ua-cerkasy.png
ua-chernihiv	UA:Чернігів | UA:Чернигов | UA: Чернігів | UA: Чернигов | Суспільне Чернігів	https://iptvx.one/picons/ua-chernihiv.png
ua-donbas	Суспільне Донбас | UA:Донбас | UA:Донбасс | UA: Донбас | UA: Донбасс	https://iptvx.one/picons/ua-donbas.png
ua-karpaty	UA:Карпати | UA: Карпати | Суспільне Івано-Франківськ	https://iptvx.one/picons/ua-karpaty.png
ua-kropyvnycky	UA:Кропивницький | UA: Кропивницький | Суспільне Кропивницький | Кировоград	https://iptvx.one/picons/ua-kropyvnycky.png
ua-krym	UA:Крим | UA:Крым | UA: Крим | UA: Крым | Суспільне Крим | UA:Перший Ukraine | UA: Перший Ukraine	https://iptvx.one/picons/ua-krym.png
ua-kyiv	UA:Київ | UA: Київ | UA:Киев | UA: Киев | Суспільне Київ | Центральный канал	https://iptvx.one/picons/ua-kyiv.png
ua-lviv	UA:Львів | UA: Львів | Суспільне Львів	https://iptvx.one/picons/ua-lviv.png
ua-mykolaiv	UA:Миколаїв | UA: Миколаїв | Суспільне Миколаїв	https://iptvx.one/picons/ua-mykolaiv.png
ua-odesa	UA:Одеса | UA:Одесса | UA: Одеса | UA: Одесса | Суспільне Одеса	https://iptvx.one/picons/ua-odesa.png
ua-pershy	UA:Перший | UA: Перший | Суспільне | Суспільне ТБ | UA: Перший Digital | UA:Перший Digital | UA:Перший (спутник)	https://iptvx.one/picons/ua-pershy.png
ua-podilla	UA:Поділля | UA: Поділля | Суспільне Хмельницький	https://iptvx.one/picons/ua-podilla.png
ua-poltava	UA:Полтава | UA: Полтава | Суспільне Полтава	https://iptvx.one/picons/ua-poltava.png
ua-rivne	UA:Рівне | UA: Рівне | Суспільне Рівне	https://iptvx.one/picons/ua-rivne.png
ua-sumy	UA:Суми | UA: Суми | Суспільне Суми	https://iptvx.one/picons/ua-sumy.png
ua-ternopil	UA:Тернопіль | UA: Тернопіль | Суспільне Тернопіль	https://iptvx.one/picons/ua-ternopil.png
ua-tv	FreeДОМ | FreeDOM | UATV | UA:TV | UA: TV	https://iptvx.one/picons/ua-tv.png
ua-volyn	UA:Волинь | UA: Волинь | Суспільне Луцьк | Нова Волинь	https://iptvx.one/picons/ua-volyn.png
ua-vynnyca	UA:Вінниця | UA: Вінниця | Суспільне Вінниця	https://iptvx.one/picons/ua-vynnyca.png
ua-xarkiv	UA:Харків | UA: Харків | Суспільне Харків	https://iptvx.one/picons/ua-xarkiv.png
ua-xerson	UA:Херсон | UA: Херсон | Суспільне Херсон	https://iptvx.one/picons/ua-xerson.png
ua-zakarpattia	UA:Закарпаття | UA: Закарпаття | Суспільне Ужгород | Тиса 1	https://iptvx.one/picons/ua-zakarpattia.png
ua-zaporizhzha	UA:Запоріжжя | UA: Запоріжжя | Суспільне Запоріжжя	https://iptvx.one/picons/ua-zaporizhzha.png
ua-zhitomir	UA:Житомир | UA: Житомир | Суспільне Житомир	https://iptvx.one/picons/ua-zhitomir.png
uchaly-tv	Учалы ТВ	https://iptvx.one/picons/uchaly-tv.png
udmurtia	Удмуртия | Моя Удмуртия	https://iptvx.one/picons/udmurtia.png
ufc	Удар | Удар ТВ | UFC ТВ | UFC HD | UFC	https://iptvx.one/picons/ufc.png
ugra-travel	Ugra Travel	https://iptvx.one/picons/ugra-travel.png
ukraine-radio1	УР1 | УР1 (Перший канал) | Українське радіо 1 | Радіо Перший канал	https://iptvx.one/picons/ukraine-radio1.png
ukraine-radio2	УР2 | УР2 (Промінь) | Українське радіо 2 | Радіо Промінь	https://iptvx.one/picons/ukraine-radio2.png
ukraine-radio3	УР3 | УР3 (Культура) | Українське радіо 3 | Радіо Культура	https://iptvx.one/picons/ukraine-radio3.png
ulianovskaya-pravda	Ульяновская правда	https://iptvx.one/picons/ulianovskaya-pravda.png
ultra-hd-cinema	Ultra HD Cinema | UltraHD Cinema 4K | Ultra Cinema 4K	https://iptvx.one/picons/ultra-hd-cinema.png
ultratv4k-pl	Ultra TV 4K [PL]	https://iptvx.one/picons/ultratv4k-pl.png
ulytau-kz	Ulytau	https://iptvx.one/picons/ulytau-kz.png
umka	Умка	https://iptvx.one/picons/umka.png
unian-tv	Унiан | Униан | Униан ТВ | Унiан ТБ	https://iptvx.one/picons/unian-tv.png
univer-tv	Univer TV | Universmotri.Ru | Universmotri	https://iptvx.one/picons/univer-tv.png
upltv	УПЛ ТВ | UPL.TV	https://iptvx.one/picons/upltv.png
ural1	URAL1 | URAL1 (Челябинск)	https://iptvx.one/picons/ural1.png
ural24	Урал-24 | Урал 24	https://iptvx.one/picons/ural24.png
urfo24	УрФО24 | УрФО 24	https://iptvx.one/picons/urfo24.png
usadba	Усадьба | Усадьба HD	https://iptvx.one/picons/usadba.png
uspex	Успех | Успех ТВ	https://iptvx.one/picons/uspex.png
ussr-premieregroup	USSR HD	https://iptvx.one/picons/ussr-premieregroup.png
utravel	UTravel | U-Travel	https://iptvx.one/picons/utravel.png
utrk-balastan-kg	УТРК Баластан [KG] | Баластан [KG] | Баластан	https://iptvx.one/picons/utrk-balastan-kg.png
utrk-czuj-kg	УТРК Чуй [KG]	https://iptvx.one/picons/utrk-czuj-kg.png
utrk-kg	УТРК HD [KG]	https://iptvx.one/picons/utrk-kg.png
utrk-madanyat-kg	УТРК Маданият [KG] | Маданият тарах Тыл [KG]	https://iptvx.one/picons/utrk-madanyat-kg.png
utrk-muzyka-kg	УТРК Музыка [KG] | КТРК Музыка	https://iptvx.one/picons/utrk-muzyka-kg.png
utrk-osh-kg	УТРК ОШ [KG]	https://iptvx.one/picons/utrk-osh-kg.png
utrk-sport-kg	УТРК Спорт [KG] | КТРК Спорт	https://iptvx.one/picons/utrk-sport-kg.png
utv	UTV Уфа | UTV HD	https://iptvx.one/picons/utv.png
utv-cheboxary	ЮТВ Чебоксары	https://iptvx.one/picons/utv-cheboxary.png
utv-neftekamsk	UTV Нефтекамск	https://iptvx.one/picons/utv.png
utv-ro	UTV RO | UTV HD RO	https://iptvx.one/picons/utv-ro.png
utv-salavat	UTV Салават	https://iptvx.one/picons/utv.png
utv-sterlitamak	UTV Стерлитамак	https://iptvx.one/picons/utv.png
uzsport	UzSport | Sport [UZ]	https://iptvx.one/picons/uzsport.png
uzsport-2	UzSport 2 | Sport 2 [UZ]	https://iptvx.one/picons/uzsport-2.png
v-gostiax-u-skazki	В гостях у сказки	https://iptvx.one/picons/v-gostiax-u-skazki.png
v-mire-zhivotnyx-hd	В мире животных HD | В мире животных	https://iptvx.one/picons/v-mire-zhivotnyx.png
v-sport-1-no	V Sport 1 [NO]	https://iptvx.one/picons/v-sport-1-no.png
v-sport-2-no	V Sport 2 [NO]	https://iptvx.one/picons/v-sport-2-no.png
v-sport-3-no	V Sport 3 [NO]	https://iptvx.one/picons/v-sport-3-no.png
v-sport-apl-1-no	V Sport Premier League 1 [NO]	https://iptvx.one/picons/v-sport-apl-1-no.png
v-sport-apl-2-no	V Sport Premier League 2 [NO]	https://iptvx.one/picons/v-sport-apl-2-no.png
v-sport-apl-3-no	V Sport Premier League 3 [NO]	https://iptvx.one/picons/v-sport-apl-3-no.png
v-sport-apl-4-no	V Sport Premier League 4 [NO]	https://iptvx.one/picons/v-sport-apl-4-no.png
v-sport-apl-no	V Sport Premier League [NO]	https://iptvx.one/picons/v-sport-apl-no.png
v-sport-extra-se	V Sport Extra [SE]	https://iptvx.one/picons/v-sport-extra-se.png
v-sport-football-se	V Sport Football [SE]	https://iptvx.one/picons/v-sport-football-se.png
v-sport-plus-no	V Sport+ [NO]	https://iptvx.one/picons/v-sport-plus-no.png
v-sport-premium-se	V Sport Premium [SE]	https://iptvx.one/picons/v-sport-premium-se.png
v-sport-ultrahd	V Sport Ultra HD	https://iptvx.one/picons/v-sport-ultrahd.png
v90-pl	V90 [PL]	https://iptvx.one/picons/v90-pl.png
vajeu-c	Vajeu	https://iptvx.one/picons/vajeu-c.png
vantage-classic	Vantage Classic	https://iptvx.one/picons/vantage-classic.png
vantage-dance	Vantage Dance	https://iptvx.one/picons/vantage-dance.png
vantage-music	Vantage Music	https://iptvx.one/picons/vantage-music.png
vantage-rock	Vantage Rock	https://iptvx.one/picons/vantage-rock.png
varzish-sport	Варзиш Спорт	https://iptvx.one/picons/varzish-sport.png
vektor-24	Вектор 24	https://iptvx.one/picons/vektor-24.png
veles-60fps	VeleS 60FPS	https://iptvx.one/picons/veles-60fps.png
veles-anime	VeleS Аниме	https://iptvx.one/picons/veles-anime.png
veles-djset	VeleS Dj Set	https://iptvx.one/picons/veles-djset.png
veles-gobln	VeleS Гоблин	https://iptvx.one/picons/veles-gobln.png
veles-kids	VeleS Kids	https://iptvx.one/picons/veles-kids.png
veles-kinoplonk	VeleS Киноплёнка	https://iptvx.one/picons/veles-kinoplonk.png
veles-kinoser	VeleS Киносерия	https://iptvx.one/picons/veles-kinoser.png
veles-komed	VeleS Комедия	https://iptvx.one/picons/veles-komed.png
veles-krim	VeleS Криминальный	https://iptvx.one/picons/veles-krim.png
veles-mafon	VeleS Магнитофон	https://iptvx.one/picons/veles-mafon.png
veles-mh	VeleS Movie Hits	https://iptvx.one/picons/veles-mh.png
veles-nashek	VeleS Наше Кино	https://iptvx.one/picons/veles-nashek.png
veles-ny	VeleS NewYear	https://iptvx.one/picons/veles-ny.png
veles-prem	VeleS Premiere	https://iptvx.one/picons/veles-prem.png
veles-semej	VeleS Семейный	https://iptvx.one/picons/veles-semej.png
veles-sssr	VeleS СССР	https://iptvx.one/picons/veles-sssr.png
veles-strash	VeleS Страшное	https://iptvx.one/picons/veles-strash.png
veles-trill	VeleS Триллер	https://iptvx.one/picons/veles-trill.png
veles-western	VeleS Вестерн	https://iptvx.one/picons/veles-western.png
velilla-actionwar	Velilla TV Action War Films HD | Velilla TV Action War Films	https://iptvx.one/picons/velilla-actionwar.png
velilla-adult	Velilla TV Adult Channel HD | Velilla TV Adult Channel	https://iptvx.one/picons/velilla-adult.png
velilla-bpiter	Velilla TV Бандитский Петербург HD | Velilla TV Бандитский Петербург	https://iptvx.one/picons/velilla-bpiter.png
velilla-cartoondisney	Velilla TV Cartoons Disney 4K | Velilla TV Cartoons Disney	https://iptvx.one/picons/velilla-cartoondisney.png
velilla-cinema4k	Velilla TV Cinema 4K	https://iptvx.one/picons/velilla-cinema4k.png
velilla-detsky	Velilla TV Детский HD | Velilla TV Детский	https://iptvx.one/picons/velilla-detsky.png
velilla-domashny	Velilla TV Домашний HD | Velilla TV Домашний	https://iptvx.one/picons/velilla-domashny.png
velilla-elenir	Velilla TV Элен и ребята HD | Velilla TV Элен и ребята	https://iptvx.one/picons/velilla-elenir.png
velilla-euro1984	Velilla TV EuroCup 1984 HD | Velilla TV EuroCup 1984	https://iptvx.one/picons/velilla-euro1984.png
velilla-euro1988	Velilla TV EuroCup 1988 HD | Velilla TV EuroCup 1988	https://iptvx.one/picons/velilla-euro1988.png
velilla-euro1992	Velilla TV EuroCup 1992 HD | Velilla TV EuroCup 1992	https://iptvx.one/picons/velilla-euro1992.png
velilla-euro1996	Velilla TV EuroCup 1996 HD | Velilla TV EuroCup 1996	https://iptvx.one/picons/velilla-euro1996.png
velilla-euro2000	Velilla TV EuroCup 2000 HD | Velilla TV EuroCup 2000	https://iptvx.one/picons/velilla-euro2000.png
velilla-euro2004	Velilla TV EuroCup 2004 HD | Velilla TV EuroCup 2004	https://iptvx.one/picons/velilla-euro2004.png
velilla-euro2008	Velilla TV EuroCup 2008 HD | Velilla TV EuroCup 2008	https://iptvx.one/picons/velilla-euro2008.png
velilla-euro2012	Velilla TV EuroCup 2012 HD | Velilla TV EuroCup 2012	https://iptvx.one/picons/velilla-euro2012.png
velilla-euro2016	Velilla TV EuroCup 2016 HD | Velilla TV EuroCup 2016	https://iptvx.one/picons/velilla-euro2016.png
velilla-euro2020	Velilla TV EuroCup 2020 HD | Velilla TV EuroCup 2020	https://iptvx.one/picons/velilla-euro2020.png
velilla-euro2024	Velilla TV EuroCup 2024 HD | Velilla TV EuroCup 2024	https://iptvx.one/picons/velilla-euro2024.png
velilla-eurodance90s	Velilla TV EuroDance 90s	https://iptvx.one/picons/velilla-eurodance90s.png
velilla-fifa-cwc2025	Velilla TV FIFA Club World Cup 2025 HD | Velilla TV FIFA Club World Cup 2025	https://iptvx.one/picons/velilla-fifa-cwc2025.png
velilla-hardheavyconc	Velilla TV Hard And Heavy Concerts HD | Velilla TV Hard And Heavy Concerts	https://iptvx.one/picons/velilla-hardheavyconc.png
velilla-hcsex	Velilla TV Hardcore Sex HD | Velilla TV Hardcore Sex	https://iptvx.one/picons/velilla-hcsex.png
velilla-kuxnia	Velilla TV Кухня + Отель Элеон HD | Velilla TV Кухня + Отель «Элеон» HD | Velilla TV Кухня + Отель Элеон	https://iptvx.one/picons/velilla-kuxnia.png
velilla-legendmatch	Velilla TV Legendary Matches HD | Velilla TV Legendary Matches	https://iptvx.one/picons/velilla-legendmatch.png
velilla-mordiav	Velilla TV Морские дьяволы HD | Velilla TV Морские дьяволы	https://iptvx.one/picons/velilla-mordiav.png
velilla-mordiav2	Velilla TV Морские дьяволы 2 HD | Velilla TV Морские дьяволы 2	https://iptvx.one/picons/velilla-mordiav2.png
velilla-mosgaz	Velilla TV Мосгаз HD | Velilla TV Мосгаз	https://iptvx.one/picons/velilla-mosgaz.png
velilla-ny	Velilla TV Новогодний HD | Velilla TV Новогодний	https://iptvx.one/picons/velilla-ny.png
velilla-pirog	Velilla TV ИП Пирогова HD | Velilla TV ИП Пирогова	https://iptvx.one/picons/velilla-pirog.png
velilla-poprockconc	Velilla TV Pop And Rock Concerts HD | Velilla TV Pop And Rock Concerts	https://iptvx.one/picons/velilla-poprockconc.png
velilla-rusdance	Velilla TV RussianDance 90s	https://iptvx.one/picons/velilla-rusdance.png
velilla-ruserial	Velilla TV Русский Сериал HD | Velilla TV Русский Сериал	https://iptvx.one/picons/velilla-ruserial.png
velilla-rusmylo	Velilla TV Русские Мелодрамы HD | Velilla TV Русские Мелодрамы	https://iptvx.one/picons/velilla-rusmylo.png
velilla-sitkom	Velilla TV Ситком HD | Velilla TV Ситком	https://iptvx.one/picons/velilla-sitkom.png
velilla-sw	Velilla TV Счастливы вместе HD | Velilla TV Счастливы вместе	https://iptvx.one/picons/velilla-sw.png
velilla-tij	Velilla TV Том и Джерри HD | Velilla TV Том и Джерри	https://iptvx.one/picons/velilla-tij.png
velilla-wc1966	Velilla TV World Cup 1966 HD | Velilla TV World Cup 1966	https://iptvx.one/picons/velilla-wc1966.png
velilla-wc1970	Velilla TV World Cup 1970 HD | Velilla TV World Cup 1970	https://iptvx.one/picons/velilla-wc1970.png
velilla-wc1974	Velilla TV World Cup 1974 HD | Velilla TV World Cup 1974	https://iptvx.one/picons/velilla-wc1974.png
velilla-wc1978	Velilla TV World Cup 1978 HD | Velilla TV World Cup 1978	https://iptvx.one/picons/velilla-wc1978.png
velilla-wc1982	Velilla TV World Cup 1982 HD | Velilla TV World Cup 1982	https://iptvx.one/picons/velilla-wc1982.png
velilla-wc1986	Velilla TV World Cup 1986 HD | Velilla TV World Cup 1986	https://iptvx.one/picons/velilla-wc1986.png
velilla-wc1990	Velilla TV World Cup 1990 HD | Velilla TV World Cup 1990	https://iptvx.one/picons/velilla-wc1990.png
velilla-wc1994	Velilla TV World Cup 1994 HD | Velilla TV World Cup 1994	https://iptvx.one/picons/velilla-wc1994.png
velilla-wc1998	Velilla TV World Cup 1998 HD | Velilla TV World Cup 1998	https://iptvx.one/picons/velilla-wc1998.png
velilla-wc2002	Velilla TV World Cup 2002 HD | Velilla TV World Cup 2002	https://iptvx.one/picons/velilla-wc2002.png
velilla-wc2006	Velilla TV World Cup 2006 HD | Velilla TV World Cup 2006	https://iptvx.one/picons/velilla-wc2006.png
velilla-wc2010	Velilla TV World Cup 2010 HD | Velilla TV World Cup 2010	https://iptvx.one/picons/velilla-wc2010.png
velilla-wc2014	Velilla TV World Cup 2014 HD | Velilla TV World Cup 2014	https://iptvx.one/picons/velilla-wc2014.png
velilla-wc2018	Velilla TV World Cup 2018 HD | Velilla TV World Cup 2018	https://iptvx.one/picons/velilla-wc2018.png
velilla-wc2022	Velilla TV World Cup 2022 HD | Velilla TV World Cup 2022	https://iptvx.one/picons/velilla-wc2022.png
velilla-wc2026	Velilla TV World Cup 2026 HD	https://iptvx.one/picons/velilla-wc2026.png
velilla-wckoaf2025	Velilla TV Wacken Open Air Festival 2025 HD | Velilla TV Wacken Open Air Festival 2025	https://iptvx.one/picons/velilla-wckoaf2025.png
velilla-western	Velilla TV Вестерн HD | Velilla TV Вестерн	https://iptvx.one/picons/velilla-western.png
velilla-xfiles4k	Velilla TV The X-Files 4K	https://iptvx.one/picons/velilla-xfiles4k.png
vestnik-nadyma	Вестник Надыма	https://iptvx.one/picons/vestnik-nadyma.png
vetta24	Ветта 24 Пермь | Ветта 24 | Ветта Пермь	https://iptvx.one/picons/vetta24.png
vf-2ipol	VF Два с половиной человека	https://iptvx.one/picons/vf-2ipol.png
vf-90e	VF Привет из 90х	https://iptvx.one/picons/vf-90e.png
vf-adventure	VF Adventure	https://iptvx.one/picons/vf-adventure.png
vf-ahs	VF Американская история ужасов	https://iptvx.one/picons/vf-ahs.png
vf-anime	VF Anime	https://iptvx.one/picons/vf-anime.png
vf-arthouse	VF Art house	https://iptvx.one/picons/vf-arthouse.png
vf-bania	VF Баня	https://iptvx.one/picons/vf-bania.png
vf-belarusfilm	VF Беларусьфильм	https://iptvx.one/picons/vf-belarusfilm.png
vf-besstyzhye	VF Бесстыжие	https://iptvx.one/picons/vf-besstyzhye.png
vf-bezcenzury	VF Без цензуры	https://iptvx.one/picons/vf-bezcenzury.png
vf-boevik	VF Боевик | VF Боевики	https://iptvx.one/picons/vf-boevik.png
vf-cartoon	VF Cartoon	https://iptvx.one/picons/vf-cartoon.png
vf-cartoon-18pl	VF Cartoon 18+	https://iptvx.one/picons/vf-cartoon-18pl.png
vf-chernobyl	VF Чернобыль	https://iptvx.one/picons/vf-chernobyl.png
vf-classic	VF Classic	https://iptvx.one/picons/vf-classic.png
vf-comedy	VF Comedy	https://iptvx.one/picons/vf-comedy.png
vf-comedy-woman	VF Comedy Woman	https://iptvx.one/picons/vf-comedy-woman.png
vf-comics	VF Comics	https://iptvx.one/picons/vf-comics.png
vf-detective	VF Detective	https://iptvx.one/picons/vf-detective.png
vf-disney-cartoon	VF Disney Cartoon	https://iptvx.one/picons/vf-disney-cartoon.png
vf-disney-movie	VF Disney Movie	https://iptvx.one/picons/vf-disney-movie.png
vf-dzhekichan	VF Джеки Чан	https://iptvx.one/picons/vf-dzhekichan.png
vf-elki	VF Ёлки	https://iptvx.one/picons/vf-elki.png
vf-eralash	VF Ералаш	https://iptvx.one/picons/vf-eralash.png
vf-family	VF Family	https://iptvx.one/picons/vf-family.png
vf-fantastic	VF Fantastic	https://iptvx.one/picons/vf-fantastic.png
vf-fantasy	VF Fantasy	https://iptvx.one/picons/vf-fantasy.png
vf-filmy-sssr	VF Фильмы СССР	https://iptvx.one/picons/vf-filmy-sssr.png
vf-friends	VF Друзья	https://iptvx.one/picons/vf-friends.png
vf-gaidai	VF Леонид Гайдай	https://iptvx.one/picons/vf-gaidai.png
vf-garipoter	VF Гарри Поттер	https://iptvx.one/picons/vf-garipoter.png
vf-gorodok	VF Городок	https://iptvx.one/picons/vf-gorodok.png
vf-graindhaus	VF Граиндхаус	https://iptvx.one/picons/vf-graindhaus.png
vf-hbo	VF HBO	https://iptvx.one/picons/vf-hbo.png
vf-housemd	VF Доктор Хаус	https://iptvx.one/picons/vf-housemd.png
vf-igraprestolov	VF Игра престолов	https://iptvx.one/picons/vf-igraprestolov.png
vf-indiya	VF Индия	https://iptvx.one/picons/vf-indiya.png
vf-istorya	VF История	https://iptvx.one/picons/vf-istorya.png
vf-kalambur	VF Каламбур	https://iptvx.one/picons/vf-kalambur.png
vf-kartochnydomik	VF Карточный домик	https://iptvx.one/picons/vf-kartochnydomik.png
vf-katastrofy	VF Катастрофы	https://iptvx.one/picons/vf-katastrofy.png
vf-kino4k	VF Кино 4K	https://iptvx.one/picons/vf-kino4k.png
vf-kinostudiagorkogo	VF Киностудия им. Горького	https://iptvx.one/picons/vf-kinostudiagorkogo.png
vf-klassika	VF Классика	https://iptvx.one/picons/vf-klassika.png
vf-komedia	VF Комедия	https://iptvx.one/picons/vf-komedia.png
vf-koncerty	VF Концерты	https://iptvx.one/picons/vf-koncerty.png
vf-kriminal	VF Криминал	https://iptvx.one/picons/vf-kriminal.png
vf-kuxnia	VF Кухня	https://iptvx.one/picons/vf-kuxnia.png
vf-kvn	VF КВН	https://iptvx.one/picons/vf-kvn.png
vf-lenfilm	VF Ленфильм	https://iptvx.one/picons/vf-lenfilm.png
vf-luidefunes	VF Луи де Фюнес	https://iptvx.one/picons/vf-luidefunes.png
vf-malysh	VF Малыш	https://iptvx.one/picons/vf-malysh.png
vf-marvel	VF Marvel	https://iptvx.one/picons/vf-marvel.png
vf-maski	VF Маски Шоу	https://iptvx.one/picons/vf-maski.png
vf-melodrama	VF Melodrama	https://iptvx.one/picons/vf-melodrama.png
vf-mosfilm	VF Мосфильм	https://iptvx.one/picons/vf-mosfilm.png
vf-multfilmy-sssr	VF Мультфильмы СССР	https://iptvx.one/picons/vf-multfilmy-sssr.png
vf-musyka	VF Музыка	https://iptvx.one/picons/vf-musyka.png
vf-mylnoper	VF Мыльные оперы	https://iptvx.one/picons/vf-mylnoper.png
vf-mystic	VF Mystic	https://iptvx.one/picons/vf-mystic.png
vf-nasharasha	VF Наша Раша	https://iptvx.one/picons/vf-nasharasha.png
vf-netflx	VF Netflix	https://iptvx.one/picons/vf-netflx.png
vf-newyear	VF New Year	https://iptvx.one/picons/vf-newyear.png
vf-nowogodmult	VF Новогодние мультфильмы	https://iptvx.one/picons/vf-nowogodmult.png
vf-nowogodni	VF Новогодний	https://iptvx.one/picons/vf-nowogodni.png
vf-odesskayakinostudia	VF Одесская киностудия	https://iptvx.one/picons/vf-odesskayakinostudia.png
vf-odnazhdyvr	VF Однажды в России	https://iptvx.one/picons/vf-odnazhdyvr.png
vf-orel-i-reshka	VF Орел и решка	https://iptvx.one/picons/vf-orel-i-reshka.png
vf-oskar	VF Оскар	https://iptvx.one/picons/vf-oskar.png
vf-oxota	VF Охота	https://iptvx.one/picons/vf-oxota.png
vf-pobeda	VF Наша победа	https://iptvx.one/picons/vf-pobeda.png
vf-premiera	VF Премьера	https://iptvx.one/picons/vf-premiera.png
vf-premiere	VF Premiere	https://iptvx.one/picons/vf-premiere.png
vf-realnyepacany	VF Реальные пацаны	https://iptvx.one/picons/vf-realnyepacany.png
vf-rigakinostudia	VF Рижская киностудия	https://iptvx.one/picons/vf-rigakinostudia.png
vf-ryazanov	VF Эльдар Рязанов	https://iptvx.one/picons/vf-ryazanov.png
vf-sashatania	VF СашаТаня	https://iptvx.one/picons/vf-sashatania.png
vf-schastlivy-vmeste	VF Счастливы Вместе	https://iptvx.one/picons/vf-schastlivy-vmeste.png
vf-serial	VF Сериал	https://iptvx.one/picons/vf-serial.png
vf-serial4k	VF Сериал 4K	https://iptvx.one/picons/vf-serial4k.png
vf-serialy-turcii	VF Сериалы Турции	https://iptvx.one/picons/vf-serialy-turcii.png
vf-series	VF Series	https://iptvx.one/picons/vf-series.png
vf-sexcity	VF Секс в большом городе	https://iptvx.one/picons/vf-sexcity.png
vf-skubidu	VF Скуби-Ду	https://iptvx.one/picons/vf-skubidu.png
vf-sled	VF След	https://iptvx.one/picons/vf-sled.png
vf-snovymgodom	VF С новым Годом!	https://iptvx.one/picons/vf-snovymgodom.png
vf-soldats	VF Солдаты	https://iptvx.one/picons/vf-soldats.png
vf-soyuzmultfilm	VF Союзмультфильм	https://iptvx.one/picons/vf-soyuzmultfilm.png
vf-strojka	VF Стройка	https://iptvx.one/picons/vf-strojka.png
vf-supernatural	VF Сверхъестественное	https://iptvx.one/picons/vf-supernatural.png
vf-sverdlovskkinostudia	VF Свердловская киностудия	https://iptvx.one/picons/vf-sverdlovskkinostudia.png
vf-swty	VF Сваты	https://iptvx.one/picons/vf-swty.png
vf-taynsled	VF Тайны следствия	https://iptvx.one/picons/vf-taynsled.png
vf-tbbt	VF Теория большого взрыва	https://iptvx.one/picons/vf-tbbt.png
vf-thrilr	VF Thriller	https://iptvx.one/picons/vf-thrilr.png
vf-top-series	VF TOP Series	https://iptvx.one/picons/vf-top-series.png
vf-univer	VF Универ	https://iptvx.one/picons/vf-univer.png
vf-univernew	VF Универ новая общага	https://iptvx.one/picons/vf-univernew.png
vf-uralskie-pelmeni	VF Уральские пельмени	https://iptvx.one/picons/vf-uralskie-pelmeni.png
vf-uzhasy	VF Ужасы	https://iptvx.one/picons/vf-uzhasy.png
vf-uzhasy-vhs	VF Ужасы VHS	https://iptvx.one/picons/vf-uzhasy.png
vf-vhs	VF VHS	https://iptvx.one/picons/vf-vhs.png
vf-vhs-cartoon	VF VHS Cartoon	https://iptvx.one/picons/vf-vhs-cartoon.png
vf-voennye	VF Военные	https://iptvx.one/picons/vf-voennye.png
vf-voronins	VF Воронины	https://iptvx.one/picons/vf-voronins.png
vf-vysocki	VF Владимир Высоцкий	https://iptvx.one/picons/vf-vysocki.png
vf-walkingdead	VF Ходячие мертвецы	https://iptvx.one/picons/vf-walkingdead.png
vf-western	VF Вестерн	https://iptvx.one/picons/vf-western.png
vf-xfiles	VF The X-Files	https://iptvx.one/picons/vf-xfiles.png
vf-yumor18	VF Юмор 18+	https://iptvx.one/picons/vf-yumor18.png
vhs-ka	VHS-ка | VHS-ка HD	https://iptvx.one/picons/vhs-ka.png
vhshd	VHS HD	https://iptvx.one/picons/vhshd.png
vhska-serial	VHS-ка Сериал	https://iptvx.one/picons/vhska-serial.png
viaplay-1-urheilu-fi	Viaplay 1 Urheilu [FI]	https://iptvx.one/picons/viaplay-1-urheilu-fi.png
viaplay-2-urheilu-fi	Viaplay 2 Urheilu [FI]	https://iptvx.one/picons/viaplay-2-urheilu-fi.png
viaplay-3-urheilu-fi	Viaplay 3 Urheilu [FI]	https://iptvx.one/picons/viaplay-3-urheilu-fi.png
viaplay-tv-nl	Viaplay TV [NL]	https://iptvx.one/picons/viaplay-tv-nl.png
viaplay-tv-plus-nl	Viaplay TV+ [NL]	https://iptvx.one/picons/viaplay-tv-plus-nl.png
viasat-explore	viju Explore | viju Explore HD | Viasat Explore | Viasat Explore HD	https://iptvx.one/picons/viasat-explore.png
viasat-explore-cee	Viasat Explore CEE	https://iptvx.one/picons/viasat-explore-cee.png
viasat-golf-hd	V Sport Golf | V Sport Golf HD | Viasat Golf | Viasat Golf SE | Viasat Golf HD	https://iptvx.one/picons/viasat-golf-hd.png
viasat-history	viju History | viju History HD | Viasat History | Viasat History HD	https://iptvx.one/picons/viasat-history.png
viasat-history-ua	Viasat History Ukraine | Viasat History Украина	https://iptvx.one/picons/viasat-history-ua.png
viasat-hockey-hd	Viasat Hockey HD | Viasat Hockey | V Sport Vinter	https://iptvx.one/picons/viasat-hockey-hd.png
viasat-motor-hd	V Sport Motor | V Sport Motor HD | Viasat Motor HD | Viasat Motor	https://iptvx.one/picons/viasat-motor-hd.png
viasat-nature	viju Nature | viju Nature HD | Viasat Nature | Viasat Nature HD	https://iptvx.one/picons/viasat-nature.png
viasat-nature-cee	Viasat Nature CEE	https://iptvx.one/picons/viasat-nature-cee.png
viasat-nature-history-hd	viju+ Planet | viju+ Planet HD | Viasat Nature/History HD | Viasat Nature/History	https://iptvx.one/picons/viasat-nature-history-hd.png
viasat-serial	Viasat Serial	https://iptvx.one/picons/viasat-serial.png
viasat-sport	viju+ Sport | viju+ Sport HD | Viasat Sport HD | Viasat Sport	https://iptvx.one/picons/viasat-sport.png
viasat-sport-se	Viasat Sport HD [SE] | V Sport 1 HD [SE]	https://iptvx.one/picons/viasat-sport-se.png
viasat-true-crime-cee	Viasat True Crime CEE	https://iptvx.one/picons/viasat-true-crime-cee.png
victory-hd	Victory HD	https://iptvx.one/picons/victory-hd.png
vidoc-tv1-pl	ViDoc TV1 [PL]	https://iptvx.one/picons/vidoc-tv1-pl.png
vidusdaugavas-lv	Vidusdaugavas TV [LV]	https://iptvx.one/picons/vidusdaugavas-lv.png
viju-tv1000-novella	viju TV1000 Новелла | viju TV1000 novella	https://iptvx.one/picons/viju-tv1000-novella.png
viju-tv1000-romantica	viju TV1000 romantica	https://iptvx.one/picons/viju-tv1000-romantica.png
vip-comedy	viju+ Comedy | viju+ Comedy HD | VIP Comedy HD | VIP Comedy | TV1000 Comedy | TV1000 Comedy HD	https://iptvx.one/picons/vip-comedy.png
vip-comedy-cee	Viasat Kino Comedy | Viasat Kino Comedy HD | ViP Comedy CEE | ViP Comedy CEE HD	https://iptvx.one/picons/vip-comedy-cee.png
vip-megahit	viju+ Megahit | viju+ Megahit HD | VIP Megahit HD | VIP Megahit | TV1000 Megahit | TV1000 Megahit HD	https://iptvx.one/picons/vip-megahit.png
vip-megahit-cee	Viasat Kino Megahit | Viasat Kino Megahit HD | ViP Megahit CEE | ViP Megahit CEE HD	https://iptvx.one/picons/vip-megahit-cee.png
vip-premiere	viju+ Premiere | viju+ Premiere HD | VIP Premiere | VIP Premiere HD | VIP Premium | VIP Premium HD	https://iptvx.one/picons/vip-premiere.png
vip-serial	viju+ Serial | viju+ Serial HD | VIP Serial | VIP Serial HD	https://iptvx.one/picons/vip-serial.png
vitebsk	Витебск	https://iptvx.one/picons/vitebsk.png
viva-rus	VIVA Russia | VIVA TV Russia	https://iptvx.one/picons/viva-rus.png
vivid-red	Vivid Red | Vivid Red HD	https://iptvx.one/picons/vivid-red.png
vivid-touch	Vivid Touch HD | Vivid Touch	https://iptvx.one/picons/vivid-touch.png
vivid-tv	Vivid TV	https://iptvx.one/picons/vivid-tv.png
vkus	Вкус	https://iptvx.one/picons/vkus.png
vkusnoe-tv	Вкусное TV | Вкусное ТВ	https://iptvx.one/picons/vkusnoe-tv.png
vmeste-rf	Вместе-РФ	https://iptvx.one/picons/vmeste-rf.png
voenkino-tviksel	Военное кино	https://iptvx.one/picons/voenkino-tviksel.png
voentv-by	ВоенТВ [BY]	https://iptvx.one/picons/voentv-by.png
voleybol	Волейбол | Волейбол HD	https://iptvx.one/picons/voleybol.png
volga	Волга	https://iptvx.one/picons/volga.png
volgograd-1	Волгоград 1	https://iptvx.one/picons/volgograd-1.png
volgograd-24	Волгоград 24	https://iptvx.one/picons/volgograd-24.png
voprosy-i-otvety	Вопросы и ответы	https://iptvx.one/picons/voprosy-i-otvety.png
vostochnyj-ekspress	Восточный экспресс	https://iptvx.one/picons/vostochnyj-ekspress.png
vostok-24	Восток 24	https://iptvx.one/picons/vostok-24.png
vostok-tv	Восток ТВ	https://iptvx.one/picons/vostok-tv.png
vot-tv	ВОТ ТВ | ВОТтв	https://iptvx.one/picons/vot-tv.png
vox	VOX | VOX HD	https://iptvx.one/picons/vox.png
vox-music-pl	Vox Music TV [PL]	https://iptvx.one/picons/vox-music-pl.png
voxup-de	VOXup [DE]	https://iptvx.one/picons/voxup-de.png
vremia	Время	https://iptvx.one/picons/vremia.png
vremia-arktiki	Время Арктики | Ямал 1	https://iptvx.one/picons/vremia-arktiki.png
vremia-n	Волга 24 | Время Н	https://iptvx.one/picons/vremia-n.png
vsia-ufa	Вся Уфа	https://iptvx.one/picons/vsia-ufa.png
vsru-radio	Всесвітня служба радіомовлення України | Всесвітня служба радіомовлення	https://iptvx.one/picons/vsru-radio.png
vtk-argus	ВТК Аргус | 41 канал Воронеж	https://iptvx.one/picons/vtk-argus.png
vyborg-tv	Выборг ТВ	https://iptvx.one/picons/vyborg-tv.png
w-sport	W-Sport | W-Sport HD	https://iptvx.one/picons/w-sport.png
waidwerk	Waidwerk HD DE | Waidwerk HD | Waidwerk	https://iptvx.one/picons/waidwerk.png
warner-pl	Warner TV | Warner TV | Warner TV [PL]	https://iptvx.one/picons/warner-pl.png
womens-magazine	Women's Magazine | Женский Журнал	https://iptvx.one/picons/womens-magazine.png
world-business-channel	World Business Channel	https://iptvx.one/picons/world-business-channel.png
world-fashion-channel	World Fashion Channel	https://iptvx.one/picons/world-fashion-channel.png
world-fashion-channel-en	World Fashion Channel En	https://iptvx.one/picons/world-fashion-channel-en.png
wp-pl	WP | WP HD | WP [PL]	https://iptvx.one/picons/wp-pl.png
wpolsce24-pl	wPolsce24 [PL]	https://iptvx.one/picons/wpolsce24-pl.png
wydarzenia-24	Wydarzenia 24 | Wydarzenia 24 HD	https://iptvx.one/picons/wydarzenia-24.png
xabar	Хабар	https://iptvx.one/picons/xabar.png
xabar24	Хабар 24 | 24KZ	https://iptvx.one/picons/xabar24.png
xabarovsk	Хабаровск	https://iptvx.one/picons/xabarovsk.png
xamdan-kalm24	Хамдан-Калмыкия 24 (Элиста) | Хамдан-Калмыкия 24 | НТК (Элиста) | Национальное Телевидение Калмыкии	https://iptvx.one/picons/xamdan-kalm24.png
xezer	Xezer | Xəzər TV | Xəzər | Xezer TV	https://iptvx.one/picons/xezer.png
xite-nl	XITE [NL]	https://iptvx.one/picons/xite-nl.png
xo4u-vsio-znat	Хочу всё знать	https://iptvx.one/picons/xo4u-vsio-znat.png
xokkejny	Хоккей ТВ | Хоккейный HD	https://iptvx.one/picons/xokkejny.png
xronika-plus-ua	Хроніка+	https://iptvx.one/picons/xronika-plus-ua.png
xuzur-tv	Хузур ТВ	https://iptvx.one/picons/xuzur-tv.png
xxl-xxx	XXL	https://iptvx.one/picons/xxl-xxx.png
yaban-tr	Yaban TV [TR]	https://iptvx.one/picons/yaban-tr.png
yakutia24	Якутия 24 | Якутия-24 | Якутия 24 (Якутск) | Якутия 24 HD | Якутия-24 HD | Якутия 24 HD (Якутск)	https://iptvx.one/picons/yakutia24.png
yamal-region	Ямал-Регион	https://iptvx.one/picons/yamal-region.png
yes-action	Yes Action | Yes Action HD | Yes TV Action | Yes TV Action HD	https://iptvx.one/picons/yes-action.png
yes-bollywood	yes Bollywood | yes Bollywood HD	https://iptvx.one/picons/yes-bollywood.png
yes-comedy	Yes Comedy | Yes Comedy HD | Yes TV Comedy | Yes TV Comedy HD	https://iptvx.one/picons/yes-comedy.png
yes-doku	Yes Docu | Yes Доку	https://iptvx.one/picons/yes-doku.png
yes-drama	Yes Drama | Yes Drama HD | Yes TV Drama | Yes TV Drama HD	https://iptvx.one/picons/yes-drama.png
yes-movies-kids	yes Movies Kids | yes Movies Kids HD	https://iptvx.one/picons/yes-movies-kids.png
yes-network-us	YES Network [US]	https://iptvx.one/picons/yes-network-us.png
yes-plus-cinema-il	Yes+ Cinema [IL]	https://iptvx.one/picons/yes-plus-cinema-il.png
yes-plus-diamonds-il	Yes+ Diamonds [IL]	https://iptvx.one/picons/yes-plus-diamonds-il.png
yes-sport-1	Yes Sport 1 | Yes Sport 1 HD	https://iptvx.one/picons/yes-sport-1.png
yes-sport-2	Yes Sport 2 | Yes Sport 2 HD	https://iptvx.one/picons/yes-sport-2.png
yes-sport-3	Yes Sport 3 | Yes Sport 3 HD	https://iptvx.one/picons/yes-sport-3.png
yes-sport-4	Yes Sport 4 | Yes Sport 4 HD	https://iptvx.one/picons/yes-sport-4.png
yes-sport-5	5Sport | 5Sport HD	https://iptvx.one/picons/yes-sport-5.png
yes-sport-5-4k	5Sport 4K	https://iptvx.one/picons/yes-sport-5-4k.png
yes1	Yes 1 | Yes 1 HD | yes Movies Drama | yes Movies Drama HD	https://iptvx.one/picons/yes1.png
yes2	Yes 2 | Yes 2 HD | yes Movies Action | yes Movies Action HD	https://iptvx.one/picons/yes2.png
yes3	Yes 3 | Yes 3 HD | yes Movies Comedy | yes Movies Comedy HD	https://iptvx.one/picons/yes3.png
yes4	Yes 4 | Yes 4 HD | yes Israeli Cinema | yes Israeli Cinema HD | yes Израильское кино | yes Израильское кино HD	https://iptvx.one/picons/yes4.png
yosso-4k	YOSSO TV 4K | YOSSO 4K	https://iptvx.one/picons/yosso-4k.png
yosso-4k-hdr	YOSSO TV 4K HDR	https://iptvx.one/picons/yosso-4k-hdr.png
yosso-adrenalin	YOSSO TV Adrenaline | YOSSO Adrenaline	https://iptvx.one/picons/yosso-adrenalin.png
yosso-adventure	YOSSO TV Adventure | YOSSO Adventure	https://iptvx.one/picons/yosso-adventure.png
yosso-best	YOSSO TV BEST | YOSSO BEST	https://iptvx.one/picons/yosso-best.png
yosso-best60fps	YOSSO TV BEST 60fps | YOSSO BEST 60fps	https://iptvx.one/picons/yosso-best60fps.png
yosso-bestbox60	YOSSO TV BEST Box 60fps	https://iptvx.one/picons/yosso-bestbox60.png
yosso-cowboy	YOSSO TV Ковбойское | YOSSO Ковбойское	https://iptvx.one/picons/yosso-cowboy.png
yosso-disney	YOSSO TV Disney | YOSSO Disney	https://iptvx.one/picons/yosso-disney.png
yosso-food	YOSSO TV Food	https://iptvx.one/picons/yosso-food.png
yosso-grand	YOSSO TV Grand | YOSSO Grand	https://iptvx.one/picons/yosso-grand.png
yosso-kids	YOSSO TV Kids | YOSSO Kids	https://iptvx.one/picons/yosso-kids.png
yosso-melodrama	YOSSO TV Мелодрама | YOSSO Мелодрама	https://iptvx.one/picons/yosso-melodrama.png
yosso-musichits	YOSSO TV Music Hits | YOSSO Music Hits	https://iptvx.one/picons/yosso-musichits.png
yosso-nature	YOSSO TV Nature	https://iptvx.one/picons/yosso-nature.png
yosso-ndetskoe	YOSSO TV Наше детское | YOSSO Наше детское	https://iptvx.one/picons/yosso-ndetskoe.png
yosso-netflix	YOSSO TV Netflix | YOSSO Netflix	https://iptvx.one/picons/yosso-netflix.png
yosso-newkino	YOSSO TV New Кино | YOSSO New Кино	https://iptvx.one/picons/yosso-newkino.png
yosso-oblivion	YOSSO TV Oblivion | YOSSO Oblivion	https://iptvx.one/picons/yosso-oblivion.png
yosso-rusfilm	YOSSO TV Русские фильмы | YOSSO Русские фильмы	https://iptvx.one/picons/yosso-rusfilm.png
yosso-science	YOSSO TV Science	https://iptvx.one/picons/yosso-science.png
yosso-sexy	YOSSO TV SEXY | YOSSO SEXY	https://iptvx.one/picons/yosso-sexy.png
yosso-shanson	YOSSO TV Шансон	https://iptvx.one/picons/yosso-shanson.png
yosso-sovfilm	YOSSO TV Советские фильмы | YOSSO Советские фильмы	https://iptvx.one/picons/yosso-sovfilm.png
yosso-sovfilm4k	YOSSO TV Советские фильмы 4K | YOSSO Советские фильмы 4K	https://iptvx.one/picons/yosso-sovfilm4k.png
yosso-soyuzmult	YOSSO TV Союзмульт | YOSSO Союзмульт	https://iptvx.one/picons/yosso-soyuzmult.png
yosso-thriller	YOSSO TV Thriller | YOSSO Thriller	https://iptvx.one/picons/yosso-thriller.png
yosso-tragic	YOSSO TV Трагичное | YOSSO Трагичное	https://iptvx.one/picons/yosso-tragic.png
yosso-travel	YOSSO TV Travel	https://iptvx.one/picons/yosso-travel.png
yosso-vhs	YOSSO TV VHS | YOSSO VHS	https://iptvx.one/picons/yosso-vhs.png
yosso-zabavno	YOSSO TV Забавное | YOSSO Забавное	https://iptvx.one/picons/yosso-zabavno.png
your-play-c	Your Play!	https://iptvx.one/picons/your-play-c.png
yu	Ю | Ю HD	https://iptvx.one/picons/yu.png
yu-pl2	Ю +2 | Ю (+2)	https://iptvx.one/picons/yu-pl2.png
yu-pl4	Ю +4 | Ю (+4)	https://iptvx.one/picons/yu-pl4.png
yu-pl7	Ю +7 | Ю (+7)	https://iptvx.one/picons/yu-pl7.png
yugra	Югра	https://iptvx.one/picons/yugra.png
yurgan	Юрган	https://iptvx.one/picons/yurgan.png
yuvelirochka	Ювелирочка	https://iptvx.one/picons/yuvelirochka.png
z-action	Z!Action HD	https://iptvx.one/picons/z-action.png
z-adventure	Z!Adventure HD	https://iptvx.one/picons/z-adventure.png
z-biography	Z!Biography HD	https://iptvx.one/picons/z-biography.png
z-channel	Z!Channel HD	https://iptvx.one/picons/z-channel.png
z-comedy	Z!Comedy HD	https://iptvx.one/picons/z-comedy.png
z-crime	Z!Crime HD	https://iptvx.one/picons/z-crime.png
z-detective	Z!Detective HD	https://iptvx.one/picons/z-detective.png
z-drama	Z!Drama HD	https://iptvx.one/picons/z-drama.png
z-family	Z!Family HD	https://iptvx.one/picons/z-family.png
z-fantastic	Z!Fantastic HD	https://iptvx.one/picons/z-fantastic.png
z-fantasy	Z!Fantasy HD	https://iptvx.one/picons/z-fantasy.png
z-fun	Z!Fun HD	https://iptvx.one/picons/z-fun.png
z-history	Z!History HD	https://iptvx.one/picons/z-history.png
z-horror	Z!Horror HD	https://iptvx.one/picons/z-horror.png
z-military	Z!Military HD	https://iptvx.one/picons/z-military.png
z-russian	Z!Russian HD	https://iptvx.one/picons/z-russian.png
z-science	Z!Science HD	https://iptvx.one/picons/z-science.png
z-serial	Z!Serial HD	https://iptvx.one/picons/z-serial.png
z-sitcom	Z!Sitcom HD	https://iptvx.one/picons/z-sitcom.png
z-smile	Z!Smile HD	https://iptvx.one/picons/z-smile.png
z-thriller	Z!Thriller HD	https://iptvx.one/picons/z-thriller.png
z-travel	Z!Travel HD	https://iptvx.one/picons/z-travel.png
zabajkajkalje	РТК Забайкалье	https://iptvx.one/picons/zabajkajkalje.png
zagorodnaya-zhizn	Загородная жизнь	https://iptvx.one/picons/zagorodnaya-zhizn.png
zagorodny	Загородный | Загородный HD	https://iptvx.one/picons/zagorodny.png
zagorodny-int	Загородный International | Загородный Int	https://iptvx.one/picons/zagorodny-int.png
zakon-tv	Закон ТВ | Закон ТВ HD	https://iptvx.one/picons/zakon-tv.png
zal-01-tricolor	Зал 1 (Шерлок Холмс и доктор Ватсон)	https://iptvx.one/picons/zal-01-tricolor.png
zal-02-tricolor	Зал 2 (След)	https://iptvx.one/picons/zal-02-tricolor.png
zal-03-tricolor	Зал 3 (Ментовские войны)	https://iptvx.one/picons/zal-03-tricolor.png
zal-04-tricolor	Зал 4 (Мелодрамы)	https://iptvx.one/picons/zal-04-tricolor.png
zal-05-tricolor	Зал 5 (Мир без границ)	https://iptvx.one/picons/zal-05-tricolor.png
zal-06-tricolor	Зал 6 (Некрасивая подружка)	https://iptvx.one/picons/zal-06-tricolor.png
zal-07-tricolor	Зал 7 (Три богатыря)	https://iptvx.one/picons/zal-07-tricolor.png
zal-08-tricolor	Зал 8 (Деревянные дома)	https://iptvx.one/picons/zal-08-tricolor.png
zal-10-tricolor	Зал 10 (Советские мультфильмы)	https://iptvx.one/picons/zal-10-tricolor.png
zal-11-tricolor	Зал 11 (Смешарики)	https://iptvx.one/picons/zal-11-tricolor.png
zal-12-tricolor	Зал 12 (Комедии)	https://iptvx.one/picons/zal-12-tricolor.png
zal-13-tricolor	Зал 13 (Жизнь в деревне)	https://iptvx.one/picons/zal-13-tricolor.png
zal-14-tricolor	Зал 14 (Сватьи)	https://iptvx.one/picons/zal-14-tricolor.png
zal-15-tricolor	Зал 15 (Опера)	https://iptvx.one/picons/zal-15-tricolor.png
zal-16-tricolor	Зал 16 (Паленшеевы)	https://iptvx.one/picons/zal-16-tricolor.png
zal-17-tricolor	Зал 17 (Боевики HD)	https://iptvx.one/picons/zal-17-tricolor.png
zal-18-tricolor	Зал 18 (Простоквашино)	https://iptvx.one/picons/zal-18-tricolor.png
zal-19-tricolor	Зал 19 (Ужасы HD)	https://iptvx.one/picons/zal-19-tricolor.png
zal-20-tricolor	Зал 20 (Исторический HD)	https://iptvx.one/picons/zal-20-tricolor.png
zal-21-tricolor	Зал 21 (Доктор И)	https://iptvx.one/picons/zal-21-tricolor.png
zal-22-tricolor	Зал 22 (Осторожно, мошенники!)	https://iptvx.one/picons/zal-22-tricolor.png
zal-23-tricolor	Зал 23 (Советские фильмы)	https://iptvx.one/picons/zal-23-tricolor.png
zal-24-tricolor	Зал 24 (По горам - по полям)	https://iptvx.one/picons/zal-24-tricolor.png
zal-25-tricolor	Зал 25 (Семейная кухня)	https://iptvx.one/picons/zal-25-tricolor.png
zal-26-tricolor	Зал 26 (Душевные песни)	https://iptvx.one/picons/zal-26-tricolor.png
zal-27-tricolor	Зал 27 (Улицы разбитых фонарей)	https://iptvx.one/picons/zal-27-tricolor.png
zal-28-tricolor	Зал 28 (Клуб юмора)	https://iptvx.one/picons/zal-28-tricolor.png
zal-29-tricolor	Зал 29 (Леди Бомж)	https://iptvx.one/picons/zal-29-tricolor.png
zal-30-tricolor	Зал 30 (Мажор)	https://iptvx.one/picons/zal-30-tricolor.png
zal-31-tricolor	Зал 31 (Авиакатоастрофы)	https://iptvx.one/picons/zal-31-tricolor.png
zal-32-tricolor	Зал 32 (Бандитский Петербург)	https://iptvx.one/picons/zal-32-tricolor.png
zal-33-tricolor	Зал 33 (Комиссар Рекс)	https://iptvx.one/picons/zal-33-tricolor.png
zal-suda	Зал суда | Зал суда HD	https://iptvx.one/picons/zal-suda.png
zapad-24	Запад 24	https://iptvx.one/picons/zapad-24.png
zarechny	Заречный	https://iptvx.one/picons/zarechny.png
zdf	ZDF | ZDF HD	https://iptvx.one/picons/zdf.png
zdorovoe-tv	Здоровое ТВ	https://iptvx.one/picons/zdorovoe-tv.png
zee-tv	Индия | Zee-TV	https://iptvx.one/picons/zee-tv.png
zhar-ptica	Жар Птица | Жар-Птица	https://iptvx.one/picons/zhar-ptica.png
zhara	Жара | STV | Жара HD	https://iptvx.one/picons/zhara.png
zhetysu	Жетысу	https://iptvx.one/picons/zhetysu.png
zhivaya-planeta	Живая планета | Живая планета HD	https://iptvx.one/picons/zhivaya-planeta.png
zhivaya-priroda	Живая природа | Живая природа HD	https://iptvx.one/picons/zhivaya-priroda.png
zhivi	Живи | Живи HD	https://iptvx.one/picons/zhivi.png
zhivi-aktivno	Живи активно | Живи активно HD	https://iptvx.one/picons/zhivi-aktivno.png
ziggo-sport1-nl	Ziggo Sport 1 [NL] | Ziggo Sport [NL]	https://iptvx.one/picons/ziggo-sport1-nl.png
ziggo-sport2-nl	Ziggo Sport 2 [NL]	https://iptvx.one/picons/ziggo-sport2-nl.png
ziggo-sport3-nl	Ziggo Sport 3 [NL]	https://iptvx.one/picons/ziggo-sport3-nl.png
ziggo-sport4-nl	Ziggo Sport 4 [NL]	https://iptvx.one/picons/ziggo-sport4-nl.png
ziggo-sport5-nl	Ziggo Sport 5 [NL]	https://iptvx.one/picons/ziggo-sport5-nl.png
ziggo-sport6-nl	Ziggo Sport 6 [NL]	https://iptvx.one/picons/ziggo-sport6-nl.png
znajem24	Знаєм 24	https://iptvx.one/picons/znajem24.png
znanie-tv	Знание ТВ	https://iptvx.one/picons/znanie-tv.png
zoom-pl	ZOOM TV [PL]	https://iptvx.one/picons/zoom-pl.png
zoom-ua	Zoom | Zoom Украина	https://iptvx.one/picons/zoom-ua.png
zoopark	ZooПарк | ZooПарк HD	https://iptvx.one/picons/zoopark.png
zoosvit	Зоосвіт	https://iptvx.one/picons/zoosvit.png
zootv	Zoo TV | Зоо ТВ	https://iptvx.one/picons/zootv.png
zvaigzde-lt	Žvaigždė [LT]	https://iptvx.one/picons/zvaigzde-lt.png
zvezda	Звезда | Звезда HD	https://iptvx.one/picons/zvezda.png
zvezda-pl2	Звезда (+2)	https://iptvx.one/picons/zvezda-pl2.png
zvezda-pl4	Звезда (+4)	https://iptvx.one/picons/zvezda-pl4.png
zvezda-pl7	Звезда (+7)	https://iptvx.one/picons/zvezda-pl7.png
zvezda-plus	Звезда Плюс | Звезда+	https://iptvx.one/picons/zvezda-plus.png
zvyazda-by	Звязда | Вектор ТВ Новополоцк	https://iptvx.one/picons/zvyazda-by.png
zwei-music-television-de	Zwei Music Television [DE]	https://iptvx.one/picons/zwei-music-television-de.png
